fixation_id,experiment,fixation_order_number,duration,duration_clipped,source_file_line,source_file_col,token,line_text,match_type,bbox_x1,bbox_y1,bbox_x2,bbox_y2,center_x,center_y
0ef99877-c4f7-44d7-8263-04b38bfebf38,1,12,471.0,471.0,30,36,getWindowsProgramName,    protected String getWindowsProgramName() {,matched,283.2,200,476.4,220,379.79999999999995,210.0
c8d71453-ce6c-427a-ab8c-6a91ca659922,1,13,140.0,140.0,30,40,getWindowsProgramName,    protected String getWindowsProgramName() {,matched,283.2,200,476.4,220,379.79999999999995,210.0
e8536c31-57b0-46ea-9d75-df799758ff19,1,8,156.0,156.0,30,41,getWindowsProgramName,    protected String getWindowsProgramName() {,matched,283.2,200,476.4,220,379.79999999999995,210.0
bff2e4b5-866e-4426-a31b-0e261b5a856f,1,1,129.0,129.0,30,44,(),    protected String getWindowsProgramName() {,matched,476.4,200,494.79999999999995,220,485.59999999999997,210.0
dc0048af-0081-41d0-af4d-8d591e5ae62c,1,16,247.0,247.0,34,33,getUnixProgramName,    protected String getUnixProgramName() {,matched,283.2,280,448.79999999999995,300,366.0,290.0
e6088169-9983-4778-adba-65008582eeb3,1,6,82.0,82.0,34,36,getUnixProgramName,    protected String getUnixProgramName() {,matched,283.2,280,448.79999999999995,300,366.0,290.0
be7eab3e-d725-4876-9d51-0392b698b6bd,1,10,202.0,202.0,38,17,String,    public String getDescription() {,matched,191.2,360,246.39999999999998,380,218.79999999999998,370.0
f84eeb69-5eba-45f6-96f9-f9fc931ad3de,1,2,162.0,162.0,38,18,WHITESPACE,    public String getDescription() {,approx_whitespace,412.0,360,421.2,380,416.6,370.0
ccf742aa-a1b9-45f9-bbf6-2a779053741a,1,19,495.0,495.0,38,23,getDescription,    public String getDescription() {,matched,255.6,360,384.4,380,320.0,370.0
2ac4a801-bcad-4375-b0fb-d895e9037700,1,4,1436.0,1436.0,38,29,getDescription,    public String getDescription() {,matched,255.6,360,384.4,380,320.0,370.0
11f491df-f28f-421b-a497-f62aae8b92f9,1,17,113.0,113.0,38,29,getDescription,    public String getDescription() {,matched,255.6,360,384.4,380,320.0,370.0
827736b7-fb20-4d82-863f-12e1f67f0385,1,3,434.0,434.0,38,32,getDescription,    public String getDescription() {,matched,255.6,360,384.4,380,320.0,370.0
b2924d56-7ea9-46df-bdb7-6a6c4009d59a,1,9,141.0,141.0,38,33,(),    public String getDescription() {,matched,384.4,360,402.79999999999995,380,393.59999999999997,370.0
79789fe1-a723-4f46-a0bc-2cff37f1d743,1,11,444.0,444.0,38,36,{,    public String getDescription() {,matched,412.0,360,421.2,380,416.6,370.0
e01c7776-e3fb-4a6e-9d6f-01b542471d0c,1,15,314.0,314.0,45,34,getDefaultArguments,    public String getDefaultArguments() {,matched,255.6,500,430.4,520,343.0,510.0
756d60a2-e81e-4220-8f6f-2f6df3f71087,1,18,470.0,470.0,53,36,OUTPUT_FORMAT_PDF;,        return TexlipseProperties.OUTPUT_FORMAT_PDF;,matched,402.79999999999995,660,568.4,680,485.59999999999997,670.0
431b60bf-d97c-44cd-aa09-1d16ce06e5c6,2,66,178.0,178.0,21,17,XelatexRunner, public class XelatexRunner extends LatexRunner {,matched,218.79999999999998,20,338.4,40,278.59999999999997,30.0
8c8a95d9-b07e-4f0a-b5d0-d6331add9a3b,2,25,92.0,92.0,21,18,XelatexRunner, public class XelatexRunner extends LatexRunner {,matched,218.79999999999998,20,338.4,40,278.59999999999997,30.0
18f8e840-2b47-4328-b97d-57832c09c9b6,2,49,291.0,291.0,21,19,XelatexRunner, public class XelatexRunner extends LatexRunner {,matched,218.79999999999998,20,338.4,40,278.59999999999997,30.0
e4831c2b-e41d-4068-856d-b544073b2213,2,15,577.0,577.0,21,20,XelatexRunner, public class XelatexRunner extends LatexRunner {,matched,218.79999999999998,20,338.4,40,278.59999999999997,30.0
dc9afd83-1428-4cd1-a1c1-922ba065e256,2,55,594.0,594.0,21,20,XelatexRunner, public class XelatexRunner extends LatexRunner {,matched,218.79999999999998,20,338.4,40,278.59999999999997,30.0
7942d8bb-9ef8-49f6-82ca-906845a10354,2,65,229.0,229.0,21,20,XelatexRunner, public class XelatexRunner extends LatexRunner {,matched,218.79999999999998,20,338.4,40,278.59999999999997,30.0
726fc372-ebad-4ba9-9190-ed1965dd5f50,2,63,122.0,122.0,21,23,XelatexRunner, public class XelatexRunner extends LatexRunner {,matched,218.79999999999998,20,338.4,40,278.59999999999997,30.0
2d9770df-8ee6-48e1-85a6-8e48d16adf17,2,26,93.0,93.0,21,27,XelatexRunner, public class XelatexRunner extends LatexRunner {,matched,218.79999999999998,20,338.4,40,278.59999999999997,30.0
fae94591-5d07-4140-879a-9b9725ca9f40,2,75,339.0,339.0,24,14,WHITESPACE,     * Create a new ProgramRunner.,approx_whitespace,301.6,80,310.79999999999995,100,306.2,90.0
7fb9a853-73da-493d-91ef-01ed6c83781a,2,92,99.0,99.0,24,15,a,     * Create a new ProgramRunner.,matched,182.0,80,191.2,100,186.6,90.0
93410cbe-59ae-492e-995d-0b57bcd4e0ec,2,50,526.0,526.0,24,16,WHITESPACE,     * Create a new ProgramRunner.,approx_whitespace,329.2,80,338.4,100,333.79999999999995,90.0
5c991d93-4f6d-4ed1-a29c-b2280f5c06d9,2,16,344.0,344.0,24,17,new,     * Create a new ProgramRunner.,matched,237.2,80,264.79999999999995,100,250.99999999999997,90.0
6c3669d2-ad19-4821-b2aa-523a8cea7573,2,91,120.0,120.0,24,20,WHITESPACE,     * Create a new ProgramRunner.,approx_whitespace,393.59999999999997,80,402.79999999999995,100,398.19999999999993,90.0
800152b2-395b-493b-aa4e-caa64e613bec,2,17,1911.0,1911.0,26,19,XelatexRunner,    public XelatexRunner() {,matched,191.2,120,310.79999999999995,140,250.99999999999997,130.0
7c3e434c-b982-4281-bfdc-f219da63b010,2,62,114.0,114.0,26,19,XelatexRunner,    public XelatexRunner() {,matched,191.2,120,310.79999999999995,140,250.99999999999997,130.0
8ec539f1-3a51-46ef-b0fe-beb02f4d75ce,2,90,783.0,783.0,26,22,XelatexRunner,    public XelatexRunner() {,matched,191.2,120,310.79999999999995,140,250.99999999999997,130.0
b86a95d6-609b-4d27-8207-67dd0360431d,2,54,421.0,421.0,26,25,(),    public XelatexRunner() {,matched,310.79999999999995,120,329.2,140,320.0,130.0
ebb53ea0-3200-452a-8227-6af1f96c0b83,2,43,564.0,564.0,27,11,super,        super();,matched,163.6,140,209.6,160,186.6,150.0
ece704ad-d58c-4bb0-88fc-d9f3d87b491e,2,51,320.0,320.0,27,12,super,        super();,matched,163.6,140,209.6,160,186.6,150.0
e0301f6f-1b84-4307-b51b-2c3405aa6bd6,2,1,1264.0,1264.0,27,13,super,        super();,matched,163.6,140,209.6,160,186.6,150.0
2289494b-a5ac-4325-bc27-bd3da1dff805,2,57,246.0,246.0,27,13,super,        super();,matched,163.6,140,209.6,160,186.6,150.0
af23025b-e408-4eb3-bcb3-34ff3e7460e2,2,56,126.0,126.0,30,18,String,    protected String getWindowsProgramName() {,matched,218.79999999999998,200,274.0,220,246.39999999999998,210.0
0cd1ef3c-925f-454b-a4bb-0b0ccd2442fc,2,21,422.0,422.0,30,20,String,    protected String getWindowsProgramName() {,matched,218.79999999999998,200,274.0,220,246.39999999999998,210.0
4a72a2e9-eb60-4d00-96e6-d74af60e5037,2,42,370.0,370.0,30,21,WHITESPACE,    protected String getWindowsProgramName() {,approx_whitespace,503.99999999999994,200,513.2,220,508.6,210.0
890f527b-f2bf-4296-8274-b128964b000f,2,87,654.0,654.0,30,21,WHITESPACE,    protected String getWindowsProgramName() {,approx_whitespace,503.99999999999994,200,513.2,220,508.6,210.0
f8020591-2930-4d3c-b170-a41a7965b460,2,44,400.0,400.0,30,22,getWindowsProgramName,    protected String getWindowsProgramName() {,matched,283.2,200,476.4,220,379.79999999999995,210.0
d2f77028-4ab7-4e00-a249-7e91baf26097,2,22,450.0,450.0,30,28,getWindowsProgramName,    protected String getWindowsProgramName() {,matched,283.2,200,476.4,220,379.79999999999995,210.0
833f118e-4187-4482-8389-abc688e3be63,2,18,3207.0,3207.0,30,29,getWindowsProgramName,    protected String getWindowsProgramName() {,matched,283.2,200,476.4,220,379.79999999999995,210.0
48170eef-f8d1-4130-901e-9563e8cd4921,2,14,289.0,289.0,30,30,getWindowsProgramName,    protected String getWindowsProgramName() {,matched,283.2,200,476.4,220,379.79999999999995,210.0
dc504ce4-9a41-41bc-9f31-993db26c26eb,2,23,127.0,127.0,30,31,getWindowsProgramName,    protected String getWindowsProgramName() {,matched,283.2,200,476.4,220,379.79999999999995,210.0
5856c666-3d10-45b7-8ce0-cf66cb8147c1,2,24,244.0,244.0,30,38,getWindowsProgramName,    protected String getWindowsProgramName() {,matched,283.2,200,476.4,220,379.79999999999995,210.0
dcd52092-f5f4-4439-bbdf-ca33d4a703d0,2,20,482.0,482.0,30,41,getWindowsProgramName,    protected String getWindowsProgramName() {,matched,283.2,200,476.4,220,379.79999999999995,210.0
776f8fbf-a16f-4918-a10e-3b0ef1d64c7c,2,99,161.0,161.0,31,11,return,"        return ""xelatex.exe"";",matched,163.6,220,218.79999999999998,240,191.2,230.0
68d31b8c-e183-4c44-97c4-eaf0f92ead6c,2,29,119.0,119.0,31,13,return,"        return ""xelatex.exe"";",matched,163.6,220,218.79999999999998,240,191.2,230.0
f06e048e-6ca8-4aa9-870c-271c7a5458ee,2,2,362.0,362.0,34,13,protected,    protected String getUnixProgramName() {,matched,126.8,280,209.6,300,168.2,290.0
9c20e0d1-545e-4b5c-98f3-06a2947209f9,2,58,234.0,234.0,34,29,getUnixProgramName,    protected String getUnixProgramName() {,matched,283.2,280,448.79999999999995,300,366.0,290.0
205dabf9-a35c-42e5-9271-f69d7266440b,2,93,86.0,86.0,34,35,getUnixProgramName,    protected String getUnixProgramName() {,matched,283.2,280,448.79999999999995,300,366.0,290.0
648e8eba-6aca-4fcb-8a34-c08fa693dc9c,2,95,99.0,99.0,34,35,getUnixProgramName,    protected String getUnixProgramName() {,matched,283.2,280,448.79999999999995,300,366.0,290.0
0ac17d67-ac0e-492c-ba1e-c71b46c19416,2,96,497.0,497.0,38,4,WHITESPACE,    public String getDescription() {,approx_whitespace,412.0,360,421.2,380,416.6,370.0
9225e495-8720-48e2-b155-2dbac059fd56,2,94,257.0,257.0,38,10,public,    public String getDescription() {,matched,126.8,360,182.0,380,154.4,370.0
6a8f756b-e197-42a1-b60a-44d7c058b989,2,78,195.0,195.0,38,14,String,    public String getDescription() {,matched,191.2,360,246.39999999999998,380,218.79999999999998,370.0
55f4b7d1-8ea6-47d6-803a-c4b1f8303f58,2,89,379.0,379.0,38,15,String,    public String getDescription() {,matched,191.2,360,246.39999999999998,380,218.79999999999998,370.0
cfdae5c8-db59-4073-8e49-22b661ed1a2f,2,97,628.0,628.0,38,15,String,    public String getDescription() {,matched,191.2,360,246.39999999999998,380,218.79999999999998,370.0
1bb7c293-4c5b-4abb-8242-c968f8b0abf1,2,74,191.0,191.0,38,20,getDescription,    public String getDescription() {,matched,255.6,360,384.4,380,320.0,370.0
71f5bbec-63ae-4288-8955-a0f6ce1b98d6,2,98,101.0,101.0,39,6,WHITESPACE,"        return ""XeLatex program"";",approx_whitespace,163.6,380,172.8,400,168.2,390.0
41d8c040-a12a-4d87-b001-b2e64132c2b0,2,40,2097.0,2097.0,39,14,return,"        return ""XeLatex program"";",matched,163.6,380,218.79999999999998,400,191.2,390.0
269362d1-34da-48ea-a73e-acc0b0951b1b,2,38,272.0,272.0,39,24,WHITESPACE,"        return ""XeLatex program"";",approx_whitespace,384.4,380,393.59999999999997,400,389.0,390.0
779dc159-f587-435c-80c8-c0f5a5142b23,2,131,493.0,493.0,39,24,WHITESPACE,"        return ""XeLatex program"";",approx_whitespace,384.4,380,393.59999999999997,400,389.0,390.0
93ad6e04-e246-4554-83ed-6b136a6ace86,2,136,176.0,176.0,43,22,WHITESPACE,     * Enable SyncTeX,approx_whitespace,274.0,460,283.2,480,278.6,470.0
b14cc014-c7e4-4dcf-ba70-dbe72591477b,2,149,419.0,419.0,45,8,public,    public String getDefaultArguments() {,matched,126.8,500,182.0,520,154.4,510.0
a5dae543-c538-4e23-a9d8-e9563c2067d4,2,135,157.0,157.0,45,9,public,    public String getDefaultArguments() {,matched,126.8,500,182.0,520,154.4,510.0
88c32b1c-0a52-4fd4-af69-cd74f269e643,2,3,349.0,349.0,45,16,String,    public String getDefaultArguments() {,matched,191.2,500,246.39999999999998,520,218.79999999999998,510.0
662ebac5-c970-4e83-98dd-40ed511b498f,2,13,84.0,84.0,45,34,getDefaultArguments,    public String getDefaultArguments() {,matched,255.6,500,430.4,520,343.0,510.0
ec965dda-6c30-424b-afce-6aa8cbfbad65,2,134,178.0,178.0,46,9,return,"        return ""-synctex=1 ""+super.getDefaultArguments();",matched,163.6,520,218.79999999999998,540,191.2,530.0
30d79753-5e27-4e36-9138-c14a5d24fe55,2,32,645.0,645.0,46,10,return,"        return ""-synctex=1 ""+super.getDefaultArguments();",matched,163.6,520,218.79999999999998,540,191.2,530.0
5a02135f-32d1-4fd1-8dfc-ab3960c41bf4,2,67,114.0,114.0,46,13,return,"        return ""-synctex=1 ""+super.getDefaultArguments();",matched,163.6,520,218.79999999999998,540,191.2,530.0
f792d2d6-59c7-4b99-8128-4067173bf4bc,2,70,418.0,418.0,46,14,return,"        return ""-synctex=1 ""+super.getDefaultArguments();",matched,163.6,520,218.79999999999998,540,191.2,530.0
f06ca3ed-fd6f-4bf9-9d2f-2f335602eeb6,2,71,154.0,154.0,46,15,WHITESPACE,"        return ""-synctex=1 ""+super.getDefaultArguments();",approx_whitespace,605.1999999999999,520,614.4,540,609.8,530.0
537b426e-7aca-4320-8cbe-18a190d96664,2,82,832.0,832.0,46,17,-,"        return ""-synctex=1 ""+super.getDefaultArguments();",matched,237.2,520,246.39999999999998,540,241.79999999999998,530.0
721b3573-8988-4dd7-8ab0-a4df84e79344,2,80,198.0,198.0,46,19,synctex,"        return ""-synctex=1 ""+super.getDefaultArguments();",matched,246.39999999999998,520,310.79999999999995,540,278.59999999999997,530.0
3d704e34-60ef-49ac-8729-f02cd967b7a0,2,69,157.0,157.0,46,20,synctex,"        return ""-synctex=1 ""+super.getDefaultArguments();",matched,246.39999999999998,520,310.79999999999995,540,278.59999999999997,530.0
676c927c-3e8f-44de-95db-3c2cc42af789,2,72,206.0,206.0,46,22,synctex,"        return ""-synctex=1 ""+super.getDefaultArguments();",matched,246.39999999999998,520,310.79999999999995,540,278.59999999999997,530.0
6fe4f8e1-57d3-413b-b7e2-44d2aa81d01b,2,101,690.0,690.0,46,23,synctex,"        return ""-synctex=1 ""+super.getDefaultArguments();",matched,246.39999999999998,520,310.79999999999995,540,278.59999999999997,530.0
4553e538-8863-4509-a682-63c98e6312d4,2,81,237.0,237.0,46,24,synctex,"        return ""-synctex=1 ""+super.getDefaultArguments();",matched,246.39999999999998,520,310.79999999999995,540,278.59999999999997,530.0
716ddc9a-5066-4b38-99ef-099e8a53ff35,2,36,130.0,130.0,46,31,super,"        return ""-synctex=1 ""+super.getDefaultArguments();",matched,356.79999999999995,520,402.79999999999995,540,379.79999999999995,530.0
d914ae07-0e3d-4f3b-bd71-e844fec1f2ae,2,7,123.0,123.0,46,32,super,"        return ""-synctex=1 ""+super.getDefaultArguments();",matched,356.79999999999995,520,402.79999999999995,540,379.79999999999995,530.0
4bd8270c-cd41-44de-a1f0-d0b649aa0ff1,2,68,313.0,313.0,46,32,super,"        return ""-synctex=1 ""+super.getDefaultArguments();",matched,356.79999999999995,520,402.79999999999995,540,379.79999999999995,530.0
f969ff97-0565-47a8-88df-6bb6fb01185a,2,35,278.0,278.0,46,39,getDefaultArguments,"        return ""-synctex=1 ""+super.getDefaultArguments();",matched,412.0,520,586.8,540,499.4,530.0
56da4079-3de4-4223-bad4-06378bbfd284,2,8,261.0,261.0,46,48,getDefaultArguments,"        return ""-synctex=1 ""+super.getDefaultArguments();",matched,412.0,520,586.8,540,499.4,530.0
eff2d501-c286-4da3-9376-b6b54c4ec4f6,2,113,552.0,552.0,50,5,WHITESPACE,     * @return output file format (pdf),approx_whitespace,172.8,600,182.0,620,177.4,610.0
929b170c-4a28-433b-ae5f-367a97f743e8,2,108,369.0,369.0,50,10,@return,     * @return output file format (pdf),matched,154.39999999999998,600,218.79999999999998,620,186.59999999999997,610.0
2827fcb2-040a-4484-8066-bfa778c414c3,2,48,120.0,120.0,50,11,@return,     * @return output file format (pdf),matched,154.39999999999998,600,218.79999999999998,620,186.59999999999997,610.0
792dd0f5-270f-4a2b-adff-ac8054e5e4ab,2,47,713.0,713.0,50,17,output,     * @return output file format (pdf),matched,228.0,600,283.2,620,255.6,610.0
4b0580c1-4fc3-4c23-8200-1fd143dfc279,2,52,325.0,325.0,50,19,output,     * @return output file format (pdf),matched,228.0,600,283.2,620,255.6,610.0
81bef9f1-c909-44cc-b009-c3459d22de82,2,147,301.0,301.0,50,22,WHITESPACE,     * @return output file format (pdf),approx_whitespace,439.59999999999997,600,448.79999999999995,620,444.19999999999993,610.0
8cf5330e-ddb5-4edf-b728-d9648beab171,2,4,276.0,276.0,50,32,format,     * @return output file format (pdf),matched,338.4,600,393.59999999999997,620,366.0,610.0
74496d07-a731-45c9-a696-613791e83712,2,60,195.0,195.0,50,38,(pdf),     * @return output file format (pdf),matched,402.79999999999995,600,448.79999999999995,620,425.79999999999995,610.0
47b89ef3-b4b2-4f6b-b9be-7437dee76433,2,109,295.0,295.0,51,5,WHITESPACE,     */,approx_whitespace,145.2,620,154.39999999999998,640,149.79999999999998,630.0
76940016-a9d2-42e4-bd4f-763e53663708,2,107,1677.0,1677.0,52,9,public,    public String getOutputFormat() {,matched,126.8,640,182.0,660,154.4,650.0
4e4c20b9-cdbf-4cec-9394-a43a094856df,2,112,910.0,910.0,52,9,public,    public String getOutputFormat() {,matched,126.8,640,182.0,660,154.4,650.0
e4f5394c-3006-4de3-8e8a-eeb4feb3388c,2,5,717.0,717.0,52,11,WHITESPACE,    public String getOutputFormat() {,approx_whitespace,421.2,640,430.4,660,425.79999999999995,650.0
cc176371-2c83-4b08-ad9d-f0013eb5588e,2,145,104.0,104.0,52,12,String,    public String getOutputFormat() {,matched,191.2,640,246.39999999999998,660,218.79999999999998,650.0
a2a96cc9-5135-4ab1-895a-539f40cb3585,2,105,629.0,629.0,52,14,String,    public String getOutputFormat() {,matched,191.2,640,246.39999999999998,660,218.79999999999998,650.0
fa0ad82a-aaf1-4525-a2f0-161d7d72c13e,2,138,340.0,340.0,52,17,String,    public String getOutputFormat() {,matched,191.2,640,246.39999999999998,660,218.79999999999998,650.0
ac84a09c-5ba5-4341-a4bd-ae2dd30331bb,2,117,179.0,179.0,52,20,getOutputFormat,    public String getOutputFormat() {,matched,255.6,640,393.59999999999997,660,324.59999999999997,650.0
220e4614-9f22-418a-891e-ee57be7c3db3,2,11,377.0,377.0,52,21,getOutputFormat,    public String getOutputFormat() {,matched,255.6,640,393.59999999999997,660,324.59999999999997,650.0
7aab3870-ac17-42bc-b479-4767c7fcb262,2,61,652.0,652.0,52,21,getOutputFormat,    public String getOutputFormat() {,matched,255.6,640,393.59999999999997,660,324.59999999999997,650.0
82076e8b-89f6-4578-8c4a-b4d6cd2a5452,2,111,246.0,246.0,52,23,getOutputFormat,    public String getOutputFormat() {,matched,255.6,640,393.59999999999997,660,324.59999999999997,650.0
da5db852-35b5-4b61-a08e-913ab9cfc376,2,120,214.0,214.0,52,23,getOutputFormat,    public String getOutputFormat() {,matched,255.6,640,393.59999999999997,660,324.59999999999997,650.0
fa921465-117e-4df9-a808-a9b0559c2c12,2,12,183.0,183.0,52,26,getOutputFormat,    public String getOutputFormat() {,matched,255.6,640,393.59999999999997,660,324.59999999999997,650.0
81422929-cc90-4981-bf01-fe6d204ce001,2,106,351.0,351.0,52,26,getOutputFormat,    public String getOutputFormat() {,matched,255.6,640,393.59999999999997,660,324.59999999999997,650.0
c0e5e260-2247-4a77-b0fd-4b9ded947281,2,46,369.0,369.0,52,28,getOutputFormat,    public String getOutputFormat() {,matched,255.6,640,393.59999999999997,660,324.59999999999997,650.0
ed2df9ac-7d58-4b7d-b4fe-ec09ca916cbf,2,119,132.0,132.0,52,31,getOutputFormat,    public String getOutputFormat() {,matched,255.6,640,393.59999999999997,660,324.59999999999997,650.0
971103ab-228d-43bd-984a-9aff1b40aa29,2,128,431.0,431.0,52,31,getOutputFormat,    public String getOutputFormat() {,matched,255.6,640,393.59999999999997,660,324.59999999999997,650.0
e157c0bf-a4ee-41e1-a6cc-5686a88b26e1,2,9,400.0,400.0,52,34,(),    public String getOutputFormat() {,matched,393.59999999999997,640,412.0,660,402.79999999999995,650.0
1dbf7531-5b4d-4860-a324-7177096bb733,2,118,184.0,184.0,53,16,TexlipseProperties,        return TexlipseProperties.OUTPUT_FORMAT_PDF;,matched,228.0,660,393.59999999999997,680,310.79999999999995,670.0
f14a3cff-0a7a-44d6-91bc-5a2468a9c3d8,2,127,281.0,281.0,53,17,TexlipseProperties,        return TexlipseProperties.OUTPUT_FORMAT_PDF;,matched,228.0,660,393.59999999999997,680,310.79999999999995,670.0
ece8d644-01fc-4255-8e55-69fa332fdd04,2,139,629.0,629.0,53,17,TexlipseProperties,        return TexlipseProperties.OUTPUT_FORMAT_PDF;,matched,228.0,660,393.59999999999997,680,310.79999999999995,670.0
efcce995-4d87-4b2e-9339-0b4a4de26598,2,121,256.0,256.0,53,19,TexlipseProperties,        return TexlipseProperties.OUTPUT_FORMAT_PDF;,matched,228.0,660,393.59999999999997,680,310.79999999999995,670.0
2edcfec7-d827-47ae-ba67-ab88cc493051,2,114,996.0,996.0,53,20,TexlipseProperties,        return TexlipseProperties.OUTPUT_FORMAT_PDF;,matched,228.0,660,393.59999999999997,680,310.79999999999995,670.0
7b3b5335-f216-46e7-b8cd-9041136b163e,2,133,474.0,474.0,53,20,TexlipseProperties,        return TexlipseProperties.OUTPUT_FORMAT_PDF;,matched,228.0,660,393.59999999999997,680,310.79999999999995,670.0
5450c8ba-1d07-4f7b-b07b-e0c208df16e7,2,140,180.0,180.0,53,20,TexlipseProperties,        return TexlipseProperties.OUTPUT_FORMAT_PDF;,matched,228.0,660,393.59999999999997,680,310.79999999999995,670.0
aa3b9f09-8a71-4231-ac97-36dd612cf41f,2,144,477.0,477.0,53,20,TexlipseProperties,        return TexlipseProperties.OUTPUT_FORMAT_PDF;,matched,228.0,660,393.59999999999997,680,310.79999999999995,670.0
9e031751-4c96-4a60-b8ee-2d16f24b417e,2,129,593.0,593.0,53,21,TexlipseProperties,        return TexlipseProperties.OUTPUT_FORMAT_PDF;,matched,228.0,660,393.59999999999997,680,310.79999999999995,670.0
8a1d25bc-9ce9-44b2-bd07-0888b3b5359f,2,6,536.0,536.0,53,22,TexlipseProperties,        return TexlipseProperties.OUTPUT_FORMAT_PDF;,matched,228.0,660,393.59999999999997,680,310.79999999999995,670.0
1efa259c-8454-4ae4-b79c-080c8777d4ad,2,123,214.0,214.0,53,22,TexlipseProperties,        return TexlipseProperties.OUTPUT_FORMAT_PDF;,matched,228.0,660,393.59999999999997,680,310.79999999999995,670.0
3d20fa15-f1f0-4b63-98a8-dda30f771e99,2,103,253.0,253.0,53,23,TexlipseProperties,        return TexlipseProperties.OUTPUT_FORMAT_PDF;,matched,228.0,660,393.59999999999997,680,310.79999999999995,670.0
bfcd7b13-2a34-45d3-b764-cea77763391a,2,53,154.0,154.0,53,25,TexlipseProperties,        return TexlipseProperties.OUTPUT_FORMAT_PDF;,matched,228.0,660,393.59999999999997,680,310.79999999999995,670.0
eb6d35f2-cc47-456b-be70-592c575b1ed3,2,104,142.0,142.0,53,26,TexlipseProperties,        return TexlipseProperties.OUTPUT_FORMAT_PDF;,matched,228.0,660,393.59999999999997,680,310.79999999999995,670.0
7712356d-e98b-4e6e-bf42-15653f5a6306,2,122,186.0,186.0,53,26,TexlipseProperties,        return TexlipseProperties.OUTPUT_FORMAT_PDF;,matched,228.0,660,393.59999999999997,680,310.79999999999995,670.0
f0c3f382-2123-44f7-b83c-5d4f97e70774,2,124,483.0,483.0,53,28,TexlipseProperties,        return TexlipseProperties.OUTPUT_FORMAT_PDF;,matched,228.0,660,393.59999999999997,680,310.79999999999995,670.0
0fe91eb9-f7f1-4216-9988-916916f9bb2c,2,137,268.0,268.0,53,28,TexlipseProperties,        return TexlipseProperties.OUTPUT_FORMAT_PDF;,matched,228.0,660,393.59999999999997,680,310.79999999999995,670.0
8ccd11ed-34bd-4218-b87b-c1256ab11823,2,141,428.0,428.0,53,28,TexlipseProperties,        return TexlipseProperties.OUTPUT_FORMAT_PDF;,matched,228.0,660,393.59999999999997,680,310.79999999999995,670.0
0e72f670-939d-42d2-88ba-64f546ac9365,2,130,164.0,164.0,53,30,TexlipseProperties,        return TexlipseProperties.OUTPUT_FORMAT_PDF;,matched,228.0,660,393.59999999999997,680,310.79999999999995,670.0
79182e48-3c68-4445-8efc-a4ccecbff0dd,2,126,123.0,123.0,53,31,TexlipseProperties,        return TexlipseProperties.OUTPUT_FORMAT_PDF;,matched,228.0,660,393.59999999999997,680,310.79999999999995,670.0
388028a1-d0dc-48bf-8687-b5fd1f7ed84f,2,83,94.0,94.0,53,32,TexlipseProperties,        return TexlipseProperties.OUTPUT_FORMAT_PDF;,matched,228.0,660,393.59999999999997,680,310.79999999999995,670.0
d80de87a-a2e6-4fb4-9c4a-d0550b863b16,2,115,464.0,464.0,53,33,TexlipseProperties,        return TexlipseProperties.OUTPUT_FORMAT_PDF;,matched,228.0,660,393.59999999999997,680,310.79999999999995,670.0
604fab4d-fa33-4d10-929e-adc8ced010b6,2,143,1011.0,1011.0,53,33,TexlipseProperties,        return TexlipseProperties.OUTPUT_FORMAT_PDF;,matched,228.0,660,393.59999999999997,680,310.79999999999995,670.0
e71065c0-28c5-443c-8328-893eb4b5df02,2,102,2499.0,2499.0,53,35,OUTPUT_FORMAT_PDF;,        return TexlipseProperties.OUTPUT_FORMAT_PDF;,matched,402.79999999999995,660,568.4,680,485.59999999999997,670.0
ae166460-1d9c-48d1-9a1f-9f813ee80b63,2,125,159.0,159.0,53,38,OUTPUT_FORMAT_PDF;,        return TexlipseProperties.OUTPUT_FORMAT_PDF;,matched,402.79999999999995,660,568.4,680,485.59999999999997,670.0
9345f0a1-3ad7-4508-bca3-dd7c727f4fec,2,132,153.0,153.0,53,38,OUTPUT_FORMAT_PDF;,        return TexlipseProperties.OUTPUT_FORMAT_PDF;,matched,402.79999999999995,660,568.4,680,485.59999999999997,670.0
8d2f6290-952c-46e3-a9f5-0f5eab67fdfd,2,84,92.0,92.0,53,39,OUTPUT_FORMAT_PDF;,        return TexlipseProperties.OUTPUT_FORMAT_PDF;,matched,402.79999999999995,660,568.4,680,485.59999999999997,670.0
09d04ede-7864-4ed7-b8ee-77b2e68ab559,2,10,109.0,109.0,53,43,OUTPUT_FORMAT_PDF;,        return TexlipseProperties.OUTPUT_FORMAT_PDF;,matched,402.79999999999995,660,568.4,680,485.59999999999997,670.0
dfa7134f-3744-4861-a471-9a2542093fac,2,116,175.0,175.0,53,43,OUTPUT_FORMAT_PDF;,        return TexlipseProperties.OUTPUT_FORMAT_PDF;,matched,402.79999999999995,660,568.4,680,485.59999999999997,670.0
56bfd60c-8536-4b42-8d87-94d5ee2d4b68,3,66,178.0,178.0,21,17,XelatexRunner, public class XelatexRunner extends LatexRunner {,matched,218.79999999999998,20,338.4,40,278.59999999999997,30.0
ecaa0e30-eef2-45da-af84-7fa04406b76c,3,25,92.0,92.0,21,18,XelatexRunner, public class XelatexRunner extends LatexRunner {,matched,218.79999999999998,20,338.4,40,278.59999999999997,30.0
33fe3007-20b1-4e19-ad88-dfb97fe57724,3,49,291.0,291.0,21,19,XelatexRunner, public class XelatexRunner extends LatexRunner {,matched,218.79999999999998,20,338.4,40,278.59999999999997,30.0
19ff4e8c-11db-46b6-abc6-b3ee9ea12ce8,3,15,577.0,577.0,21,20,XelatexRunner, public class XelatexRunner extends LatexRunner {,matched,218.79999999999998,20,338.4,40,278.59999999999997,30.0
bc29d1bc-73db-4ad0-b2f9-eae91fb2e402,3,55,594.0,594.0,21,20,XelatexRunner, public class XelatexRunner extends LatexRunner {,matched,218.79999999999998,20,338.4,40,278.59999999999997,30.0
bddaeac0-a57f-46ea-abaa-8960bb1e43fb,3,65,229.0,229.0,21,20,XelatexRunner, public class XelatexRunner extends LatexRunner {,matched,218.79999999999998,20,338.4,40,278.59999999999997,30.0
c9fbd9e0-2d35-41b6-a530-4a132a20c024,3,63,122.0,122.0,21,23,XelatexRunner, public class XelatexRunner extends LatexRunner {,matched,218.79999999999998,20,338.4,40,278.59999999999997,30.0
0200ca9f-0ff1-4954-a82f-4b127d39e3f8,3,26,93.0,93.0,21,27,XelatexRunner, public class XelatexRunner extends LatexRunner {,matched,218.79999999999998,20,338.4,40,278.59999999999997,30.0
5c83d730-a37b-45d3-8787-9716420a9de8,3,75,339.0,339.0,24,14,WHITESPACE,     * Create a new ProgramRunner.,approx_whitespace,301.6,80,310.79999999999995,100,306.2,90.0
8dcac656-0b01-4a37-936f-9ed081037253,3,92,99.0,99.0,24,15,a,     * Create a new ProgramRunner.,matched,182.0,80,191.2,100,186.6,90.0
7adbcecc-3134-43ea-9f89-ba01e7a59e94,3,50,526.0,526.0,24,16,WHITESPACE,     * Create a new ProgramRunner.,approx_whitespace,329.2,80,338.4,100,333.79999999999995,90.0
b0957b52-201c-4526-96fd-261b43aaa91d,3,16,344.0,344.0,24,17,new,     * Create a new ProgramRunner.,matched,237.2,80,264.79999999999995,100,250.99999999999997,90.0
66209ce2-4088-4bc7-a079-b856d3c74c9a,3,91,120.0,120.0,24,20,WHITESPACE,     * Create a new ProgramRunner.,approx_whitespace,393.59999999999997,80,402.79999999999995,100,398.19999999999993,90.0
49a8bc1d-240b-4391-9121-6b483be0ebb3,3,17,1911.0,1911.0,26,19,XelatexRunner,    public XelatexRunner() {,matched,191.2,120,310.79999999999995,140,250.99999999999997,130.0
56954994-0a76-417a-9168-17aed3c7e900,3,62,114.0,114.0,26,19,XelatexRunner,    public XelatexRunner() {,matched,191.2,120,310.79999999999995,140,250.99999999999997,130.0
6c37a4e4-f385-4aed-a1ce-4ceb74799256,3,90,783.0,783.0,26,22,XelatexRunner,    public XelatexRunner() {,matched,191.2,120,310.79999999999995,140,250.99999999999997,130.0
aad9d2d4-0d3e-45e6-8339-6f3fbf221bf2,3,54,421.0,421.0,26,25,(),    public XelatexRunner() {,matched,310.79999999999995,120,329.2,140,320.0,130.0
7baaac6b-b221-4a18-98b4-8744f62f2728,3,43,564.0,564.0,27,11,super,        super();,matched,163.6,140,209.6,160,186.6,150.0
f1bdab75-daac-41f8-9aa3-dac929a66029,3,51,320.0,320.0,27,12,super,        super();,matched,163.6,140,209.6,160,186.6,150.0
abf1e715-b2d4-4df2-ac91-686d60034cb7,3,1,1264.0,1264.0,27,13,super,        super();,matched,163.6,140,209.6,160,186.6,150.0
a0aaf182-53e8-4acb-96dd-ed450c232286,3,57,246.0,246.0,27,13,super,        super();,matched,163.6,140,209.6,160,186.6,150.0
2bc3263f-bc00-4eaf-a225-95dc5a9e5ca3,3,56,126.0,126.0,30,18,String,    protected String getWindowsProgramName() {,matched,218.79999999999998,200,274.0,220,246.39999999999998,210.0
bd98ecc3-f8ec-479d-8ea3-6942a5a4142c,3,21,422.0,422.0,30,20,String,    protected String getWindowsProgramName() {,matched,218.79999999999998,200,274.0,220,246.39999999999998,210.0
ecd3e67b-7248-444a-8f49-a25cfa5518eb,3,42,370.0,370.0,30,21,WHITESPACE,    protected String getWindowsProgramName() {,approx_whitespace,503.99999999999994,200,513.2,220,508.6,210.0
a931d7ef-314f-4935-bd30-5dcb9a7b2579,3,87,654.0,654.0,30,21,WHITESPACE,    protected String getWindowsProgramName() {,approx_whitespace,503.99999999999994,200,513.2,220,508.6,210.0
5002d34d-8112-4713-bd04-cf5ee76bcd14,3,44,400.0,400.0,30,22,getWindowsProgramName,    protected String getWindowsProgramName() {,matched,283.2,200,476.4,220,379.79999999999995,210.0
9038aef1-a0bc-4517-90ba-bf20104c10fd,3,22,450.0,450.0,30,28,getWindowsProgramName,    protected String getWindowsProgramName() {,matched,283.2,200,476.4,220,379.79999999999995,210.0
b6ef5455-bdfc-46ca-a863-f9fce6d66c74,3,18,3207.0,3207.0,30,29,getWindowsProgramName,    protected String getWindowsProgramName() {,matched,283.2,200,476.4,220,379.79999999999995,210.0
164f4b80-d3ce-4c95-8a19-d56dcc00ce22,3,14,289.0,289.0,30,30,getWindowsProgramName,    protected String getWindowsProgramName() {,matched,283.2,200,476.4,220,379.79999999999995,210.0
6f896518-8bb6-439d-ae27-565ca272941b,3,23,127.0,127.0,30,31,getWindowsProgramName,    protected String getWindowsProgramName() {,matched,283.2,200,476.4,220,379.79999999999995,210.0
591608f0-dd0a-4a86-84e9-3d76f1f01f9e,3,24,244.0,244.0,30,38,getWindowsProgramName,    protected String getWindowsProgramName() {,matched,283.2,200,476.4,220,379.79999999999995,210.0
fc127554-90c6-4e48-a579-ba423f6f9c7d,3,20,482.0,482.0,30,41,getWindowsProgramName,    protected String getWindowsProgramName() {,matched,283.2,200,476.4,220,379.79999999999995,210.0
03a35d42-54d0-4d1a-be04-8be70c4e8c44,3,99,161.0,161.0,31,11,return,"        return ""xelatex.exe"";",matched,163.6,220,218.79999999999998,240,191.2,230.0
c4f88642-f3df-42a9-8d17-434b415dc86d,3,29,119.0,119.0,31,13,return,"        return ""xelatex.exe"";",matched,163.6,220,218.79999999999998,240,191.2,230.0
240e34d2-bae2-4807-b262-420ae711577b,3,2,362.0,362.0,34,13,protected,    protected String getUnixProgramName() {,matched,126.8,280,209.6,300,168.2,290.0
c37bd740-2e13-46a2-8daa-b055c417319a,3,58,234.0,234.0,34,29,getUnixProgramName,    protected String getUnixProgramName() {,matched,283.2,280,448.79999999999995,300,366.0,290.0
a18bbc33-f4dd-4ea6-91f9-92fdb5d8591e,3,93,86.0,86.0,34,35,getUnixProgramName,    protected String getUnixProgramName() {,matched,283.2,280,448.79999999999995,300,366.0,290.0
74b39e92-e1ae-47bb-a118-be73cd5f9586,3,95,99.0,99.0,34,35,getUnixProgramName,    protected String getUnixProgramName() {,matched,283.2,280,448.79999999999995,300,366.0,290.0
239a33ac-e647-4efb-9ce7-94dafb9d6342,3,96,497.0,497.0,38,4,WHITESPACE,    public String getDescription() {,approx_whitespace,412.0,360,421.2,380,416.6,370.0
8a453828-9fa7-4610-96d8-5223252b4640,3,94,257.0,257.0,38,10,public,    public String getDescription() {,matched,126.8,360,182.0,380,154.4,370.0
04ef2bc2-fdde-416e-abac-c1e20cc14b57,3,78,195.0,195.0,38,14,String,    public String getDescription() {,matched,191.2,360,246.39999999999998,380,218.79999999999998,370.0
97e0672a-9d57-4377-a2e3-19be22702cc4,3,89,379.0,379.0,38,15,String,    public String getDescription() {,matched,191.2,360,246.39999999999998,380,218.79999999999998,370.0
dc00fdce-f460-4d83-80b2-12dbf5e2215d,3,97,628.0,628.0,38,15,String,    public String getDescription() {,matched,191.2,360,246.39999999999998,380,218.79999999999998,370.0
d3036d87-f1e5-48b1-bd59-758c53ce2f38,3,74,191.0,191.0,38,20,getDescription,    public String getDescription() {,matched,255.6,360,384.4,380,320.0,370.0
38782559-1b7f-4d21-8d5e-94d8dfe17383,3,98,101.0,101.0,39,6,WHITESPACE,"        return ""XeLatex program"";",approx_whitespace,163.6,380,172.8,400,168.2,390.0
24e1d50e-f990-47d2-b19b-43ea019b7736,3,40,2097.0,2097.0,39,14,return,"        return ""XeLatex program"";",matched,163.6,380,218.79999999999998,400,191.2,390.0
895d1f45-fa73-4700-a042-a3a6571326f9,3,38,272.0,272.0,39,24,WHITESPACE,"        return ""XeLatex program"";",approx_whitespace,384.4,380,393.59999999999997,400,389.0,390.0
708fb986-a738-476f-80c3-35c64e6890f9,3,131,493.0,493.0,39,24,WHITESPACE,"        return ""XeLatex program"";",approx_whitespace,384.4,380,393.59999999999997,400,389.0,390.0
a30652fa-8b31-4a2c-81e0-e5a3b143bfbb,3,136,176.0,176.0,43,22,WHITESPACE,     * Enable SyncTeX,approx_whitespace,274.0,460,283.2,480,278.6,470.0
18a5aa76-368b-49dd-954e-d0276c2c644e,3,149,419.0,419.0,45,8,public,    public String getDefaultArguments() {,matched,126.8,500,182.0,520,154.4,510.0
f19627c8-e7a3-4cdd-a82c-58547d896eb5,3,135,157.0,157.0,45,9,public,    public String getDefaultArguments() {,matched,126.8,500,182.0,520,154.4,510.0
2b31d1d6-35bb-4132-b6bf-89804e6773dd,3,3,349.0,349.0,45,16,String,    public String getDefaultArguments() {,matched,191.2,500,246.39999999999998,520,218.79999999999998,510.0
053bf9c4-3b63-464c-b39e-9e4b1f336708,3,13,84.0,84.0,45,34,getDefaultArguments,    public String getDefaultArguments() {,matched,255.6,500,430.4,520,343.0,510.0
51486368-69c6-45f6-bc83-c791dee96947,3,134,178.0,178.0,46,9,return,"        return ""-synctex=1 ""+super.getDefaultArguments();",matched,163.6,520,218.79999999999998,540,191.2,530.0
398267be-6cf9-45da-86ba-de0530261ada,3,32,645.0,645.0,46,10,return,"        return ""-synctex=1 ""+super.getDefaultArguments();",matched,163.6,520,218.79999999999998,540,191.2,530.0
7e89031c-4156-4205-bee6-ef8ee498112a,3,67,114.0,114.0,46,13,return,"        return ""-synctex=1 ""+super.getDefaultArguments();",matched,163.6,520,218.79999999999998,540,191.2,530.0
a8c76fe7-d977-4a32-8a14-f7f1349d56db,3,70,418.0,418.0,46,14,return,"        return ""-synctex=1 ""+super.getDefaultArguments();",matched,163.6,520,218.79999999999998,540,191.2,530.0
14772971-648c-4163-b771-0ed3cca42b30,3,71,154.0,154.0,46,15,WHITESPACE,"        return ""-synctex=1 ""+super.getDefaultArguments();",approx_whitespace,605.1999999999999,520,614.4,540,609.8,530.0
8c07107f-ddaf-4b9c-8b63-455fa4f5cb4c,3,82,832.0,832.0,46,17,-,"        return ""-synctex=1 ""+super.getDefaultArguments();",matched,237.2,520,246.39999999999998,540,241.79999999999998,530.0
a4e5e791-c50e-4bcc-9277-346bee3d60d4,3,80,198.0,198.0,46,19,synctex,"        return ""-synctex=1 ""+super.getDefaultArguments();",matched,246.39999999999998,520,310.79999999999995,540,278.59999999999997,530.0
b3a5344c-5652-4454-9c12-359500668967,3,69,157.0,157.0,46,20,synctex,"        return ""-synctex=1 ""+super.getDefaultArguments();",matched,246.39999999999998,520,310.79999999999995,540,278.59999999999997,530.0
2981e116-5fc1-44b3-87ac-c990cd6a49de,3,72,206.0,206.0,46,22,synctex,"        return ""-synctex=1 ""+super.getDefaultArguments();",matched,246.39999999999998,520,310.79999999999995,540,278.59999999999997,530.0
19859fc8-7a08-4319-98f4-cb2db6d2ca02,3,101,690.0,690.0,46,23,synctex,"        return ""-synctex=1 ""+super.getDefaultArguments();",matched,246.39999999999998,520,310.79999999999995,540,278.59999999999997,530.0
dd7ce4d3-7485-41f6-a75d-e5a653aa4e10,3,81,237.0,237.0,46,24,synctex,"        return ""-synctex=1 ""+super.getDefaultArguments();",matched,246.39999999999998,520,310.79999999999995,540,278.59999999999997,530.0
a00ab813-bbb0-49af-b5dd-345cd9cfe02a,3,36,130.0,130.0,46,31,super,"        return ""-synctex=1 ""+super.getDefaultArguments();",matched,356.79999999999995,520,402.79999999999995,540,379.79999999999995,530.0
11ece5fc-fbc4-4772-825c-e6bb062c6e84,3,7,123.0,123.0,46,32,super,"        return ""-synctex=1 ""+super.getDefaultArguments();",matched,356.79999999999995,520,402.79999999999995,540,379.79999999999995,530.0
4c09cb56-cda5-4d72-b4ae-f3352dc3ed0f,3,68,313.0,313.0,46,32,super,"        return ""-synctex=1 ""+super.getDefaultArguments();",matched,356.79999999999995,520,402.79999999999995,540,379.79999999999995,530.0
976b1939-f047-480b-8d5f-595958c60a58,3,35,278.0,278.0,46,39,getDefaultArguments,"        return ""-synctex=1 ""+super.getDefaultArguments();",matched,412.0,520,586.8,540,499.4,530.0
1092ccb2-d00c-4669-84da-484437da1383,3,8,261.0,261.0,46,48,getDefaultArguments,"        return ""-synctex=1 ""+super.getDefaultArguments();",matched,412.0,520,586.8,540,499.4,530.0
06558bc2-b26f-4a50-bc55-f9676672c873,3,113,552.0,552.0,50,5,WHITESPACE,     * @return output file format (pdf),approx_whitespace,172.8,600,182.0,620,177.4,610.0
20b0d47a-74f7-46e4-a65e-590f38d37e7b,3,108,369.0,369.0,50,10,@return,     * @return output file format (pdf),matched,154.39999999999998,600,218.79999999999998,620,186.59999999999997,610.0
f5270fa8-8789-40b8-961f-aa95805ab220,3,48,120.0,120.0,50,11,@return,     * @return output file format (pdf),matched,154.39999999999998,600,218.79999999999998,620,186.59999999999997,610.0
4a0a61c1-4b92-46b3-9b8e-bdf9fcb0adf4,3,47,713.0,713.0,50,17,output,     * @return output file format (pdf),matched,228.0,600,283.2,620,255.6,610.0
3d67c0f6-96fa-4476-afa1-300914770fa0,3,52,325.0,325.0,50,19,output,     * @return output file format (pdf),matched,228.0,600,283.2,620,255.6,610.0
f043b168-c066-4052-bae1-7cfa90d9bbe1,3,147,301.0,301.0,50,22,WHITESPACE,     * @return output file format (pdf),approx_whitespace,439.59999999999997,600,448.79999999999995,620,444.19999999999993,610.0
edd0f158-fbff-4aec-bbdd-b77440187ffa,3,4,276.0,276.0,50,32,format,     * @return output file format (pdf),matched,338.4,600,393.59999999999997,620,366.0,610.0
566a2c11-3f03-4d72-b6ec-636592ba9001,3,60,195.0,195.0,50,38,(pdf),     * @return output file format (pdf),matched,402.79999999999995,600,448.79999999999995,620,425.79999999999995,610.0
846ab01c-aa15-4e99-bc0f-0aab930d8968,3,109,295.0,295.0,51,5,WHITESPACE,     */,approx_whitespace,145.2,620,154.39999999999998,640,149.79999999999998,630.0
38512e64-68f6-4664-b95e-f6245b4b763f,3,107,1677.0,1677.0,52,9,public,    public String getOutputFormat() {,matched,126.8,640,182.0,660,154.4,650.0
b7c4a2e6-451a-4969-884b-f3773705cb15,3,112,910.0,910.0,52,9,public,    public String getOutputFormat() {,matched,126.8,640,182.0,660,154.4,650.0
e7250a09-a718-4ffb-96ff-566cad5a3d33,3,5,717.0,717.0,52,11,WHITESPACE,    public String getOutputFormat() {,approx_whitespace,421.2,640,430.4,660,425.79999999999995,650.0
1ce64e59-518e-404b-aa3e-d4ee565185c5,3,145,104.0,104.0,52,12,String,    public String getOutputFormat() {,matched,191.2,640,246.39999999999998,660,218.79999999999998,650.0
74e97d25-12d9-4dcc-bd20-2febc641c8f1,3,105,629.0,629.0,52,14,String,    public String getOutputFormat() {,matched,191.2,640,246.39999999999998,660,218.79999999999998,650.0
ad22e694-a10f-4ae6-98ef-b4b1fafcd5f2,3,138,340.0,340.0,52,17,String,    public String getOutputFormat() {,matched,191.2,640,246.39999999999998,660,218.79999999999998,650.0
34e12eaf-7966-4b7f-866d-c41f1aa8ae90,3,117,179.0,179.0,52,20,getOutputFormat,    public String getOutputFormat() {,matched,255.6,640,393.59999999999997,660,324.59999999999997,650.0
cc6938aa-061e-434d-8cf5-76fdfd43d60b,3,11,377.0,377.0,52,21,getOutputFormat,    public String getOutputFormat() {,matched,255.6,640,393.59999999999997,660,324.59999999999997,650.0
46f0ec5b-429f-405f-8d36-7a264f15d064,3,61,652.0,652.0,52,21,getOutputFormat,    public String getOutputFormat() {,matched,255.6,640,393.59999999999997,660,324.59999999999997,650.0
a7ab9b80-a904-4edd-bc9b-a50a95de3a55,3,111,246.0,246.0,52,23,getOutputFormat,    public String getOutputFormat() {,matched,255.6,640,393.59999999999997,660,324.59999999999997,650.0
81d1af22-b207-46a3-a077-8b92dafdbc76,3,120,214.0,214.0,52,23,getOutputFormat,    public String getOutputFormat() {,matched,255.6,640,393.59999999999997,660,324.59999999999997,650.0
886cf6d9-c5bf-406c-8a3e-e87624d05516,3,12,183.0,183.0,52,26,getOutputFormat,    public String getOutputFormat() {,matched,255.6,640,393.59999999999997,660,324.59999999999997,650.0
285a82fb-5e28-4872-b9c7-15e9cb7d2502,3,106,351.0,351.0,52,26,getOutputFormat,    public String getOutputFormat() {,matched,255.6,640,393.59999999999997,660,324.59999999999997,650.0
2d8f06df-9f85-420c-bbcc-019af791202d,3,46,369.0,369.0,52,28,getOutputFormat,    public String getOutputFormat() {,matched,255.6,640,393.59999999999997,660,324.59999999999997,650.0
4762a625-61e5-45fd-9f53-4d9de5d99d95,3,119,132.0,132.0,52,31,getOutputFormat,    public String getOutputFormat() {,matched,255.6,640,393.59999999999997,660,324.59999999999997,650.0
e4463f5a-d833-411f-83ce-db1ed9771966,3,128,431.0,431.0,52,31,getOutputFormat,    public String getOutputFormat() {,matched,255.6,640,393.59999999999997,660,324.59999999999997,650.0
276c1e8f-9cd2-4011-a8dd-a3284d257945,3,9,400.0,400.0,52,34,(),    public String getOutputFormat() {,matched,393.59999999999997,640,412.0,660,402.79999999999995,650.0
4f71e777-ad24-4e5d-bb27-19ce0c56a1f7,3,118,184.0,184.0,53,16,TexlipseProperties,        return TexlipseProperties.OUTPUT_FORMAT_PDF;,matched,228.0,660,393.59999999999997,680,310.79999999999995,670.0
35459a6b-d1ff-4b5a-ab6e-df83feb3938a,3,127,281.0,281.0,53,17,TexlipseProperties,        return TexlipseProperties.OUTPUT_FORMAT_PDF;,matched,228.0,660,393.59999999999997,680,310.79999999999995,670.0
22ef8a62-9d56-4cbc-bcc0-8fbfba80ddfd,3,139,629.0,629.0,53,17,TexlipseProperties,        return TexlipseProperties.OUTPUT_FORMAT_PDF;,matched,228.0,660,393.59999999999997,680,310.79999999999995,670.0
7ad23d0f-796a-4de0-be00-0cd361f2c9cb,3,121,256.0,256.0,53,19,TexlipseProperties,        return TexlipseProperties.OUTPUT_FORMAT_PDF;,matched,228.0,660,393.59999999999997,680,310.79999999999995,670.0
49e92499-8375-42e8-a766-1ae2e6aec30b,3,114,996.0,996.0,53,20,TexlipseProperties,        return TexlipseProperties.OUTPUT_FORMAT_PDF;,matched,228.0,660,393.59999999999997,680,310.79999999999995,670.0
3aad6032-91e8-44c3-8be1-162793cbf0fd,3,133,474.0,474.0,53,20,TexlipseProperties,        return TexlipseProperties.OUTPUT_FORMAT_PDF;,matched,228.0,660,393.59999999999997,680,310.79999999999995,670.0
9d7f27bc-50f4-44d5-8bf7-26105b46ad70,3,140,180.0,180.0,53,20,TexlipseProperties,        return TexlipseProperties.OUTPUT_FORMAT_PDF;,matched,228.0,660,393.59999999999997,680,310.79999999999995,670.0
0332f84e-99fa-4685-b7f2-f2bcaf13d01d,3,144,477.0,477.0,53,20,TexlipseProperties,        return TexlipseProperties.OUTPUT_FORMAT_PDF;,matched,228.0,660,393.59999999999997,680,310.79999999999995,670.0
cdf7b9e8-0862-4d06-bfc4-5dac9cc16725,3,129,593.0,593.0,53,21,TexlipseProperties,        return TexlipseProperties.OUTPUT_FORMAT_PDF;,matched,228.0,660,393.59999999999997,680,310.79999999999995,670.0
0d5a8a9c-05a1-41fc-a2cf-2d241357e854,3,6,536.0,536.0,53,22,TexlipseProperties,        return TexlipseProperties.OUTPUT_FORMAT_PDF;,matched,228.0,660,393.59999999999997,680,310.79999999999995,670.0
32ad77d3-9f51-436b-81d8-fef7e9e694d2,3,123,214.0,214.0,53,22,TexlipseProperties,        return TexlipseProperties.OUTPUT_FORMAT_PDF;,matched,228.0,660,393.59999999999997,680,310.79999999999995,670.0
cb01a38d-3c96-4c61-89ed-31065465116a,3,103,253.0,253.0,53,23,TexlipseProperties,        return TexlipseProperties.OUTPUT_FORMAT_PDF;,matched,228.0,660,393.59999999999997,680,310.79999999999995,670.0
a389974d-6490-4831-97f2-dbefdfbb1fc0,3,53,154.0,154.0,53,25,TexlipseProperties,        return TexlipseProperties.OUTPUT_FORMAT_PDF;,matched,228.0,660,393.59999999999997,680,310.79999999999995,670.0
e598735a-ba54-44fd-9612-e6b74e07829b,3,104,142.0,142.0,53,26,TexlipseProperties,        return TexlipseProperties.OUTPUT_FORMAT_PDF;,matched,228.0,660,393.59999999999997,680,310.79999999999995,670.0
67e72ee4-2ec6-4a80-ac50-cf333438d1f9,3,122,186.0,186.0,53,26,TexlipseProperties,        return TexlipseProperties.OUTPUT_FORMAT_PDF;,matched,228.0,660,393.59999999999997,680,310.79999999999995,670.0
e511c1f2-2d2f-4606-8b7f-9ba62aa8d6f2,3,124,483.0,483.0,53,28,TexlipseProperties,        return TexlipseProperties.OUTPUT_FORMAT_PDF;,matched,228.0,660,393.59999999999997,680,310.79999999999995,670.0
d2e49a3f-561a-4c19-b75a-223dba4186fa,3,137,268.0,268.0,53,28,TexlipseProperties,        return TexlipseProperties.OUTPUT_FORMAT_PDF;,matched,228.0,660,393.59999999999997,680,310.79999999999995,670.0
e64608fe-b03f-4bbf-a688-26fa99f51dc4,3,141,428.0,428.0,53,28,TexlipseProperties,        return TexlipseProperties.OUTPUT_FORMAT_PDF;,matched,228.0,660,393.59999999999997,680,310.79999999999995,670.0
bf4a607c-20ad-4c0b-ac61-04996ac51540,3,130,164.0,164.0,53,30,TexlipseProperties,        return TexlipseProperties.OUTPUT_FORMAT_PDF;,matched,228.0,660,393.59999999999997,680,310.79999999999995,670.0
32af2ae2-8359-4d05-be38-aa6691c794ab,3,126,123.0,123.0,53,31,TexlipseProperties,        return TexlipseProperties.OUTPUT_FORMAT_PDF;,matched,228.0,660,393.59999999999997,680,310.79999999999995,670.0
80306f14-a709-4757-beb6-6272a2332182,3,83,94.0,94.0,53,32,TexlipseProperties,        return TexlipseProperties.OUTPUT_FORMAT_PDF;,matched,228.0,660,393.59999999999997,680,310.79999999999995,670.0
092ca4cf-a493-4ebe-95bf-c08c6ca0d459,3,115,464.0,464.0,53,33,TexlipseProperties,        return TexlipseProperties.OUTPUT_FORMAT_PDF;,matched,228.0,660,393.59999999999997,680,310.79999999999995,670.0
51fe908d-fae9-4a25-b6d6-eb190a1af977,3,143,1011.0,1011.0,53,33,TexlipseProperties,        return TexlipseProperties.OUTPUT_FORMAT_PDF;,matched,228.0,660,393.59999999999997,680,310.79999999999995,670.0
0ed8515e-de73-45c2-8154-108794de5d4d,3,102,2499.0,2499.0,53,35,OUTPUT_FORMAT_PDF;,        return TexlipseProperties.OUTPUT_FORMAT_PDF;,matched,402.79999999999995,660,568.4,680,485.59999999999997,670.0
9723511c-9d0f-4fee-ad97-dceb2619997a,3,125,159.0,159.0,53,38,OUTPUT_FORMAT_PDF;,        return TexlipseProperties.OUTPUT_FORMAT_PDF;,matched,402.79999999999995,660,568.4,680,485.59999999999997,670.0
5b619c29-0097-4917-87b1-3ea73ee39857,3,132,153.0,153.0,53,38,OUTPUT_FORMAT_PDF;,        return TexlipseProperties.OUTPUT_FORMAT_PDF;,matched,402.79999999999995,660,568.4,680,485.59999999999997,670.0
7fd1a224-e03f-4d48-b8b8-431260a547e1,3,84,92.0,92.0,53,39,OUTPUT_FORMAT_PDF;,        return TexlipseProperties.OUTPUT_FORMAT_PDF;,matched,402.79999999999995,660,568.4,680,485.59999999999997,670.0
6d6a0866-ea71-46f3-8323-2cd49044db98,3,10,109.0,109.0,53,43,OUTPUT_FORMAT_PDF;,        return TexlipseProperties.OUTPUT_FORMAT_PDF;,matched,402.79999999999995,660,568.4,680,485.59999999999997,670.0
a26d8176-058a-4a31-8791-ef69c6399c9e,3,116,175.0,175.0,53,43,OUTPUT_FORMAT_PDF;,        return TexlipseProperties.OUTPUT_FORMAT_PDF;,matched,402.79999999999995,660,568.4,680,485.59999999999997,670.0
3addf9d6-4a62-4299-8723-fcbb85ca1fec,4,75,915.0,915.0,21,5,public, public class XelatexRunner extends LatexRunner {,matched,99.2,20,154.39999999999998,40,126.79999999999998,30.0
9fb5d747-a685-4a9d-8549-635e926bd210,4,5,167.0,167.0,21,7,public, public class XelatexRunner extends LatexRunner {,matched,99.2,20,154.39999999999998,40,126.79999999999998,30.0
aee57a40-eb61-48b3-9f86-1b936e7bd456,4,21,104.0,104.0,21,13,class, public class XelatexRunner extends LatexRunner {,matched,163.6,20,209.6,40,186.6,30.0
a7efd0df-d5b6-4b4a-9c6d-f65ff14a6965,4,76,1195.0,1195.0,21,13,class, public class XelatexRunner extends LatexRunner {,matched,163.6,20,209.6,40,186.6,30.0
b3a03481-02be-4698-8964-ae6471ebc8a0,4,39,129.0,129.0,21,16,XelatexRunner, public class XelatexRunner extends LatexRunner {,matched,218.79999999999998,20,338.4,40,278.59999999999997,30.0
502b6952-8d71-44fc-85e4-6d8dfe50042e,4,2,126.0,126.0,21,17,XelatexRunner, public class XelatexRunner extends LatexRunner {,matched,218.79999999999998,20,338.4,40,278.59999999999997,30.0
e1a820bf-b189-43ee-bfb7-e5a2a5b07761,4,72,117.0,117.0,21,29,extends, public class XelatexRunner extends LatexRunner {,matched,347.59999999999997,20,412.0,40,379.79999999999995,30.0
28409b7d-a5ea-4a42-ac19-4037768cd652,4,91,89.0,89.0,21,32,extends, public class XelatexRunner extends LatexRunner {,matched,347.59999999999997,20,412.0,40,379.79999999999995,30.0
b73d9e21-c28e-4f61-bd63-59240544546b,4,6,130.0,130.0,21,36,WHITESPACE, public class XelatexRunner extends LatexRunner {,approx_whitespace,531.5999999999999,20,540.8,40,536.1999999999999,30.0
ac25af40-932c-441f-98b4-c413742452cf,4,73,290.0,290.0,21,40,LatexRunner, public class XelatexRunner extends LatexRunner {,matched,237.2,20,338.4,40,287.79999999999995,30.0
8539314f-9c4b-41df-b3db-e052c1aed3c1,4,161,156.0,156.0,21,40,LatexRunner, public class XelatexRunner extends LatexRunner {,matched,237.2,20,338.4,40,287.79999999999995,30.0
20d134f7-b2dc-408c-9ace-bdfcd8e6a869,4,167,80.0,80.0,21,42,LatexRunner, public class XelatexRunner extends LatexRunner {,matched,237.2,20,338.4,40,287.79999999999995,30.0
946b123c-952d-4526-b777-434ea867fc0f,4,94,202.0,202.0,21,43,LatexRunner, public class XelatexRunner extends LatexRunner {,matched,421.2,20,522.4,40,471.79999999999995,30.0
c886805e-81c9-4a01-a9ba-5f7a5bf20998,4,40,320.0,320.0,24,14,WHITESPACE,     * Create a new ProgramRunner.,approx_whitespace,393.59999999999997,80,402.79999999999995,100,398.19999999999993,90.0
4a4e4aae-857d-411b-8073-23f2c83a98ca,4,74,140.0,140.0,24,17,new,     * Create a new ProgramRunner.,matched,237.2,80,264.79999999999995,100,250.99999999999997,90.0
339e17f4-6779-4c83-a65d-ea1176d0c294,4,71,405.0,405.0,24,19,new,     * Create a new ProgramRunner.,matched,237.2,80,264.79999999999995,100,250.99999999999997,90.0
fd2b7afe-778f-4f4b-bce0-e81803abd46c,4,3,87.0,87.0,26,8,public,    public XelatexRunner() {,matched,126.8,120,182.0,140,154.4,130.0
70709ad1-dc0f-448e-bd52-381b9e4fe91a,4,1,113.0,113.0,26,13,XelatexRunner,    public XelatexRunner() {,matched,191.2,120,310.79999999999995,140,250.99999999999997,130.0
ff095a61-b4f6-4093-9b76-2f095c01ce46,4,89,114.0,114.0,26,13,XelatexRunner,    public XelatexRunner() {,matched,191.2,120,310.79999999999995,140,250.99999999999997,130.0
a7c58158-098e-40fd-b290-94c56922e161,4,88,128.0,128.0,26,15,XelatexRunner,    public XelatexRunner() {,matched,191.2,120,310.79999999999995,140,250.99999999999997,130.0
5a885cc0-6e44-42a2-9d30-d4fd0977252d,4,251,1216.0,1216.0,26,16,XelatexRunner,    public XelatexRunner() {,matched,191.2,120,310.79999999999995,140,250.99999999999997,130.0
63beeeb4-cccf-4d86-8e1a-29c1bd25e5cf,4,162,306.0,306.0,26,17,XelatexRunner,    public XelatexRunner() {,matched,191.2,120,310.79999999999995,140,250.99999999999997,130.0
f2e4875d-ad1e-4a2d-8484-d6481e90fce4,4,86,1553.0,1553.0,27,5,WHITESPACE,        super();,approx_whitespace,228.0,140,237.2,160,232.6,150.0
62f543c0-1b20-44ac-9b7d-ddab457ad9f2,4,90,340.0,340.0,27,10,super,        super();,matched,163.6,140,209.6,160,186.6,150.0
7cee1b83-f6a3-48a8-a76e-449a0fa42d48,4,232,568.0,568.0,27,10,super,        super();,matched,163.6,140,209.6,160,186.6,150.0
ee994ee7-8915-4d37-8f6f-5f5988f71999,4,7,309.0,309.0,27,11,super,        super();,matched,163.6,140,209.6,160,186.6,150.0
0ae2bba6-0f93-4715-b6ce-56e4b66754cf,4,233,521.0,521.0,27,12,super,        super();,matched,163.6,140,209.6,160,186.6,150.0
b703dd91-3fbb-4f72-b022-91c1b60abe6b,4,8,147.0,147.0,27,13,super,        super();,matched,163.6,140,209.6,160,186.6,150.0
d97234fa-0113-4d48-8732-10884135f78b,4,22,236.0,236.0,27,14,(),        super();,matched,209.6,140,228.0,160,218.8,150.0
67d2088e-efeb-466c-897d-ba63e12d88c0,4,92,94.0,94.0,27,15,(),        super();,matched,209.6,140,228.0,160,218.8,150.0
b265b13d-adef-4cf0-b3f6-5d735c11150e,4,93,540.0,540.0,27,15,(),        super();,matched,209.6,140,228.0,160,218.8,150.0
80aaa1b2-db5d-4713-9116-fd9321801e4f,4,197,304.0,304.0,27,16,;,        super();,matched,228.0,140,237.2,160,232.6,150.0
ea45cec9-3b9c-48d4-beb1-58994447f499,4,248,822.0,822.0,27,16,;,        super();,matched,228.0,140,237.2,160,232.6,150.0
b783a647-69ab-41ac-8696-be6ab37a30da,4,98,786.0,786.0,30,10,protected,    protected String getWindowsProgramName() {,matched,126.8,200,209.6,220,168.2,210.0
17a1760e-f765-4c2f-8c03-f730088e0a66,4,45,164.0,164.0,30,12,protected,    protected String getWindowsProgramName() {,matched,126.8,200,209.6,220,168.2,210.0
6a5648d1-2cbe-489e-b259-cdeee60cdeb5,4,205,102.0,102.0,30,15,String,    protected String getWindowsProgramName() {,matched,218.79999999999998,200,274.0,220,246.39999999999998,210.0
9b4cc669-e0d8-42b1-b605-a34aa465dbde,4,97,315.0,315.0,30,17,String,    protected String getWindowsProgramName() {,matched,218.79999999999998,200,274.0,220,246.39999999999998,210.0
97bc840b-4a20-41e8-91a5-e99f728a814d,4,10,406.0,406.0,30,19,String,    protected String getWindowsProgramName() {,matched,218.79999999999998,200,274.0,220,246.39999999999998,210.0
a1f2dc0d-987b-491b-8f16-f3e15707377c,4,44,247.0,247.0,30,20,String,    protected String getWindowsProgramName() {,matched,218.79999999999998,200,274.0,220,246.39999999999998,210.0
cfcb3d8d-8826-467f-891a-5d659d807968,4,24,351.0,351.0,30,22,getWindowsProgramName,    protected String getWindowsProgramName() {,matched,283.2,200,476.4,220,379.79999999999995,210.0
b7af7012-5379-4788-8555-2c403d3f9e81,4,99,357.0,357.0,30,22,getWindowsProgramName,    protected String getWindowsProgramName() {,matched,283.2,200,476.4,220,379.79999999999995,210.0
15500e35-75f0-497f-87d3-4f5cbe324359,4,96,130.0,130.0,30,25,getWindowsProgramName,    protected String getWindowsProgramName() {,matched,283.2,200,476.4,220,379.79999999999995,210.0
27c151f1-6483-4348-b238-92281d5ae716,4,249,319.0,319.0,30,25,getWindowsProgramName,    protected String getWindowsProgramName() {,matched,283.2,200,476.4,220,379.79999999999995,210.0
976870e0-2123-4f2d-a7f8-0ec4c0573f44,4,250,314.0,314.0,30,25,getWindowsProgramName,    protected String getWindowsProgramName() {,matched,283.2,200,476.4,220,379.79999999999995,210.0
9c4a16d0-7c61-48c9-9e4d-8448020529a7,4,100,241.0,241.0,30,26,getWindowsProgramName,    protected String getWindowsProgramName() {,matched,283.2,200,476.4,220,379.79999999999995,210.0
6925cd26-f1c2-4e53-ac4c-d8bffd7faee9,4,95,97.0,97.0,30,31,getWindowsProgramName,    protected String getWindowsProgramName() {,matched,283.2,200,476.4,220,379.79999999999995,210.0
a9763f07-0d3d-4716-8ccd-962889ad897e,4,101,500.0,500.0,30,32,getWindowsProgramName,    protected String getWindowsProgramName() {,matched,283.2,200,476.4,220,379.79999999999995,210.0
c17f1d9d-175f-4271-a2e0-f945922493a9,4,11,295.0,295.0,30,35,getWindowsProgramName,    protected String getWindowsProgramName() {,matched,283.2,200,476.4,220,379.79999999999995,210.0
db64d5b4-80ec-49ed-9bc5-09319a17cac0,4,25,266.0,266.0,30,35,getWindowsProgramName,    protected String getWindowsProgramName() {,matched,283.2,200,476.4,220,379.79999999999995,210.0
1f16fc46-2f5b-47ee-931f-73cf8bde3312,4,32,203.0,203.0,30,36,getWindowsProgramName,    protected String getWindowsProgramName() {,matched,283.2,200,476.4,220,379.79999999999995,210.0
1786ef08-e664-40d4-b7f3-d1ae0d8b4b93,4,257,245.0,245.0,30,36,getWindowsProgramName,    protected String getWindowsProgramName() {,matched,283.2,200,476.4,220,379.79999999999995,210.0
49038e36-f22c-4ce3-91f0-a07e299c6c29,4,231,545.0,545.0,31,9,return,"        return ""xelatex.exe"";",matched,163.6,220,218.79999999999998,240,191.2,230.0
8989f72b-0408-4d65-8b83-a785a8c0882b,4,23,119.0,119.0,31,10,return,"        return ""xelatex.exe"";",matched,163.6,220,218.79999999999998,240,191.2,230.0
23a70780-ef4a-4a68-a94d-09a0112d965a,4,28,459.0,459.0,31,10,return,"        return ""xelatex.exe"";",matched,163.6,220,218.79999999999998,240,191.2,230.0
9fc7ec23-fe18-43ad-9722-cf5659ffca3b,4,30,248.0,248.0,31,10,return,"        return ""xelatex.exe"";",matched,163.6,220,218.79999999999998,240,191.2,230.0
5d10b73b-99a2-4409-bf06-a71d1e3440df,4,9,90.0,90.0,31,11,return,"        return ""xelatex.exe"";",matched,163.6,220,218.79999999999998,240,191.2,230.0
1e6207d6-7abe-4343-81d8-e8c8d4226734,4,234,118.0,118.0,31,11,return,"        return ""xelatex.exe"";",matched,163.6,220,218.79999999999998,240,191.2,230.0
d0b4801d-07b5-48d6-8b04-c7b5ad77283d,4,38,273.0,273.0,31,12,return,"        return ""xelatex.exe"";",matched,163.6,220,218.79999999999998,240,191.2,230.0
95b9f651-8d29-433c-a5b7-c0ba23b7b633,4,42,90.0,90.0,31,14,return,"        return ""xelatex.exe"";",matched,163.6,220,218.79999999999998,240,191.2,230.0
67fedc09-7e21-4cd4-8827-6de38e4d6636,4,31,370.0,370.0,31,24,.,"        return ""xelatex.exe"";",matched,301.6,220,310.79999999999995,240,306.2,230.0
a35238fd-e905-47a1-92ce-f67f6fcde16f,4,228,133.0,133.0,34,9,protected,    protected String getUnixProgramName() {,matched,126.8,280,209.6,300,168.2,290.0
895726a8-22c3-4902-a2ae-b4fa74271451,4,103,113.0,113.0,34,15,String,    protected String getUnixProgramName() {,matched,218.79999999999998,280,274.0,300,246.39999999999998,290.0
aed125b6-ff4e-4588-aa4e-807e1b52cc43,4,16,210.0,210.0,34,18,String,    protected String getUnixProgramName() {,matched,218.79999999999998,280,274.0,300,246.39999999999998,290.0
c7d7a266-836d-4d48-8e28-ce196ba583d1,4,262,353.0,353.0,34,19,String,    protected String getUnixProgramName() {,matched,218.79999999999998,280,274.0,300,246.39999999999998,290.0
ccd42ee7-50e1-41b9-880e-1a356f49fc27,4,41,93.0,93.0,34,21,WHITESPACE,    protected String getUnixProgramName() {,approx_whitespace,476.4,280,485.59999999999997,300,481.0,290.0
f2367a92-28e8-4fb7-b0d2-2bf88b69d928,4,168,597.0,597.0,34,22,getUnixProgramName,    protected String getUnixProgramName() {,matched,283.2,280,448.79999999999995,300,366.0,290.0
641474a3-6cbf-4ce7-b8ae-8472c7fa0db7,4,15,440.0,440.0,34,24,getUnixProgramName,    protected String getUnixProgramName() {,matched,283.2,280,448.79999999999995,300,366.0,290.0
e16bcbfe-69bf-4179-baed-e8c161a9b03e,4,242,147.0,147.0,34,24,getUnixProgramName,    protected String getUnixProgramName() {,matched,283.2,280,448.79999999999995,300,366.0,290.0
566d529c-f1e5-4dd6-a249-bd5071eaba0b,4,206,205.0,205.0,34,25,getUnixProgramName,    protected String getUnixProgramName() {,matched,283.2,280,448.79999999999995,300,366.0,290.0
79de769b-8ab5-4973-8fd5-323bea2a3090,4,17,351.0,351.0,34,26,getUnixProgramName,    protected String getUnixProgramName() {,matched,283.2,280,448.79999999999995,300,366.0,290.0
724d5e33-c809-4f0c-966f-becac74629c4,4,243,428.0,428.0,34,31,getUnixProgramName,    protected String getUnixProgramName() {,matched,283.2,280,448.79999999999995,300,366.0,290.0
91d1a080-83a1-4eba-80b6-accb895ae847,4,254,405.0,405.0,34,33,getUnixProgramName,    protected String getUnixProgramName() {,matched,283.2,280,448.79999999999995,300,366.0,290.0
3a3d84f1-b625-4181-a2ce-e19e529f05e8,4,227,393.0,393.0,35,11,return,"        return ""xelatex"";",matched,163.6,300,218.79999999999998,320,191.2,310.0
16a28c6a-c35e-44e8-96a2-edc4ebc68f93,4,230,292.0,292.0,38,8,public,    public String getDescription() {,matched,126.8,360,182.0,380,154.4,370.0
c428b604-9fa4-4c13-9db4-cf7b848cba0c,4,224,359.0,359.0,38,10,public,    public String getDescription() {,matched,126.8,360,182.0,380,154.4,370.0
00458bd0-46cd-44a6-a3ed-02a35243e7bd,4,226,258.0,258.0,38,13,String,    public String getDescription() {,matched,191.2,360,246.39999999999998,380,218.79999999999998,370.0
d21fbf12-0c95-4a9d-88b7-d84eb3e7c5b2,4,240,123.0,123.0,38,14,String,    public String getDescription() {,matched,191.2,360,246.39999999999998,380,218.79999999999998,370.0
bc9995f9-93cd-423f-9a11-7ce86b23bb5b,4,20,265.0,265.0,38,16,String,    public String getDescription() {,matched,191.2,360,246.39999999999998,380,218.79999999999998,370.0
4c0c5f9e-05ad-43d1-939c-6d145439ad2c,4,179,386.0,386.0,38,18,WHITESPACE,    public String getDescription() {,approx_whitespace,412.0,360,421.2,380,416.6,370.0
3632e383-07ec-4786-a07e-2b751f8c1d55,4,48,149.0,149.0,38,19,getDescription,    public String getDescription() {,matched,255.6,360,384.4,380,320.0,370.0
1a38eb68-d99c-4034-a341-6aaba05aa0f8,4,223,239.0,239.0,38,19,getDescription,    public String getDescription() {,matched,255.6,360,384.4,380,320.0,370.0
02067ddf-c8eb-4434-beca-090586156eb1,4,220,505.0,505.0,38,22,getDescription,    public String getDescription() {,matched,255.6,360,384.4,380,320.0,370.0
85b9e585-fe0f-4669-b886-06ae96125e59,4,181,222.0,222.0,38,23,getDescription,    public String getDescription() {,matched,255.6,360,384.4,380,320.0,370.0
2b53fd3c-9292-456b-bfe3-8b01057fd559,4,241,353.0,353.0,38,23,getDescription,    public String getDescription() {,matched,255.6,360,384.4,380,320.0,370.0
342a1f99-9863-4257-9ed1-cb6ce7dd858f,4,225,298.0,298.0,38,24,getDescription,    public String getDescription() {,matched,255.6,360,384.4,380,320.0,370.0
227c78a3-cd2e-4094-b714-aa342b627d0f,4,47,229.0,229.0,39,11,return,"        return ""XeLatex program"";",matched,163.6,380,218.79999999999998,400,191.2,390.0
0366c3f9-a561-4808-8eed-669238467828,4,221,181.0,181.0,39,12,return,"        return ""XeLatex program"";",matched,163.6,380,218.79999999999998,400,191.2,390.0
87dc54d6-750d-4021-bdae-21b6d04a9ffb,4,118,180.0,180.0,39,13,return,"        return ""XeLatex program"";",matched,163.6,380,218.79999999999998,400,191.2,390.0
c4e13c9a-4b27-403c-87ca-35202538199d,4,35,161.0,161.0,43,7,WHITESPACE,     * Enable SyncTeX,approx_whitespace,182.0,460,191.2,480,186.6,470.0
6434b374-6b91-45f4-8aa0-5712085ac15f,4,108,193.0,193.0,43,11,Enable,     * Enable SyncTeX,matched,154.39999999999998,460,209.6,480,182.0,470.0
31a2d561-a0e8-4651-b5b1-99fb99a1f1e0,4,111,441.0,441.0,43,11,Enable,     * Enable SyncTeX,matched,154.39999999999998,460,209.6,480,182.0,470.0
c31ca020-9a57-43b4-8853-22eefbeca654,4,268,117.0,117.0,43,12,Enable,     * Enable SyncTeX,matched,154.39999999999998,460,209.6,480,182.0,470.0
d790cbbd-e84b-4024-9d5d-18563bd70702,4,183,575.0,575.0,43,13,Enable,     * Enable SyncTeX,matched,154.39999999999998,460,209.6,480,182.0,470.0
f21da0c4-9f82-44cc-92a3-425d36c0f614,4,36,220.0,220.0,43,14,WHITESPACE,     * Enable SyncTeX,approx_whitespace,274.0,460,283.2,480,278.6,470.0
97299659-e938-413d-8d35-293a63a88eff,4,106,322.0,322.0,43,15,SyncTeX,     * Enable SyncTeX,matched,218.79999999999998,460,283.2,480,251.0,470.0
2dc520d2-e443-41b6-8948-1bf8121cfe5b,4,261,209.0,209.0,43,16,SyncTeX,     * Enable SyncTeX,matched,218.79999999999998,460,283.2,480,251.0,470.0
31550bd4-c49d-4e5e-93bc-c42825e67c5b,4,107,124.0,124.0,43,18,SyncTeX,     * Enable SyncTeX,matched,218.79999999999998,460,283.2,480,251.0,470.0
fb31ebe7-d8e8-4355-88c7-b0e35b9098d2,4,269,226.0,226.0,43,18,SyncTeX,     * Enable SyncTeX,matched,218.79999999999998,460,283.2,480,251.0,470.0
51b3c159-ec44-4547-b930-009eb1ded546,4,276,88.0,88.0,43,18,SyncTeX,     * Enable SyncTeX,matched,218.79999999999998,460,283.2,480,251.0,470.0
95db9f2d-18a0-46c5-95f9-d4da37d58d03,4,252,252.0,252.0,43,20,SyncTeX,     * Enable SyncTeX,matched,218.79999999999998,460,283.2,480,251.0,470.0
cff36001-4035-4df6-9690-4cbcddda08ce,4,141,581.0,581.0,45,8,public,    public String getDefaultArguments() {,matched,126.8,500,182.0,520,154.4,510.0
58160cba-1c65-4ce0-b047-2ae6c614fe71,4,201,266.0,266.0,45,8,public,    public String getDefaultArguments() {,matched,126.8,500,182.0,520,154.4,510.0
03affc57-ed13-4b44-bc1b-b31e6e688da2,4,112,113.0,113.0,45,9,public,    public String getDefaultArguments() {,matched,126.8,500,182.0,520,154.4,510.0
417abc1d-0d85-4a37-b335-f50798b0798a,4,139,260.0,260.0,45,9,public,    public String getDefaultArguments() {,matched,126.8,500,182.0,520,154.4,510.0
6d33142a-529a-48a4-95ec-c8b774ed417d,4,49,640.0,640.0,45,11,WHITESPACE,    public String getDefaultArguments() {,approx_whitespace,310.79999999999995,500,320.0,520,315.4,510.0
db5964ad-a3c5-4d17-968b-7ec174f8d4c2,4,119,218.0,218.0,45,13,String,    public String getDefaultArguments() {,matched,191.2,500,246.39999999999998,520,218.79999999999998,510.0
1d34333f-8a3c-4655-a980-311ac8d17a2a,4,113,144.0,144.0,45,15,String,    public String getDefaultArguments() {,matched,191.2,500,246.39999999999998,520,218.79999999999998,510.0
f78256d2-26b1-4cae-b3be-44c866bd4607,4,177,149.0,149.0,45,16,String,    public String getDefaultArguments() {,matched,191.2,500,246.39999999999998,520,218.79999999999998,510.0
89e7598a-b0d6-4ee8-ade9-df458d0aefe2,4,259,153.0,153.0,45,16,String,    public String getDefaultArguments() {,matched,191.2,500,246.39999999999998,520,218.79999999999998,510.0
e0d78605-371f-4fa7-bfd3-0151286f5033,4,127,214.0,214.0,45,17,String,    public String getDefaultArguments() {,matched,191.2,500,246.39999999999998,520,218.79999999999998,510.0
e516a8ec-0e9d-47ec-ba7b-2ed80ee34cb3,4,209,149.0,149.0,45,17,String,    public String getDefaultArguments() {,matched,191.2,500,246.39999999999998,520,218.79999999999998,510.0
eb2ac10d-85a5-467a-b9ea-600d92746dfc,4,200,265.0,265.0,45,18,WHITESPACE,    public String getDefaultArguments() {,approx_whitespace,458.0,500,467.2,520,462.6,510.0
6e460bd7-cd8b-4b82-8b09-e75d47484696,4,213,699.0,699.0,45,20,getDefaultArguments,    public String getDefaultArguments() {,matched,255.6,500,430.4,520,343.0,510.0
3dd29016-dbd4-40d7-a9fd-eb2154c797f7,4,264,152.0,152.0,45,20,getDefaultArguments,    public String getDefaultArguments() {,matched,255.6,500,430.4,520,343.0,510.0
82958344-55c7-48d5-80e0-d8ee2c5383fa,4,178,297.0,297.0,45,23,getDefaultArguments,    public String getDefaultArguments() {,matched,255.6,500,430.4,520,343.0,510.0
0ca1c3d3-47a4-42d8-91ba-1c62573fb412,4,210,353.0,353.0,45,23,getDefaultArguments,    public String getDefaultArguments() {,matched,255.6,500,430.4,520,343.0,510.0
4b4cce88-39f1-4111-a5ef-f48acbda0e45,4,110,94.0,94.0,45,28,getDefaultArguments,    public String getDefaultArguments() {,matched,255.6,500,430.4,520,343.0,510.0
160631d6-6473-41de-bd49-46faf4468073,4,211,91.0,91.0,45,29,getDefaultArguments,    public String getDefaultArguments() {,matched,255.6,500,430.4,520,343.0,510.0
e9caec48-f504-4f12-9710-d3a92d602ae2,4,142,1202.0,1202.0,46,7,WHITESPACE,"        return ""-synctex=1 ""+super.getDefaultArguments();",approx_whitespace,329.2,520,338.4,540,333.79999999999995,530.0
2551f4db-d5ba-494a-973e-0b28905db104,4,125,838.0,838.0,46,9,return,"        return ""-synctex=1 ""+super.getDefaultArguments();",matched,163.6,520,218.79999999999998,540,191.2,530.0
78a11369-3f84-4d59-934e-c3f6c1ff33bd,4,126,151.0,151.0,46,10,return,"        return ""-synctex=1 ""+super.getDefaultArguments();",matched,163.6,520,218.79999999999998,540,191.2,530.0
0d946f57-5e92-4493-90fb-eb117490547f,4,207,148.0,148.0,46,10,return,"        return ""-synctex=1 ""+super.getDefaultArguments();",matched,163.6,520,218.79999999999998,540,191.2,530.0
75bc8cd2-03ea-41bd-809b-4889a1fa5770,4,58,123.0,123.0,46,12,return,"        return ""-synctex=1 ""+super.getDefaultArguments();",matched,163.6,520,218.79999999999998,540,191.2,530.0
ac8743de-ae3c-4db4-a13f-ff6eb36eeca9,4,130,653.0,653.0,46,13,return,"        return ""-synctex=1 ""+super.getDefaultArguments();",matched,163.6,520,218.79999999999998,540,191.2,530.0
5e4ba044-ebbe-4b96-b546-d317b643b724,4,208,306.0,306.0,46,13,return,"        return ""-synctex=1 ""+super.getDefaultArguments();",matched,163.6,520,218.79999999999998,540,191.2,530.0
367f6be9-b2fb-4ede-a36e-9b00ffd25eef,4,182,395.0,395.0,46,14,return,"        return ""-synctex=1 ""+super.getDefaultArguments();",matched,163.6,520,218.79999999999998,540,191.2,530.0
a5cf3f94-4675-46c2-9061-16fa25efbb20,4,212,180.0,180.0,46,14,return,"        return ""-synctex=1 ""+super.getDefaultArguments();",matched,163.6,520,218.79999999999998,540,191.2,530.0
91614ab5-4998-4348-a77b-942b9948d3a8,4,214,119.0,119.0,46,14,return,"        return ""-synctex=1 ""+super.getDefaultArguments();",matched,163.6,520,218.79999999999998,540,191.2,530.0
7adeffad-443b-42d3-9285-0fc0ad6583ac,4,59,418.0,418.0,46,15,WHITESPACE,"        return ""-synctex=1 ""+super.getDefaultArguments();",approx_whitespace,605.1999999999999,520,614.4,540,609.8,530.0
bdf42ad8-174e-4c53-847c-c84a1458c79e,4,50,500.0,500.0,46,18,synctex,"        return ""-synctex=1 ""+super.getDefaultArguments();",matched,246.39999999999998,520,310.79999999999995,540,278.59999999999997,530.0
15552851-180a-4b0e-81ae-e2d9c5c458e0,4,140,357.0,357.0,46,18,synctex,"        return ""-synctex=1 ""+super.getDefaultArguments();",matched,246.39999999999998,520,310.79999999999995,540,278.59999999999997,530.0
6693632b-2b7d-462a-bada-96660932933f,4,199,144.0,144.0,46,19,synctex,"        return ""-synctex=1 ""+super.getDefaultArguments();",matched,246.39999999999998,520,310.79999999999995,540,278.59999999999997,530.0
ad426bfa-0f78-4c7c-9868-28ae2778c9a2,4,275,389.0,389.0,46,20,synctex,"        return ""-synctex=1 ""+super.getDefaultArguments();",matched,246.39999999999998,520,310.79999999999995,540,278.59999999999997,530.0
1e4ddd71-0b6e-40f5-abf3-a1452ad25c14,4,122,161.0,161.0,46,22,synctex,"        return ""-synctex=1 ""+super.getDefaultArguments();",matched,246.39999999999998,520,310.79999999999995,540,278.59999999999997,530.0
5349ebc6-93d5-43a4-a2d2-a01c0176f569,4,196,1780.0,1780.0,46,22,synctex,"        return ""-synctex=1 ""+super.getDefaultArguments();",matched,246.39999999999998,520,310.79999999999995,540,278.59999999999997,530.0
0d800d2e-8735-4ef1-9e02-ce1f21c0e3f7,4,109,1094.0,1094.0,46,23,synctex,"        return ""-synctex=1 ""+super.getDefaultArguments();",matched,246.39999999999998,520,310.79999999999995,540,278.59999999999997,530.0
b569e423-372e-4c25-859e-3f0d03d08873,4,129,346.0,346.0,46,23,synctex,"        return ""-synctex=1 ""+super.getDefaultArguments();",matched,246.39999999999998,520,310.79999999999995,540,278.59999999999997,530.0
0c5f8530-14ed-4faf-926b-9a9e147e49dd,4,270,307.0,307.0,46,23,synctex,"        return ""-synctex=1 ""+super.getDefaultArguments();",matched,246.39999999999998,520,310.79999999999995,540,278.59999999999997,530.0
d934b13c-a06d-4778-8547-5b24abb9cc6d,4,215,149.0,149.0,46,24,synctex,"        return ""-synctex=1 ""+super.getDefaultArguments();",matched,246.39999999999998,520,310.79999999999995,540,278.59999999999997,530.0
5990a2ec-2475-44e1-80b4-c9934c9ad7d4,4,238,297.0,297.0,46,24,synctex,"        return ""-synctex=1 ""+super.getDefaultArguments();",matched,246.39999999999998,520,310.79999999999995,540,278.59999999999997,530.0
ad2612c7-7c7e-4722-b5d2-90e07fcc2e83,4,267,214.0,214.0,46,24,synctex,"        return ""-synctex=1 ""+super.getDefaultArguments();",matched,246.39999999999998,520,310.79999999999995,540,278.59999999999997,530.0
a5b8bfc2-d142-4b63-84da-c4af5b6e9684,4,56,426.0,426.0,46,29,+,"        return ""-synctex=1 ""+super.getDefaultArguments();",matched,347.59999999999997,520,356.79999999999995,540,352.19999999999993,530.0
868eadb4-b68d-4987-b970-329faf803663,4,128,577.0,577.0,46,29,+,"        return ""-synctex=1 ""+super.getDefaultArguments();",matched,347.59999999999997,520,356.79999999999995,540,352.19999999999993,530.0
ac1fb1fb-1f38-4172-b485-9d27acb694f5,4,57,1201.0,1201.0,46,30,super,"        return ""-synctex=1 ""+super.getDefaultArguments();",matched,356.79999999999995,520,402.79999999999995,540,379.79999999999995,530.0
9b9c6c4b-cfc1-4466-9391-707f94f65303,4,153,81.0,81.0,46,30,super,"        return ""-synctex=1 ""+super.getDefaultArguments();",matched,356.79999999999995,520,402.79999999999995,540,379.79999999999995,530.0
09966487-0c81-4a7c-832d-7c2150b678b0,4,237,250.0,250.0,46,30,super,"        return ""-synctex=1 ""+super.getDefaultArguments();",matched,356.79999999999995,520,402.79999999999995,540,379.79999999999995,530.0
b1c3d871-9cc1-451c-a53c-4fce84bd580c,4,51,193.0,193.0,46,32,super,"        return ""-synctex=1 ""+super.getDefaultArguments();",matched,356.79999999999995,520,402.79999999999995,540,379.79999999999995,530.0
af6ff262-8b6a-433a-96f0-fa2f6a52e2b1,4,55,595.0,595.0,46,32,super,"        return ""-synctex=1 ""+super.getDefaultArguments();",matched,356.79999999999995,520,402.79999999999995,540,379.79999999999995,530.0
dc38c571-ca67-41c5-9415-21f090dfc3c4,4,121,188.0,188.0,46,32,super,"        return ""-synctex=1 ""+super.getDefaultArguments();",matched,356.79999999999995,520,402.79999999999995,540,379.79999999999995,530.0
f5e186ae-a293-4853-b442-5a41f0702ceb,4,218,718.0,718.0,46,32,super,"        return ""-synctex=1 ""+super.getDefaultArguments();",matched,356.79999999999995,520,402.79999999999995,540,379.79999999999995,530.0
185aed4e-946c-4708-8b74-8ce231f912a5,4,216,297.0,297.0,46,33,super,"        return ""-synctex=1 ""+super.getDefaultArguments();",matched,356.79999999999995,520,402.79999999999995,540,379.79999999999995,530.0
227fbc0a-6057-48ea-90d4-7b077437b338,4,265,323.0,323.0,46,33,super,"        return ""-synctex=1 ""+super.getDefaultArguments();",matched,356.79999999999995,520,402.79999999999995,540,379.79999999999995,530.0
3a0bf5a1-ae70-48f5-b82b-72a59a2f0056,4,273,106.0,106.0,46,33,super,"        return ""-synctex=1 ""+super.getDefaultArguments();",matched,356.79999999999995,520,402.79999999999995,540,379.79999999999995,530.0
b7e543c7-6f86-4c5c-9e1d-ee9e2e6c5e46,4,277,249.0,249.0,46,33,super,"        return ""-synctex=1 ""+super.getDefaultArguments();",matched,356.79999999999995,520,402.79999999999995,540,379.79999999999995,530.0
d365faf7-7ce2-4c97-bce4-52fb4f040e6f,4,260,221.0,221.0,46,34,super,"        return ""-synctex=1 ""+super.getDefaultArguments();",matched,356.79999999999995,520,402.79999999999995,540,379.79999999999995,530.0
fb351bbf-d86c-4f16-ad20-014b431fa463,4,195,474.0,474.0,46,35,.,"        return ""-synctex=1 ""+super.getDefaultArguments();",matched,402.79999999999995,520,412.0,540,407.4,530.0
848f925b-d5ee-4d3a-8812-8e3c8c6fcc68,4,271,196.0,196.0,46,35,.,"        return ""-synctex=1 ""+super.getDefaultArguments();",matched,402.79999999999995,520,412.0,540,407.4,530.0
3cb57be7-4a3a-43f8-8234-fd0508409df9,4,114,151.0,151.0,46,36,getDefaultArguments,"        return ""-synctex=1 ""+super.getDefaultArguments();",matched,412.0,520,586.8,540,499.4,530.0
7f827274-a628-4715-be77-6961ae0541c6,4,120,364.0,364.0,46,38,getDefaultArguments,"        return ""-synctex=1 ""+super.getDefaultArguments();",matched,412.0,520,586.8,540,499.4,530.0
d95e9ce3-9eb0-40f4-9dc9-18b5fb526734,4,52,187.0,187.0,46,40,getDefaultArguments,"        return ""-synctex=1 ""+super.getDefaultArguments();",matched,412.0,520,586.8,540,499.4,530.0
12715732-92f3-45aa-a38a-c81a3e6886e7,4,54,107.0,107.0,46,40,getDefaultArguments,"        return ""-synctex=1 ""+super.getDefaultArguments();",matched,412.0,520,586.8,540,499.4,530.0
e9ca0e08-61a4-4bdf-a548-fb4d2c5fed9b,4,176,849.0,849.0,46,40,getDefaultArguments,"        return ""-synctex=1 ""+super.getDefaultArguments();",matched,412.0,520,586.8,540,499.4,530.0
8485cdea-ac9f-4737-9051-5c9deb008fe6,4,217,515.0,515.0,46,40,getDefaultArguments,"        return ""-synctex=1 ""+super.getDefaultArguments();",matched,412.0,520,586.8,540,499.4,530.0
6aceafdb-c37d-47d8-90dc-77e66a61dfd1,4,219,327.0,327.0,46,40,getDefaultArguments,"        return ""-synctex=1 ""+super.getDefaultArguments();",matched,412.0,520,586.8,540,499.4,530.0
acc96338-a09e-4674-8c12-42656190746a,4,266,122.0,122.0,46,40,getDefaultArguments,"        return ""-synctex=1 ""+super.getDefaultArguments();",matched,412.0,520,586.8,540,499.4,530.0
9a220303-f1e4-41ec-b027-14455db8ebbf,4,272,381.0,381.0,46,42,getDefaultArguments,"        return ""-synctex=1 ""+super.getDefaultArguments();",matched,412.0,520,586.8,540,499.4,530.0
60021b01-428b-439e-a65a-bf829869c46c,4,274,88.0,88.0,46,43,getDefaultArguments,"        return ""-synctex=1 ""+super.getDefaultArguments();",matched,412.0,520,586.8,540,499.4,530.0
1a12d1c4-2fad-492e-a45a-bc8d03d1c497,4,115,306.0,306.0,46,45,getDefaultArguments,"        return ""-synctex=1 ""+super.getDefaultArguments();",matched,412.0,520,586.8,540,499.4,530.0
b3ba648b-7a83-4ac7-bf68-c21e802e17c2,4,53,153.0,153.0,46,49,getDefaultArguments,"        return ""-synctex=1 ""+super.getDefaultArguments();",matched,412.0,520,586.8,540,499.4,530.0
344dd372-594b-4ac1-bcff-b32c1ca95c6d,4,143,688.0,688.0,50,8,@return,     * @return output file format (pdf),matched,154.39999999999998,600,218.79999999999998,620,186.59999999999997,610.0
b7c1a54b-d3d8-430f-8ddf-78dff07c51b3,4,188,350.0,350.0,50,10,@return,     * @return output file format (pdf),matched,154.39999999999998,600,218.79999999999998,620,186.59999999999997,610.0
3c97d8aa-a4b3-415f-bbb0-88526c618292,4,174,178.0,178.0,50,11,@return,     * @return output file format (pdf),matched,154.39999999999998,600,218.79999999999998,620,186.59999999999997,610.0
35eb7824-4c21-487c-8cab-9123a4af370e,4,184,151.0,151.0,50,11,@return,     * @return output file format (pdf),matched,154.39999999999998,600,218.79999999999998,620,186.59999999999997,610.0
91c9fb78-06a0-4d22-aca0-bf3e2aec944d,4,131,193.0,193.0,50,12,@return,     * @return output file format (pdf),matched,154.39999999999998,600,218.79999999999998,620,186.59999999999997,610.0
b07d1d12-fc0a-4bee-93e0-81ca8d842fea,4,244,495.0,495.0,50,17,output,     * @return output file format (pdf),matched,228.0,600,283.2,620,255.6,610.0
e0f9876a-7c9c-474f-bbff-8596a0778799,4,132,103.0,103.0,50,20,output,     * @return output file format (pdf),matched,228.0,600,283.2,620,255.6,610.0
abaa75fe-7a06-400e-89b4-7b29bcc73f39,4,185,184.0,184.0,50,20,output,     * @return output file format (pdf),matched,228.0,600,283.2,620,255.6,610.0
d175ce08-6552-4b5e-a4f6-ce1476bc7647,4,189,302.0,302.0,50,21,output,     * @return output file format (pdf),matched,228.0,600,283.2,620,255.6,610.0
c73bb0ba-1458-47e3-9ac7-41ad17114c21,4,60,197.0,197.0,50,25,file,     * @return output file format (pdf),matched,292.4,600,329.2,620,310.79999999999995,610.0
163f6fb2-169d-41c3-af06-6730f721f5f7,4,144,138.0,138.0,50,25,file,     * @return output file format (pdf),matched,292.4,600,329.2,620,310.79999999999995,610.0
7b9f1f2c-87bd-4e48-b330-83178e3b5175,4,175,124.0,124.0,50,25,file,     * @return output file format (pdf),matched,292.4,600,329.2,620,310.79999999999995,610.0
d5918f83-4511-4498-8bf3-fb2a2df43c80,4,190,315.0,315.0,50,26,file,     * @return output file format (pdf),matched,292.4,600,329.2,620,310.79999999999995,610.0
88f8c518-e2a4-462b-bb7c-3ba6f7efe762,4,186,143.0,143.0,50,29,format,     * @return output file format (pdf),matched,338.4,600,393.59999999999997,620,366.0,610.0
069c49c0-6378-4a2d-a872-3b914a4716e8,4,187,97.0,97.0,50,36,(pdf),     * @return output file format (pdf),matched,402.79999999999995,600,448.79999999999995,620,425.79999999999995,610.0
049764dd-1bfd-4307-b82e-8e07604c25d4,4,191,220.0,220.0,50,37,(pdf),     * @return output file format (pdf),matched,402.79999999999995,600,448.79999999999995,620,425.79999999999995,610.0
72e3b825-d81f-4298-b8f0-0be652880dcd,4,37,483.0,483.0,52,10,public,    public String getOutputFormat() {,matched,126.8,640,182.0,660,154.4,650.0
0287dc73-bce8-48fa-a3b8-9ec7af3bf830,4,61,322.0,322.0,52,10,public,    public String getOutputFormat() {,matched,126.8,640,182.0,660,154.4,650.0
6e006761-593d-4134-84ae-f7801c8f8243,4,245,204.0,204.0,52,11,WHITESPACE,    public String getOutputFormat() {,approx_whitespace,191.2,640,200.39999999999998,660,195.79999999999998,650.0
a5739b58-7bb7-427e-b604-852132876478,4,123,125.0,125.0,52,12,String,    public String getOutputFormat() {,matched,191.2,640,246.39999999999998,660,218.79999999999998,650.0
7efdb101-de2c-485b-a123-5335674e49e3,4,133,215.0,215.0,52,14,String,    public String getOutputFormat() {,matched,191.2,640,246.39999999999998,660,218.79999999999998,650.0
1a41df61-260d-49d9-9d1f-b10e33f40e35,4,64,170.0,170.0,52,15,String,    public String getOutputFormat() {,matched,191.2,640,246.39999999999998,660,218.79999999999998,650.0
3df3f2c5-eb2d-44cc-b0fd-b2288ce62678,4,66,297.0,297.0,52,16,String,    public String getOutputFormat() {,matched,191.2,640,246.39999999999998,660,218.79999999999998,650.0
687059b2-9621-4386-8dc3-220185cbc37e,4,62,87.0,87.0,52,18,WHITESPACE,    public String getOutputFormat() {,approx_whitespace,255.6,640,264.79999999999995,660,260.2,650.0
97ee3c53-965d-4ba9-84f5-1779b2e45beb,4,149,914.0,914.0,52,23,getOutputFormat,    public String getOutputFormat() {,matched,255.6,640,393.59999999999997,660,324.59999999999997,650.0
40c14f22-6021-4e50-b1b6-fc0a62fcd61a,4,246,512.0,512.0,52,23,getOutputFormat,    public String getOutputFormat() {,matched,255.6,640,393.59999999999997,660,324.59999999999997,650.0
324f2599-7473-42ee-9c08-a7d06f6edd1e,4,65,376.0,376.0,52,24,getOutputFormat,    public String getOutputFormat() {,matched,255.6,640,393.59999999999997,660,324.59999999999997,650.0
0f83b824-b9f9-48b2-a7a1-53ce2d481bf1,4,193,95.0,95.0,52,36,WHITESPACE,    public String getOutputFormat() {,approx_whitespace,421.2,640,430.4,660,425.79999999999995,650.0
957311e1-decf-4352-9887-4278b6ac1e4b,4,147,537.0,537.0,53,8,WHITESPACE,        return TexlipseProperties.OUTPUT_FORMAT_PDF;,approx_whitespace,338.4,660,347.59999999999997,680,343.0,670.0
86cbeb3b-331f-4ca5-a08f-76aecc985b53,4,145,112.0,112.0,53,11,return,        return TexlipseProperties.OUTPUT_FORMAT_PDF;,matched,163.6,660,218.79999999999998,680,191.2,670.0
0dd298a9-a402-47f2-9971-b54567377759,4,138,289.0,289.0,53,14,return,        return TexlipseProperties.OUTPUT_FORMAT_PDF;,matched,163.6,660,218.79999999999998,680,191.2,670.0
657261e9-4a57-4264-b4c5-76be97b3a9ec,4,148,170.0,170.0,53,15,WHITESPACE,        return TexlipseProperties.OUTPUT_FORMAT_PDF;,approx_whitespace,559.2,660,568.4,680,563.8,670.0
8131e8e1-dd37-492c-ad7c-7d5b24339550,4,173,463.0,463.0,53,17,TexlipseProperties,        return TexlipseProperties.OUTPUT_FORMAT_PDF;,matched,228.0,660,393.59999999999997,680,310.79999999999995,670.0
fc98bbfe-90b9-4e37-aee3-3b76fe8c72c6,4,70,1220.0,1220.0,53,20,TexlipseProperties,        return TexlipseProperties.OUTPUT_FORMAT_PDF;,matched,228.0,660,393.59999999999997,680,310.79999999999995,670.0
edf5154e-223d-41aa-b64c-88f512dc356b,4,155,235.0,235.0,53,20,TexlipseProperties,        return TexlipseProperties.OUTPUT_FORMAT_PDF;,matched,228.0,660,393.59999999999997,680,310.79999999999995,670.0
1a74efa5-4ed8-4e95-9442-b2c42f14aa26,4,67,538.0,538.0,53,22,TexlipseProperties,        return TexlipseProperties.OUTPUT_FORMAT_PDF;,matched,228.0,660,393.59999999999997,680,310.79999999999995,670.0
96b36f37-7ac3-4626-8957-61851c3c20d5,4,134,803.0,803.0,53,22,TexlipseProperties,        return TexlipseProperties.OUTPUT_FORMAT_PDF;,matched,228.0,660,393.59999999999997,680,310.79999999999995,670.0
bb401d8a-7148-404f-977e-210549e868d3,4,158,400.0,400.0,53,22,TexlipseProperties,        return TexlipseProperties.OUTPUT_FORMAT_PDF;,matched,228.0,660,393.59999999999997,680,310.79999999999995,670.0
7d1f4805-696f-4b2d-8267-8b66a7389372,4,192,359.0,359.0,53,22,TexlipseProperties,        return TexlipseProperties.OUTPUT_FORMAT_PDF;,matched,228.0,660,393.59999999999997,680,310.79999999999995,670.0
a86a9b72-1c9f-482a-8d61-b884882c0e0c,4,150,900.0,900.0,53,23,TexlipseProperties,        return TexlipseProperties.OUTPUT_FORMAT_PDF;,matched,228.0,660,393.59999999999997,680,310.79999999999995,670.0
5343e876-74cf-4275-a477-8bfcdd4032bf,4,124,634.0,634.0,53,24,TexlipseProperties,        return TexlipseProperties.OUTPUT_FORMAT_PDF;,matched,228.0,660,393.59999999999997,680,310.79999999999995,670.0
43bde6be-4375-4a20-821a-9ad3d0fdafeb,4,169,116.0,116.0,53,24,TexlipseProperties,        return TexlipseProperties.OUTPUT_FORMAT_PDF;,matched,228.0,660,393.59999999999997,680,310.79999999999995,670.0
7146327a-b872-41d3-8481-3c2e36063281,4,170,346.0,346.0,53,24,TexlipseProperties,        return TexlipseProperties.OUTPUT_FORMAT_PDF;,matched,228.0,660,393.59999999999997,680,310.79999999999995,670.0
a772d657-7426-4c56-b780-12eafc744f00,4,63,182.0,182.0,53,25,TexlipseProperties,        return TexlipseProperties.OUTPUT_FORMAT_PDF;,matched,228.0,660,393.59999999999997,680,310.79999999999995,670.0
8bbb1812-fe12-4b92-8beb-6d7da031c411,4,146,673.0,673.0,53,25,TexlipseProperties,        return TexlipseProperties.OUTPUT_FORMAT_PDF;,matched,228.0,660,393.59999999999997,680,310.79999999999995,670.0
330b202b-39f8-47c3-aa3e-d6d845bf1508,4,151,337.0,337.0,53,25,TexlipseProperties,        return TexlipseProperties.OUTPUT_FORMAT_PDF;,matched,228.0,660,393.59999999999997,680,310.79999999999995,670.0
3181f861-1e3d-4221-8e30-77349c30e60a,4,68,182.0,182.0,53,28,TexlipseProperties,        return TexlipseProperties.OUTPUT_FORMAT_PDF;,matched,228.0,660,393.59999999999997,680,310.79999999999995,670.0
918232f6-f9de-46d6-96c7-79331e76dd3f,4,137,189.0,189.0,53,28,TexlipseProperties,        return TexlipseProperties.OUTPUT_FORMAT_PDF;,matched,228.0,660,393.59999999999997,680,310.79999999999995,670.0
72b5cade-c810-45ce-bc7d-75767fa24014,4,154,156.0,156.0,53,29,TexlipseProperties,        return TexlipseProperties.OUTPUT_FORMAT_PDF;,matched,228.0,660,393.59999999999997,680,310.79999999999995,670.0
3cc60495-ec06-4641-8bdb-24d038a1c133,4,152,193.0,193.0,53,31,TexlipseProperties,        return TexlipseProperties.OUTPUT_FORMAT_PDF;,matched,228.0,660,393.59999999999997,680,310.79999999999995,670.0
4978868c-b17f-46c0-bcf9-406d8ab95f97,4,156,340.0,340.0,53,34,.,        return TexlipseProperties.OUTPUT_FORMAT_PDF;,matched,393.59999999999997,660,402.79999999999995,680,398.19999999999993,670.0
b1e73d93-5dbe-417b-bfee-3bc81ae5fad5,4,136,121.0,121.0,53,36,OUTPUT_FORMAT_PDF;,        return TexlipseProperties.OUTPUT_FORMAT_PDF;,matched,402.79999999999995,660,568.4,680,485.59999999999997,670.0
e732157c-d586-47ab-a6b8-a0785161aaf3,4,171,280.0,280.0,53,37,OUTPUT_FORMAT_PDF;,        return TexlipseProperties.OUTPUT_FORMAT_PDF;,matched,402.79999999999995,660,568.4,680,485.59999999999997,670.0
4528f7af-0d5e-44c7-a68e-8b0dc6df3f8a,4,172,178.0,178.0,53,37,OUTPUT_FORMAT_PDF;,        return TexlipseProperties.OUTPUT_FORMAT_PDF;,matched,402.79999999999995,660,568.4,680,485.59999999999997,670.0
437e20ca-305a-4d44-8632-2f91f36e397c,4,69,240.0,240.0,53,39,OUTPUT_FORMAT_PDF;,        return TexlipseProperties.OUTPUT_FORMAT_PDF;,matched,402.79999999999995,660,568.4,680,485.59999999999997,670.0
8574021e-eebf-483c-97d6-c28416bffa2e,4,247,268.0,268.0,53,39,OUTPUT_FORMAT_PDF;,        return TexlipseProperties.OUTPUT_FORMAT_PDF;,matched,402.79999999999995,660,568.4,680,485.59999999999997,670.0
8bae31fc-8fd6-4dc0-a348-1a5da69cd93d,4,135,322.0,322.0,53,40,OUTPUT_FORMAT_PDF;,        return TexlipseProperties.OUTPUT_FORMAT_PDF;,matched,402.79999999999995,660,568.4,680,485.59999999999997,670.0
11bee025-b2cf-4bd1-8605-1e7d62a6b87a,4,157,127.0,127.0,54,4,WHITESPACE,    },approx_whitespace,126.8,680,136.0,700,131.4,690.0
a65931ef-7281-41ef-97bd-599b695268f0,5,3,172.0,172.0,21,6,public, public class XelatexRunner extends LatexRunner {,matched,99.2,20,154.39999999999998,40,126.79999999999998,30.0
ba6729a3-3e6d-4c88-9ad7-772c1540896a,5,45,230.0,230.0,21,8,WHITESPACE, public class XelatexRunner extends LatexRunner {,approx_whitespace,531.5999999999999,20,540.8,40,536.1999999999999,30.0
ea789ac9-5344-421a-98c3-42f991696def,5,31,186.0,186.0,21,9,class, public class XelatexRunner extends LatexRunner {,matched,163.6,20,209.6,40,186.6,30.0
453c276c-d153-404e-bf29-562d451a7254,5,4,428.0,428.0,21,18,XelatexRunner, public class XelatexRunner extends LatexRunner {,matched,218.79999999999998,20,338.4,40,278.59999999999997,30.0
5d32f53d-1638-42d3-9343-88a0241f0cce,5,131,88.0,88.0,21,20,XelatexRunner, public class XelatexRunner extends LatexRunner {,matched,218.79999999999998,20,338.4,40,278.59999999999997,30.0
d92240e0-95f3-48e3-99ff-25071cc56ca1,5,46,115.0,115.0,21,26,XelatexRunner, public class XelatexRunner extends LatexRunner {,matched,218.79999999999998,20,338.4,40,278.59999999999997,30.0
fde945d7-98ca-4a9c-a97c-c8a33812e28c,5,48,114.0,114.0,21,29,extends, public class XelatexRunner extends LatexRunner {,matched,347.59999999999997,20,412.0,40,379.79999999999995,30.0
db4f20c3-a1ef-4304-b8fe-05901ed3b3ee,5,49,535.0,535.0,21,37,LatexRunner, public class XelatexRunner extends LatexRunner {,matched,237.2,20,338.4,40,287.79999999999995,30.0
a660738e-e111-4bf1-aa79-5faf499eae2c,5,32,678.0,678.0,21,40,LatexRunner, public class XelatexRunner extends LatexRunner {,matched,421.2,20,522.4,40,471.79999999999995,30.0
45d8135d-fd7f-49a9-b473-2023ff3ed27c,5,2,96.0,96.0,24,6,*,     * Create a new ProgramRunner.,matched,136.0,80,145.2,100,140.6,90.0
4f21bfb6-11ab-4a32-93d6-0c1b7b03f741,5,144,241.0,241.0,24,7,WHITESPACE,     * Create a new ProgramRunner.,approx_whitespace,393.59999999999997,80,402.79999999999995,100,398.19999999999993,90.0
446e9229-1efb-4d47-a2cd-2fd4e9d4c479,5,133,194.0,194.0,24,8,Create,     * Create a new ProgramRunner.,matched,154.39999999999998,80,209.6,100,182.0,90.0
fbb029a5-f10d-4022-bf52-a7f11d35b881,5,78,208.0,208.0,24,21,ProgramRunner.,     * Create a new ProgramRunner.,matched,274.0,80,402.79999999999995,100,338.4,90.0
113e1f07-098d-479b-a6d7-99ac5ec8f305,5,47,1335.0,1335.0,24,24,ProgramRunner.,     * Create a new ProgramRunner.,matched,274.0,80,402.79999999999995,100,338.4,90.0
cc8398d9-232d-420d-a865-dc1df643b192,5,126,156.0,156.0,24,27,ProgramRunner.,     * Create a new ProgramRunner.,matched,274.0,80,402.79999999999995,100,338.4,90.0
b31cb714-c009-41bb-a37b-7bcb145ae805,5,125,758.0,758.0,25,5,WHITESPACE,     */,approx_whitespace,145.2,100,154.39999999999998,120,149.79999999999998,110.0
e6cffd37-f2aa-4977-bd7e-6c2eab4d8064,5,128,1120.0,1120.0,25,7,*/,     */,matched,136.0,100,154.39999999999998,120,145.2,110.0
ea2e78e3-5674-4752-88e1-32eda0474e51,5,134,1730.0,1730.0,25,7,*/,     */,matched,136.0,100,154.39999999999998,120,145.2,110.0
3060bd97-96fd-4bde-8ce7-927b3bc73a31,5,150,295.0,295.0,25,7,*/,     */,matched,136.0,100,154.39999999999998,120,145.2,110.0
2908e449-413b-4716-9a86-c48591e2b22b,5,135,296.0,296.0,26,5,public,    public XelatexRunner() {,matched,126.8,120,182.0,140,154.4,130.0
48ead9c2-ac5a-4d20-aafa-a1f646c3fdd5,5,151,294.0,294.0,26,14,XelatexRunner,    public XelatexRunner() {,matched,191.2,120,310.79999999999995,140,250.99999999999997,130.0
fcb2bd7f-74b3-4b24-be3c-b37c20f899e5,5,25,323.0,323.0,26,17,XelatexRunner,    public XelatexRunner() {,matched,191.2,120,310.79999999999995,140,250.99999999999997,130.0
263e8379-034e-4644-a180-5df13006d560,5,75,83.0,83.0,26,17,XelatexRunner,    public XelatexRunner() {,matched,191.2,120,310.79999999999995,140,250.99999999999997,130.0
0cf551e2-dd30-460e-96ef-5fa64c7fa3ce,5,30,578.0,578.0,26,19,XelatexRunner,    public XelatexRunner() {,matched,191.2,120,310.79999999999995,140,250.99999999999997,130.0
db8d48ca-37e0-4a43-9c7d-9424a10e4547,5,124,215.0,215.0,27,8,WHITESPACE,        super();,approx_whitespace,154.39999999999998,140,163.6,160,159.0,150.0
09baa4db-c21c-4424-bbf4-f475488eccc0,5,74,235.0,235.0,27,10,super,        super();,matched,163.6,140,209.6,160,186.6,150.0
342e4dba-56ec-47ae-b64d-61b8af73f34c,5,5,617.0,617.0,27,11,super,        super();,matched,163.6,140,209.6,160,186.6,150.0
cefa5754-599c-4fef-9467-10f06ef15150,5,36,170.0,170.0,27,11,super,        super();,matched,163.6,140,209.6,160,186.6,150.0
98b19442-a98a-46dc-87b1-5bd38ca78055,5,7,1584.0,1584.0,27,14,(),        super();,matched,209.6,140,228.0,160,218.8,150.0
f44a2381-4a40-43c3-92b6-f7139db4fa36,5,33,1390.0,1390.0,27,14,(),        super();,matched,209.6,140,228.0,160,218.8,150.0
13bb9153-7520-430c-8780-6783c7a2e506,5,1,269.0,269.0,27,15,(),        super();,matched,209.6,140,228.0,160,218.8,150.0
79f1669d-93a9-4623-95f3-22e9b49ed46b,5,37,692.0,692.0,27,15,(),        super();,matched,209.6,140,228.0,160,218.8,150.0
aaae4431-f9bf-4f8d-b931-079313537808,5,87,98.0,98.0,27,15,(),        super();,matched,209.6,140,228.0,160,218.8,150.0
a6e4ec7c-4a84-48e5-a9c5-0081a75e3fcf,5,6,270.0,270.0,27,16,;,        super();,matched,228.0,140,237.2,160,232.6,150.0
ec45c799-71fb-43f3-9023-27a20b4325da,5,81,699.0,699.0,27,17,WHITESPACE,        super();,approx_whitespace,228.0,140,237.2,160,232.6,150.0
2fe0f0c3-f0dc-44a5-a6b4-5f05e51b025d,5,148,550.0,550.0,30,6,protected,    protected String getWindowsProgramName() {,matched,126.8,200,209.6,220,168.2,210.0
229f72f8-f68f-4027-b2fc-a1f0582371a4,5,123,381.0,381.0,30,9,protected,    protected String getWindowsProgramName() {,matched,126.8,200,209.6,220,168.2,210.0
fec68807-ac08-4b04-9d0c-8485c6b57b3f,5,99,158.0,158.0,30,10,protected,    protected String getWindowsProgramName() {,matched,126.8,200,209.6,220,168.2,210.0
e0156d0a-bd13-4c01-8443-0418d5b279ce,5,145,84.0,84.0,30,11,protected,    protected String getWindowsProgramName() {,matched,126.8,200,209.6,220,168.2,210.0
d5873a75-d0cb-40f0-893b-66be3f519677,5,35,127.0,127.0,30,12,protected,    protected String getWindowsProgramName() {,matched,126.8,200,209.6,220,168.2,210.0
ad578749-a1cf-4fc3-ae57-c55d16086efc,5,96,174.0,174.0,30,15,String,    protected String getWindowsProgramName() {,matched,218.79999999999998,200,274.0,220,246.39999999999998,210.0
803a224a-9e69-4908-900c-df3fad1a291b,5,141,84.0,84.0,30,15,String,    protected String getWindowsProgramName() {,matched,218.79999999999998,200,274.0,220,246.39999999999998,210.0
43cd9a51-8a2c-476c-bce4-91c130080503,5,73,354.0,354.0,30,17,String,    protected String getWindowsProgramName() {,matched,218.79999999999998,200,274.0,220,246.39999999999998,210.0
6e059057-480a-477e-a5d0-2afcd90fee1f,5,122,195.0,195.0,30,19,String,    protected String getWindowsProgramName() {,matched,218.79999999999998,200,274.0,220,246.39999999999998,210.0
8bf6a02e-41a8-4bd9-aaa2-b55ee993ef90,5,139,163.0,163.0,30,20,String,    protected String getWindowsProgramName() {,matched,218.79999999999998,200,274.0,220,246.39999999999998,210.0
f5931b51-0be3-4a23-8be8-c8ce7019b53f,5,43,178.0,178.0,30,23,getWindowsProgramName,    protected String getWindowsProgramName() {,matched,283.2,200,476.4,220,379.79999999999995,210.0
118bc2d4-c767-4da5-b5d2-2a9ebfb6b6fa,5,98,515.0,515.0,30,24,getWindowsProgramName,    protected String getWindowsProgramName() {,matched,283.2,200,476.4,220,379.79999999999995,210.0
86f0dd48-000c-4c76-9a55-7d878bbf4560,5,83,611.0,611.0,30,28,getWindowsProgramName,    protected String getWindowsProgramName() {,matched,283.2,200,476.4,220,379.79999999999995,210.0
2fa19d4d-79a6-4291-a4a5-36ddd17813c3,5,44,204.0,204.0,30,31,getWindowsProgramName,    protected String getWindowsProgramName() {,matched,283.2,200,476.4,220,379.79999999999995,210.0
7735e225-d50f-4243-8645-c8d908eff198,5,102,185.0,185.0,30,35,getWindowsProgramName,    protected String getWindowsProgramName() {,matched,283.2,200,476.4,220,379.79999999999995,210.0
6032881b-0888-49dc-ad93-18cd51a7a71d,5,100,360.0,360.0,30,39,getWindowsProgramName,    protected String getWindowsProgramName() {,matched,283.2,200,476.4,220,379.79999999999995,210.0
240a7711-8d0f-445c-913e-c4f95baeb851,5,143,4066.0,4066.0,31,7,WHITESPACE,"        return ""xelatex.exe"";",approx_whitespace,209.6,220,218.79999999999998,240,214.2,230.0
5a7e92b0-f392-44ac-95c6-d0ac513cbb33,5,142,99.0,99.0,31,8,WHITESPACE,"        return ""xelatex.exe"";",approx_whitespace,228.0,220,237.2,240,232.6,230.0
3a6c533f-11e3-404d-a755-02bd293b43f0,5,127,288.0,288.0,31,9,return,"        return ""xelatex.exe"";",matched,163.6,220,218.79999999999998,240,191.2,230.0
f1d5c4fd-c96d-46b3-8c84-13ed921dc26d,5,136,407.0,407.0,31,9,return,"        return ""xelatex.exe"";",matched,163.6,220,218.79999999999998,240,191.2,230.0
6ff5cfce-c62b-442c-a4ba-d1b4871bca3d,5,97,92.0,92.0,31,13,return,"        return ""xelatex.exe"";",matched,163.6,220,218.79999999999998,240,191.2,230.0
bdf22d77-8b4c-4f8b-a195-a2ed58106a05,5,77,605.0,605.0,31,15,WHITESPACE,"        return ""xelatex.exe"";",approx_whitespace,347.59999999999997,220,356.79999999999995,240,352.19999999999993,230.0
36450670-f27e-4808-9519-bca77629bb01,5,147,3281.0,3281.0,31,15,WHITESPACE,"        return ""xelatex.exe"";",approx_whitespace,347.59999999999997,220,356.79999999999995,240,352.19999999999993,230.0
55fe62f7-a509-41d7-8353-3ef8c3ae259f,5,19,204.0,204.0,31,24,.,"        return ""xelatex.exe"";",matched,301.6,220,310.79999999999995,240,306.2,230.0
6be317ac-5503-4106-bdde-694c4840efb2,5,18,181.0,181.0,32,6,WHITESPACE,    },approx_whitespace,126.8,240,136.0,260,131.4,250.0
19a7f37b-87cd-46db-b522-89a992015016,5,26,398.0,398.0,34,18,String,    protected String getUnixProgramName() {,matched,218.79999999999998,280,274.0,300,246.39999999999998,290.0
a7d0df16-3919-436e-bf8a-bff7dc76c668,5,27,1345.0,1345.0,34,19,String,    protected String getUnixProgramName() {,matched,218.79999999999998,280,274.0,300,246.39999999999998,290.0
f26de599-7552-4133-8dfe-b48da8267b08,5,15,3264.0,3264.0,34,23,getUnixProgramName,    protected String getUnixProgramName() {,matched,283.2,280,448.79999999999995,300,366.0,290.0
246e5ebb-1c5e-47c7-89db-20fe80d417c1,5,41,185.0,185.0,34,23,getUnixProgramName,    protected String getUnixProgramName() {,matched,283.2,280,448.79999999999995,300,366.0,290.0
f6e5a56d-a543-46ff-9114-845a610c89ce,5,38,1717.0,1717.0,34,27,getUnixProgramName,    protected String getUnixProgramName() {,matched,283.2,280,448.79999999999995,300,366.0,290.0
fbcc383e-8c7e-4bd3-958d-e5bc9cf83e14,5,20,116.0,116.0,34,28,getUnixProgramName,    protected String getUnixProgramName() {,matched,283.2,280,448.79999999999995,300,366.0,290.0
089f5dfc-9a13-4456-b25c-c68aa858ae4f,5,42,120.0,120.0,34,28,getUnixProgramName,    protected String getUnixProgramName() {,matched,283.2,280,448.79999999999995,300,366.0,290.0
ec45a836-4e57-4a9b-b9c9-f0f2f771e6c3,5,40,202.0,202.0,34,30,getUnixProgramName,    protected String getUnixProgramName() {,matched,283.2,280,448.79999999999995,300,366.0,290.0
e01d9039-0825-4631-b923-4bbb881ffdaa,5,39,154.0,154.0,34,37,getUnixProgramName,    protected String getUnixProgramName() {,matched,283.2,280,448.79999999999995,300,366.0,290.0
e5b95f0b-3e0c-4bee-90df-ed295761fc74,5,94,207.0,207.0,38,8,public,    public String getDescription() {,matched,126.8,360,182.0,380,154.4,370.0
6cad8681-f465-43ef-93d0-f18250b4416d,5,93,174.0,174.0,38,19,getDescription,    public String getDescription() {,matched,255.6,360,384.4,380,320.0,370.0
57c96f24-35a5-4d6a-aacd-c3bbdea49d42,5,29,126.0,126.0,38,21,getDescription,    public String getDescription() {,matched,255.6,360,384.4,380,320.0,370.0
18f41a9a-de15-4d04-870b-2f183a95e39a,5,12,369.0,369.0,38,23,getDescription,    public String getDescription() {,matched,255.6,360,384.4,380,320.0,370.0
bd7190ba-9dc7-40bc-823e-03964b6bdde8,5,23,423.0,423.0,38,29,getDescription,    public String getDescription() {,matched,255.6,360,384.4,380,320.0,370.0
7a913fe7-b49e-441a-8288-d42768f6969d,5,24,456.0,456.0,38,31,getDescription,    public String getDescription() {,matched,255.6,360,384.4,380,320.0,370.0
f85bea7e-220d-4491-997a-75331933541f,5,88,233.0,233.0,38,32,getDescription,    public String getDescription() {,matched,255.6,360,384.4,380,320.0,370.0
30d351db-3a8c-4de6-9cd0-71abc399ab4a,5,82,181.0,181.0,38,33,(),    public String getDescription() {,matched,384.4,360,402.79999999999995,380,393.59999999999997,370.0
a3e5ee91-6acf-4abf-9abe-164172f63877,5,14,87.0,87.0,38,36,{,    public String getDescription() {,matched,412.0,360,421.2,380,416.6,370.0
312b9fab-5d0c-44d3-9720-f793b36d3c4d,5,92,882.0,882.0,39,8,WHITESPACE,"        return ""XeLatex program"";",approx_whitespace,191.2,380,200.39999999999998,400,195.79999999999998,390.0
b47be1e1-72b6-487b-a254-ed33660b6b6d,5,95,100.0,100.0,39,8,WHITESPACE,"        return ""XeLatex program"";",approx_whitespace,191.2,380,200.39999999999998,400,195.79999999999998,390.0
b757788c-21eb-4b6b-b299-de8882a91ad3,5,52,654.0,654.0,39,10,return,"        return ""XeLatex program"";",matched,163.6,380,218.79999999999998,400,191.2,390.0
81acd0b2-22e0-4910-9bad-008540fec679,5,90,22261.0,5000.0,39,10,return,"        return ""XeLatex program"";",matched,163.6,380,218.79999999999998,400,191.2,390.0
470de118-4a48-4569-80b9-e8409227b3af,5,89,190.0,190.0,39,13,return,"        return ""XeLatex program"";",matched,163.6,380,218.79999999999998,400,191.2,390.0
084e4ba5-b849-4bc0-a05b-3a5bdaa10008,5,84,208.0,208.0,39,24,WHITESPACE,"        return ""XeLatex program"";",approx_whitespace,384.4,380,393.59999999999997,400,389.0,390.0
d58d364a-3559-4209-9fa1-2e866ce33737,5,105,95.0,95.0,43,9,Enable,     * Enable SyncTeX,matched,154.39999999999998,460,209.6,480,182.0,470.0
3d5a8797-4c5a-492d-9ef0-bdef9048a857,5,55,403.0,403.0,45,12,String,    public String getDefaultArguments() {,matched,191.2,500,246.39999999999998,520,218.79999999999998,510.0
45856a48-f821-41e8-86e3-c9d746d7585b,5,70,618.0,618.0,45,25,getDefaultArguments,    public String getDefaultArguments() {,matched,255.6,500,430.4,520,343.0,510.0
3f9e838c-b738-4cb5-bfa5-5e14b6536774,5,104,184.0,184.0,45,30,getDefaultArguments,    public String getDefaultArguments() {,matched,255.6,500,430.4,520,343.0,510.0
d6c118cd-368f-411f-a328-e34e1d4fdfe6,5,114,94.0,94.0,45,33,getDefaultArguments,    public String getDefaultArguments() {,matched,255.6,500,430.4,520,343.0,510.0
7ab3ff06-0b62-4a7b-be4e-67aa8f4f597e,5,69,127.0,127.0,45,42,WHITESPACE,    public String getDefaultArguments() {,approx_whitespace,458.0,500,467.2,520,462.6,510.0
a5462619-8ffe-4a1a-8eb6-851ee0bd6b0c,5,71,237.0,237.0,46,10,return,"        return ""-synctex=1 ""+super.getDefaultArguments();",matched,163.6,520,218.79999999999998,540,191.2,530.0
2ee2a6e0-2aa3-4548-b043-470fdfce91f1,5,72,591.0,591.0,46,14,return,"        return ""-synctex=1 ""+super.getDefaultArguments();",matched,163.6,520,218.79999999999998,540,191.2,530.0
0b03433f-0cc5-4b04-a219-0528a105de4a,5,112,299.0,299.0,46,14,return,"        return ""-synctex=1 ""+super.getDefaultArguments();",matched,163.6,520,218.79999999999998,540,191.2,530.0
f0bfa836-7642-4e80-8fb9-244b07dca812,5,106,87.0,87.0,46,15,WHITESPACE,"        return ""-synctex=1 ""+super.getDefaultArguments();",approx_whitespace,605.1999999999999,520,614.4,540,609.8,530.0
2d996208-5971-4834-b923-bc14bd48375c,5,54,357.0,357.0,46,17,-,"        return ""-synctex=1 ""+super.getDefaultArguments();",matched,237.2,520,246.39999999999998,540,241.79999999999998,530.0
818c4fdb-80e7-48d5-90ea-553c171bd808,5,111,234.0,234.0,46,19,synctex,"        return ""-synctex=1 ""+super.getDefaultArguments();",matched,246.39999999999998,520,310.79999999999995,540,278.59999999999997,530.0
32d97f39-a195-46b0-9cd9-72832cc60a83,5,113,190.0,190.0,46,21,synctex,"        return ""-synctex=1 ""+super.getDefaultArguments();",matched,246.39999999999998,520,310.79999999999995,540,278.59999999999997,530.0
31ab7d29-f76f-4980-8c12-f689599ac9bd,5,56,888.0,888.0,46,22,synctex,"        return ""-synctex=1 ""+super.getDefaultArguments();",matched,246.39999999999998,520,310.79999999999995,540,278.59999999999997,530.0
04a9710f-456c-4ae5-8d8b-fc65f8ce1e24,5,59,176.0,176.0,46,24,synctex,"        return ""-synctex=1 ""+super.getDefaultArguments();",matched,246.39999999999998,520,310.79999999999995,540,278.59999999999997,530.0
1c1bb7e7-6cd4-4c20-83ae-b2dcc399a00a,5,107,213.0,213.0,46,24,synctex,"        return ""-synctex=1 ""+super.getDefaultArguments();",matched,246.39999999999998,520,310.79999999999995,540,278.59999999999997,530.0
cd6fb475-8d89-4333-acbb-5501bfbbcc17,5,121,160.0,160.0,46,35,.,"        return ""-synctex=1 ""+super.getDefaultArguments();",matched,402.79999999999995,520,412.0,540,407.4,530.0
fd2df71f-6244-4242-bbd0-bec861b50c37,5,109,254.0,254.0,46,37,getDefaultArguments,"        return ""-synctex=1 ""+super.getDefaultArguments();",matched,412.0,520,586.8,540,499.4,530.0
606e4764-b1ef-4cfa-9b22-5d824da8b894,5,62,136.0,136.0,46,40,getDefaultArguments,"        return ""-synctex=1 ""+super.getDefaultArguments();",matched,412.0,520,586.8,540,499.4,530.0
5508a88c-21f8-4066-890e-99eaf3965cda,5,110,181.0,181.0,46,45,getDefaultArguments,"        return ""-synctex=1 ""+super.getDefaultArguments();",matched,412.0,520,586.8,540,499.4,530.0
cd0273de-8db8-4f1f-b9e0-8813e660a837,5,108,260.0,260.0,46,46,getDefaultArguments,"        return ""-synctex=1 ""+super.getDefaultArguments();",matched,412.0,520,586.8,540,499.4,530.0
1434ae1c-9a31-4f65-b644-9a68035df83d,5,57,388.0,388.0,47,5,},    },matched,126.8,540,136.0,560,131.4,550.0
8e3fcc13-126f-487a-9824-63944ca7e0cb,5,63,270.0,270.0,52,11,WHITESPACE,    public String getOutputFormat() {,approx_whitespace,421.2,640,430.4,660,425.79999999999995,650.0
0f19e2b5-de22-4a22-9d14-f999309aa3fe,5,67,192.0,192.0,52,12,String,    public String getOutputFormat() {,matched,191.2,640,246.39999999999998,660,218.79999999999998,650.0
6f1e4962-1356-4668-b12f-78562475794d,5,115,341.0,341.0,52,24,getOutputFormat,    public String getOutputFormat() {,matched,255.6,640,393.59999999999997,660,324.59999999999997,650.0
067413bb-731f-4914-b785-13da526ce582,5,120,336.0,336.0,53,22,TexlipseProperties,        return TexlipseProperties.OUTPUT_FORMAT_PDF;,matched,228.0,660,393.59999999999997,680,310.79999999999995,670.0
83afb4c7-e6df-4c32-8910-7ef581b40fdf,5,119,1720.0,1720.0,53,23,TexlipseProperties,        return TexlipseProperties.OUTPUT_FORMAT_PDF;,matched,228.0,660,393.59999999999997,680,310.79999999999995,670.0
bcc18fa7-a608-4d30-9400-cbfcb6bf026c,5,60,244.0,244.0,53,24,TexlipseProperties,        return TexlipseProperties.OUTPUT_FORMAT_PDF;,matched,228.0,660,393.59999999999997,680,310.79999999999995,670.0
8fdbc835-e09b-485c-977a-7788a67ddf8d,5,118,88.0,88.0,53,27,TexlipseProperties,        return TexlipseProperties.OUTPUT_FORMAT_PDF;,matched,228.0,660,393.59999999999997,680,310.79999999999995,670.0
6c53936e-ef29-4557-8067-5d2a39825978,5,61,85.0,85.0,53,32,TexlipseProperties,        return TexlipseProperties.OUTPUT_FORMAT_PDF;,matched,228.0,660,393.59999999999997,680,310.79999999999995,670.0
be720e2e-a4c5-48a6-a8b0-040c7d4feea4,5,116,139.0,139.0,53,41,OUTPUT_FORMAT_PDF;,        return TexlipseProperties.OUTPUT_FORMAT_PDF;,matched,402.79999999999995,660,568.4,680,485.59999999999997,670.0
911ab463-d15d-488c-bbf2-04a9e8c8dd58,5,68,335.0,335.0,53,47,OUTPUT_FORMAT_PDF;,        return TexlipseProperties.OUTPUT_FORMAT_PDF;,matched,402.79999999999995,660,568.4,680,485.59999999999997,670.0
16942637-1951-4933-b793-081205c6abb7,5,117,125.0,125.0,53,49,OUTPUT_FORMAT_PDF;,        return TexlipseProperties.OUTPUT_FORMAT_PDF;,matched,402.79999999999995,660,568.4,680,485.59999999999997,670.0
af0d7d01-8fdf-4631-9d22-6ff68b65e8f4,6,36,151.0,151.0,21,10,class, public class XelatexRunner extends LatexRunner {,matched,163.6,20,209.6,40,186.6,30.0
c0c49060-8390-41f0-87cd-61f6794ba56a,6,3,390.0,390.0,21,14,WHITESPACE, public class XelatexRunner extends LatexRunner {,approx_whitespace,531.5999999999999,20,540.8,40,536.1999999999999,30.0
8b6b5c94-db41-4927-bb9f-39b80eef313a,6,9,1318.0,1318.0,21,17,XelatexRunner, public class XelatexRunner extends LatexRunner {,matched,218.79999999999998,20,338.4,40,278.59999999999997,30.0
9c7c739f-dece-4cde-9d40-0f3af03c5ccb,6,34,199.0,199.0,21,18,XelatexRunner, public class XelatexRunner extends LatexRunner {,matched,218.79999999999998,20,338.4,40,278.59999999999997,30.0
3c551530-f6f9-4916-9585-eac1c975f6d7,6,46,480.0,480.0,21,18,XelatexRunner, public class XelatexRunner extends LatexRunner {,matched,218.79999999999998,20,338.4,40,278.59999999999997,30.0
656f9ba3-52f6-432c-9926-612a3bf2e8ce,6,6,452.0,452.0,21,19,XelatexRunner, public class XelatexRunner extends LatexRunner {,matched,218.79999999999998,20,338.4,40,278.59999999999997,30.0
842c1eb0-352e-4c0f-81e7-45e666056ef3,6,11,1540.0,1540.0,21,20,XelatexRunner, public class XelatexRunner extends LatexRunner {,matched,218.79999999999998,20,338.4,40,278.59999999999997,30.0
26ab47cd-eb36-4c48-9433-3052f8af3d13,6,15,451.0,451.0,21,20,XelatexRunner, public class XelatexRunner extends LatexRunner {,matched,218.79999999999998,20,338.4,40,278.59999999999997,30.0
c8596a58-ed53-4e58-a158-bbdb42c41310,6,7,110.0,110.0,21,29,extends, public class XelatexRunner extends LatexRunner {,matched,347.59999999999997,20,412.0,40,379.79999999999995,30.0
5813f88c-7b8f-4258-914f-332ba8c72217,6,10,233.0,233.0,21,39,LatexRunner, public class XelatexRunner extends LatexRunner {,matched,237.2,20,338.4,40,287.79999999999995,30.0
4ae4b54d-0987-41c3-be2d-ee22f3e7373e,6,8,283.0,283.0,21,40,LatexRunner, public class XelatexRunner extends LatexRunner {,matched,237.2,20,338.4,40,287.79999999999995,30.0
fc61dd4d-6722-44ae-ae0c-8d0a242669b9,6,4,230.0,230.0,21,41,LatexRunner, public class XelatexRunner extends LatexRunner {,matched,421.2,20,522.4,40,471.79999999999995,30.0
9db253bc-8642-4b13-ac9f-fa77b1d28f04,6,49,188.0,188.0,21,41,LatexRunner, public class XelatexRunner extends LatexRunner {,matched,421.2,20,522.4,40,471.79999999999995,30.0
eb243e25-2d7c-499c-88b4-87926703ad94,6,5,205.0,205.0,24,15,a,     * Create a new ProgramRunner.,matched,182.0,80,191.2,100,186.6,90.0
371c4a9f-8e33-4d3c-8de1-407eb0b15dc1,6,14,131.0,131.0,24,18,new,     * Create a new ProgramRunner.,matched,237.2,80,264.79999999999995,100,250.99999999999997,90.0
7571e5fc-5658-4e1e-b223-c20cc220a7ab,6,16,143.0,143.0,24,24,ProgramRunner.,     * Create a new ProgramRunner.,matched,274.0,80,402.79999999999995,100,338.4,90.0
1d72986e-7bbb-4ac1-ab68-a72394611d81,6,55,283.0,283.0,24,32,ProgramRunner.,     * Create a new ProgramRunner.,matched,274.0,80,402.79999999999995,100,338.4,90.0
2995ccdf-1822-410d-b1b4-00ad944afef9,6,57,85.0,85.0,24,33,ProgramRunner.,     * Create a new ProgramRunner.,matched,274.0,80,402.79999999999995,100,338.4,90.0
08396a38-a15a-49d6-8958-f48d62295ac1,6,59,756.0,756.0,26,6,public,    public XelatexRunner() {,matched,126.8,120,182.0,140,154.4,130.0
14ed965b-1b28-4eeb-bc42-f8e54aebd98d,6,18,156.0,156.0,26,23,XelatexRunner,    public XelatexRunner() {,matched,191.2,120,310.79999999999995,140,250.99999999999997,130.0
5fc2ad51-8b46-4ea1-b6b8-6d26eb589c66,6,2,560.0,560.0,27,14,(),        super();,matched,209.6,140,228.0,160,218.8,150.0
37853da7-d1cb-4271-b867-a07b9432347c,6,17,483.0,483.0,27,15,(),        super();,matched,209.6,140,228.0,160,218.8,150.0
dce8c34c-81b4-4e37-8004-d2ad2dabca25,6,48,893.0,893.0,27,15,(),        super();,matched,209.6,140,228.0,160,218.8,150.0
8127cc6a-7b42-4955-882d-534bee0f2999,6,13,623.0,623.0,27,17,WHITESPACE,        super();,approx_whitespace,228.0,140,237.2,160,232.6,150.0
237d93fc-6488-4c49-9a2c-c32637d364d3,6,45,86.0,86.0,28,6,WHITESPACE,    },approx_whitespace,126.8,160,136.0,180,131.4,170.0
15dd5eb8-ef6c-468d-9ad1-4e5a5757f33c,6,50,193.0,193.0,30,14,WHITESPACE,    protected String getWindowsProgramName() {,approx_whitespace,503.99999999999994,200,513.2,220,508.6,210.0
ab3a2474-5e95-424e-89db-827534ca9671,6,1,412.0,412.0,30,27,getWindowsProgramName,    protected String getWindowsProgramName() {,matched,283.2,200,476.4,220,379.79999999999995,210.0
d7b16b01-6f1e-4270-b514-4876e8f87e22,6,35,159.0,159.0,31,10,return,"        return ""xelatex.exe"";",matched,163.6,220,218.79999999999998,240,191.2,230.0
9183af86-7ee8-411d-8ded-d46650f4af3c,6,37,164.0,164.0,34,5,protected,    protected String getUnixProgramName() {,matched,126.8,280,209.6,300,168.2,290.0
eb5e6d81-421b-490c-94d3-d290b784735a,6,42,192.0,192.0,34,7,protected,    protected String getUnixProgramName() {,matched,126.8,280,209.6,300,168.2,290.0
91eaded6-1f42-444c-a0f8-4213889b138b,6,44,3392.0,3392.0,34,14,WHITESPACE,    protected String getUnixProgramName() {,approx_whitespace,347.59999999999997,280,356.79999999999995,300,352.19999999999993,290.0
1871bd9d-ef64-49ad-8efd-1b648821310f,6,41,269.0,269.0,34,21,WHITESPACE,    protected String getUnixProgramName() {,approx_whitespace,476.4,280,485.59999999999997,300,481.0,290.0
90871860-9564-42d5-bf28-8bfb85af48b8,6,38,16187.0,5000.0,34,32,getUnixProgramName,    protected String getUnixProgramName() {,matched,283.2,280,448.79999999999995,300,366.0,290.0
93dd89f8-5506-4e18-9ff0-31a042f9f735,6,39,390.0,390.0,34,34,getUnixProgramName,    protected String getUnixProgramName() {,matched,283.2,280,448.79999999999995,300,366.0,290.0
1c57a133-0702-488c-84ed-f7276ea56cde,6,40,386.0,386.0,34,41,(),    protected String getUnixProgramName() {,matched,448.79999999999995,280,467.2,300,458.0,290.0
9de5ad13-58ef-4a9a-861b-14ccf268ffa0,6,12,164.0,164.0,38,12,String,    public String getDescription() {,matched,191.2,360,246.39999999999998,380,218.79999999999998,370.0
c0f0d334-aebe-42fc-a372-3e33ae5661e9,6,53,136.0,136.0,38,22,getDescription,    public String getDescription() {,matched,255.6,360,384.4,380,320.0,370.0
5d38070d-0f88-4494-b17f-9b1195200a79,6,20,163.0,163.0,46,18,synctex,"        return ""-synctex=1 ""+super.getDefaultArguments();",matched,246.39999999999998,520,310.79999999999995,540,278.59999999999997,530.0
37cd1161-0eb9-44c0-bf9b-9611ea9254bd,6,25,193.0,193.0,46,21,synctex,"        return ""-synctex=1 ""+super.getDefaultArguments();",matched,246.39999999999998,520,310.79999999999995,540,278.59999999999997,530.0
8c142bf0-d806-4499-9925-a4e2748ca337,6,29,337.0,337.0,46,24,synctex,"        return ""-synctex=1 ""+super.getDefaultArguments();",matched,246.39999999999998,520,310.79999999999995,540,278.59999999999997,530.0
dcb8f421-b6de-4626-82a9-a2ac63914d2a,6,30,298.0,298.0,46,31,super,"        return ""-synctex=1 ""+super.getDefaultArguments();",matched,356.79999999999995,520,402.79999999999995,540,379.79999999999995,530.0
095b4577-753a-44d1-9bef-f19063a966f8,6,26,97.0,97.0,46,32,super,"        return ""-synctex=1 ""+super.getDefaultArguments();",matched,356.79999999999995,520,402.79999999999995,540,379.79999999999995,530.0
d2c046b8-f957-4312-bd9c-755f70f03a53,6,22,564.0,564.0,53,12,return,        return TexlipseProperties.OUTPUT_FORMAT_PDF;,matched,163.6,660,218.79999999999998,680,191.2,670.0
c8f7ae3d-b2cf-49ed-8669-3ddd12c24111,6,23,261.0,261.0,53,20,TexlipseProperties,        return TexlipseProperties.OUTPUT_FORMAT_PDF;,matched,228.0,660,393.59999999999997,680,310.79999999999995,670.0
9812a9e5-31df-4420-80f2-5f90bc2580e5,6,27,236.0,236.0,53,20,TexlipseProperties,        return TexlipseProperties.OUTPUT_FORMAT_PDF;,matched,228.0,660,393.59999999999997,680,310.79999999999995,670.0
445a153e-2073-414c-9502-e7c05a1921e9,6,28,221.0,221.0,53,26,TexlipseProperties,        return TexlipseProperties.OUTPUT_FORMAT_PDF;,matched,228.0,660,393.59999999999997,680,310.79999999999995,670.0
57595678-1ae7-42f1-93b7-f4c7de8590f4,6,24,95.0,95.0,53,40,OUTPUT_FORMAT_PDF;,        return TexlipseProperties.OUTPUT_FORMAT_PDF;,matched,402.79999999999995,660,568.4,680,485.59999999999997,670.0
e71c5753-5ed5-4a59-af3f-1864a75f7783,7,17,768.0,768.0,21,19,XelatexRunner, public class XelatexRunner extends LatexRunner {,matched,218.79999999999998,20,338.4,40,278.59999999999997,30.0
7505c5ed-4bc4-4de9-b4f3-7a63b611f86e,7,20,2116.0,2116.0,21,22,XelatexRunner, public class XelatexRunner extends LatexRunner {,matched,218.79999999999998,20,338.4,40,278.59999999999997,30.0
ee8c1c7a-bfc0-4be2-a977-924ccdd8f38f,7,48,256.0,256.0,21,24,XelatexRunner, public class XelatexRunner extends LatexRunner {,matched,218.79999999999998,20,338.4,40,278.59999999999997,30.0
fa376153-9915-436d-b7fb-a13d93c6dd34,7,38,221.0,221.0,21,26,XelatexRunner, public class XelatexRunner extends LatexRunner {,matched,218.79999999999998,20,338.4,40,278.59999999999997,30.0
aeed1562-e10a-4045-b7a7-b14ce409d013,7,21,542.0,542.0,21,40,LatexRunner, public class XelatexRunner extends LatexRunner {,matched,237.2,20,338.4,40,287.79999999999995,30.0
4d9cc2c4-ba28-41e6-8b9b-5a625fa0d5d7,7,18,338.0,338.0,27,15,(),        super();,matched,209.6,140,228.0,160,218.8,150.0
b0f36435-da09-4569-bbd9-add051c5f5ff,7,36,443.0,443.0,27,16,;,        super();,matched,228.0,140,237.2,160,232.6,150.0
1e84283d-2ca8-455c-8919-83083a860977,7,16,312.0,312.0,30,20,String,    protected String getWindowsProgramName() {,matched,218.79999999999998,200,274.0,220,246.39999999999998,210.0
a1ee3587-9947-44e7-b546-4a341e988f61,7,37,571.0,571.0,30,28,getWindowsProgramName,    protected String getWindowsProgramName() {,matched,283.2,200,476.4,220,379.79999999999995,210.0
7d59cae5-d55a-4b83-84ab-b88238d3ed3c,7,51,763.0,763.0,31,7,WHITESPACE,"        return ""xelatex.exe"";",approx_whitespace,347.59999999999997,220,356.79999999999995,240,352.19999999999993,230.0
a83af364-ab0b-4c66-85ce-26d3ffc0b8e3,7,50,403.0,403.0,31,24,.,"        return ""xelatex.exe"";",matched,301.6,220,310.79999999999995,240,306.2,230.0
db152dbe-3feb-4150-a0c0-700fb33bb353,7,23,2324.0,2324.0,34,11,protected,    protected String getUnixProgramName() {,matched,126.8,280,209.6,300,168.2,290.0
8ff1a125-60c1-41e2-b650-127a032586d5,7,15,349.0,349.0,34,19,String,    protected String getUnixProgramName() {,matched,218.79999999999998,280,274.0,300,246.39999999999998,290.0
5ec7e635-0b5f-4659-b936-27154a38e8d3,7,24,306.0,306.0,34,19,String,    protected String getUnixProgramName() {,matched,218.79999999999998,280,274.0,300,246.39999999999998,290.0
132142c0-797e-425c-b737-f0a80cd22dab,7,40,384.0,384.0,34,24,getUnixProgramName,    protected String getUnixProgramName() {,matched,283.2,280,448.79999999999995,300,366.0,290.0
ebc14a6b-72a0-4411-862f-dc13835fef19,7,25,283.0,283.0,34,25,getUnixProgramName,    protected String getUnixProgramName() {,matched,283.2,280,448.79999999999995,300,366.0,290.0
7578cab0-bd31-4cd8-9121-cf6c7cc919e6,7,55,849.0,849.0,35,6,WHITESPACE,"        return ""xelatex"";",approx_whitespace,310.79999999999995,300,320.0,320,315.4,310.0
c1f5fb85-c068-4a89-9aae-067e583fab28,7,56,320.0,320.0,35,12,return,"        return ""xelatex"";",matched,163.6,300,218.79999999999998,320,191.2,310.0
35b344f8-87a6-4bcd-bbfc-e3896ef71923,7,5,1643.0,1643.0,38,9,public,    public String getDescription() {,matched,126.8,360,182.0,380,154.4,370.0
79ceb222-56ec-47d4-91f1-149ea82a727a,7,27,156.0,156.0,38,12,String,    public String getDescription() {,matched,191.2,360,246.39999999999998,380,218.79999999999998,370.0
fb40532e-6fc3-4b28-8807-90344a9d7b86,7,26,190.0,190.0,38,21,getDescription,    public String getDescription() {,matched,255.6,360,384.4,380,320.0,370.0
5d81ea55-1d92-4bf7-9fe6-97d065b53b0b,7,34,240.0,240.0,38,29,getDescription,    public String getDescription() {,matched,255.6,360,384.4,380,320.0,370.0
8ffb799b-404f-4176-9f9d-f142ca1e170a,7,57,1550.0,1550.0,39,6,WHITESPACE,"        return ""XeLatex program"";",approx_whitespace,384.4,380,393.59999999999997,400,389.0,390.0
7a3915eb-588e-4804-9d28-d8dcaacbe8b3,7,67,419.0,419.0,39,13,return,"        return ""XeLatex program"";",matched,163.6,380,218.79999999999998,400,191.2,390.0
d90ce631-4705-4131-ac43-0982a941fdeb,7,68,239.0,239.0,43,7,WHITESPACE,     * Enable SyncTeX,approx_whitespace,274.0,460,283.2,480,278.6,470.0
566a90ed-1a26-4277-afe6-5d45355cab46,7,70,1584.0,1584.0,43,7,WHITESPACE,     * Enable SyncTeX,approx_whitespace,274.0,460,283.2,480,278.6,470.0
5668c412-b7c3-4bd4-9ca3-0fe0be9cba12,7,75,2743.0,2743.0,43,8,Enable,     * Enable SyncTeX,matched,154.39999999999998,460,209.6,480,182.0,470.0
40167c6e-dc5a-44c3-b56f-600ada4a9a21,7,78,2461.0,2461.0,43,8,Enable,     * Enable SyncTeX,matched,154.39999999999998,460,209.6,480,182.0,470.0
a1602598-ae39-4dee-af51-ae29d0feb1de,7,79,1249.0,1249.0,43,8,Enable,     * Enable SyncTeX,matched,154.39999999999998,460,209.6,480,182.0,470.0
233bba21-3526-4851-bdf9-dabf8325a78d,7,69,1256.0,1256.0,43,9,Enable,     * Enable SyncTeX,matched,154.39999999999998,460,209.6,480,182.0,470.0
246e93da-74d2-4bd0-9f83-d08e5cc29bc2,7,7,504.0,504.0,43,18,SyncTeX,     * Enable SyncTeX,matched,218.79999999999998,460,283.2,480,251.0,470.0
2dc25ddd-1275-44e3-8eeb-6540eb8d70e6,7,3,183.0,183.0,45,5,public,    public String getDefaultArguments() {,matched,126.8,500,182.0,520,154.4,510.0
c315db05-69c6-47a6-92fa-2690fee66932,7,66,345.0,345.0,45,9,public,    public String getDefaultArguments() {,matched,126.8,500,182.0,520,154.4,510.0
7b6f8e35-1de1-4c7d-a3eb-2b7d21714723,7,72,256.0,256.0,45,9,public,    public String getDefaultArguments() {,matched,126.8,500,182.0,520,154.4,510.0
98a6aa24-f0be-4748-9dc9-2609149da12f,7,1,160.0,160.0,45,10,public,    public String getDefaultArguments() {,matched,126.8,500,182.0,520,154.4,510.0
90760cfa-1165-4110-93ae-ba45c139bf6e,7,71,533.0,533.0,45,14,String,    public String getDefaultArguments() {,matched,191.2,500,246.39999999999998,520,218.79999999999998,510.0
9fa5e8bb-aaa0-4795-b499-71c01e176755,7,46,148.0,148.0,45,15,String,    public String getDefaultArguments() {,matched,191.2,500,246.39999999999998,520,218.79999999999998,510.0
2595d068-a756-4920-bece-50637752d9cb,7,2,449.0,449.0,45,16,String,    public String getDefaultArguments() {,matched,191.2,500,246.39999999999998,520,218.79999999999998,510.0
35e4b063-8a91-4e1b-8d1e-053f2ad801b7,7,6,1289.0,1289.0,45,16,String,    public String getDefaultArguments() {,matched,191.2,500,246.39999999999998,520,218.79999999999998,510.0
64a99c97-4db6-470e-8464-6be297cdcce3,7,63,1522.0,1522.0,45,18,WHITESPACE,    public String getDefaultArguments() {,approx_whitespace,458.0,500,467.2,520,462.6,510.0
58fd2089-7919-4077-82d3-37090f4ff500,7,14,289.0,289.0,45,21,getDefaultArguments,    public String getDefaultArguments() {,matched,255.6,500,430.4,520,343.0,510.0
bc71f434-a2b8-424e-9d34-d00ab0fd8831,7,33,91.0,91.0,45,31,getDefaultArguments,    public String getDefaultArguments() {,matched,255.6,500,430.4,520,343.0,510.0
a67737d3-396f-4718-be2d-61e9bf7c2f46,7,60,807.0,807.0,46,7,WHITESPACE,"        return ""-synctex=1 ""+super.getDefaultArguments();",approx_whitespace,605.1999999999999,520,614.4,540,609.8,530.0
811a7368-165a-4609-b2ae-64ef467c3747,7,77,146.0,146.0,46,13,return,"        return ""-synctex=1 ""+super.getDefaultArguments();",matched,163.6,520,218.79999999999998,540,191.2,530.0
5694399e-a2b2-47ce-907f-c8b8ce08dfe5,7,74,87.0,87.0,46,21,synctex,"        return ""-synctex=1 ""+super.getDefaultArguments();",matched,246.39999999999998,520,310.79999999999995,540,278.59999999999997,530.0
67df9abf-4981-42b4-9118-1308a97a4274,7,65,179.0,179.0,46,23,synctex,"        return ""-synctex=1 ""+super.getDefaultArguments();",matched,246.39999999999998,520,310.79999999999995,540,278.59999999999997,530.0
68df0747-2741-46b1-a64d-500ed597dc6f,7,76,256.0,256.0,46,25,=,"        return ""-synctex=1 ""+super.getDefaultArguments();",matched,310.79999999999995,520,320.0,540,315.4,530.0
60f7010c-5d6e-4167-b013-be307963e1d3,7,80,578.0,578.0,46,25,=,"        return ""-synctex=1 ""+super.getDefaultArguments();",matched,310.79999999999995,520,320.0,540,315.4,530.0
e5ca8636-5d54-483c-ac96-ed35aff7af65,7,73,339.0,339.0,46,32,super,"        return ""-synctex=1 ""+super.getDefaultArguments();",matched,356.79999999999995,520,402.79999999999995,540,379.79999999999995,530.0
a5ad49ef-b238-4402-b2e3-7f2a8ca4230f,7,30,188.0,188.0,46,38,getDefaultArguments,"        return ""-synctex=1 ""+super.getDefaultArguments();",matched,412.0,520,586.8,540,499.4,530.0
e5d343b2-bdf0-4f03-9f40-ad08c7b141d9,7,8,158.0,158.0,46,52,getDefaultArguments,"        return ""-synctex=1 ""+super.getDefaultArguments();",matched,412.0,520,586.8,540,499.4,530.0
4b6b32dc-15c1-4b6c-8a08-7e5e9c07029c,7,45,166.0,166.0,50,24,file,     * @return output file format (pdf),matched,292.4,600,329.2,620,310.79999999999995,610.0
93ac1918-edd3-4ada-96c4-63cbfde2e6bd,7,64,163.0,163.0,50,28,format,     * @return output file format (pdf),matched,338.4,600,393.59999999999997,620,366.0,610.0
b6956016-adf8-4b29-adb2-3b9d2d39aed5,7,4,128.0,128.0,52,6,public,    public String getOutputFormat() {,matched,126.8,640,182.0,660,154.4,650.0
266d49d9-3aef-4628-b934-cd6f806205e0,7,12,117.0,117.0,52,18,WHITESPACE,    public String getOutputFormat() {,approx_whitespace,421.2,640,430.4,660,425.79999999999995,650.0
dc6dc13c-bec1-4902-a46b-6818364d490c,7,61,181.0,181.0,52,19,getOutputFormat,    public String getOutputFormat() {,matched,255.6,640,393.59999999999997,660,324.59999999999997,650.0
52a7e166-3572-4b9d-8ae6-b5d13665b362,7,9,356.0,356.0,52,23,getOutputFormat,    public String getOutputFormat() {,matched,255.6,640,393.59999999999997,660,324.59999999999997,650.0
39f3de92-8240-4a6c-a037-2df2887b09fb,7,62,291.0,291.0,52,25,getOutputFormat,    public String getOutputFormat() {,matched,255.6,640,393.59999999999997,660,324.59999999999997,650.0
0f08e492-e552-414b-87d3-32bdc346c70f,7,82,401.0,401.0,53,8,WHITESPACE,        return TexlipseProperties.OUTPUT_FORMAT_PDF;,approx_whitespace,559.2,660,568.4,680,563.8,670.0
ad93f169-0cf0-4cdd-8e3b-bd269b750f1c,7,11,164.0,164.0,53,10,return,        return TexlipseProperties.OUTPUT_FORMAT_PDF;,matched,163.6,660,218.79999999999998,680,191.2,670.0
5965a0f6-b946-484c-af08-7984f689ab23,7,42,291.0,291.0,53,20,TexlipseProperties,        return TexlipseProperties.OUTPUT_FORMAT_PDF;,matched,228.0,660,393.59999999999997,680,310.79999999999995,670.0
3c364b97-91d6-40e4-9c78-418b6728065d,7,81,561.0,561.0,53,21,TexlipseProperties,        return TexlipseProperties.OUTPUT_FORMAT_PDF;,matched,228.0,660,393.59999999999997,680,310.79999999999995,670.0
6cc37119-e6ec-4076-a937-3208f2b2b551,7,13,376.0,376.0,53,23,TexlipseProperties,        return TexlipseProperties.OUTPUT_FORMAT_PDF;,matched,228.0,660,393.59999999999997,680,310.79999999999995,670.0
08a6d6ee-10f1-4448-90d7-246ce958dd0c,7,28,205.0,205.0,53,23,TexlipseProperties,        return TexlipseProperties.OUTPUT_FORMAT_PDF;,matched,228.0,660,393.59999999999997,680,310.79999999999995,670.0
06d919d2-de66-4999-96bf-2228933f33fa,7,44,2211.0,2211.0,53,25,TexlipseProperties,        return TexlipseProperties.OUTPUT_FORMAT_PDF;,matched,228.0,660,393.59999999999997,680,310.79999999999995,670.0
f639c882-924c-4e1a-a1fc-3aac378d6886,7,31,229.0,229.0,53,26,TexlipseProperties,        return TexlipseProperties.OUTPUT_FORMAT_PDF;,matched,228.0,660,393.59999999999997,680,310.79999999999995,670.0
b19ceb48-7931-433c-8a13-04e2cde2bb9f,7,43,243.0,243.0,53,27,TexlipseProperties,        return TexlipseProperties.OUTPUT_FORMAT_PDF;,matched,228.0,660,393.59999999999997,680,310.79999999999995,670.0
8de01aba-9da4-47cb-98a9-55197dc1e18f,7,29,276.0,276.0,53,32,TexlipseProperties,        return TexlipseProperties.OUTPUT_FORMAT_PDF;,matched,228.0,660,393.59999999999997,680,310.79999999999995,670.0
cdab250b-b91e-4035-ab79-016bb11edb0b,7,32,385.0,385.0,53,33,TexlipseProperties,        return TexlipseProperties.OUTPUT_FORMAT_PDF;,matched,228.0,660,393.59999999999997,680,310.79999999999995,670.0
dae67d12-b2df-4ead-818a-3b65ca0ce8fc,8,25,127.0,127.0,21,5,public, public class XelatexRunner extends LatexRunner {,matched,99.2,20,154.39999999999998,40,126.79999999999998,30.0
2bdd605f-1afe-4aef-8922-a85bb1f9704b,8,3,2039.0,2039.0,21,18,XelatexRunner, public class XelatexRunner extends LatexRunner {,matched,218.79999999999998,20,338.4,40,278.59999999999997,30.0
91f5a741-04ad-4487-b754-78fff8a75944,8,26,238.0,238.0,21,20,XelatexRunner, public class XelatexRunner extends LatexRunner {,matched,218.79999999999998,20,338.4,40,278.59999999999997,30.0
ea19ecae-9eff-41ee-ace6-31448462695c,8,6,500.0,500.0,21,32,extends, public class XelatexRunner extends LatexRunner {,matched,347.59999999999997,20,412.0,40,379.79999999999995,30.0
fbf520b8-3a18-44b8-98c0-a4e55fa7c362,8,5,294.0,294.0,21,39,LatexRunner, public class XelatexRunner extends LatexRunner {,matched,237.2,20,338.4,40,287.79999999999995,30.0
811e6458-ed67-42d9-a3a6-5642e9e417e9,8,7,211.0,211.0,21,39,LatexRunner, public class XelatexRunner extends LatexRunner {,matched,237.2,20,338.4,40,287.79999999999995,30.0
caa20a21-ff40-4961-ac0f-23fc01d773be,8,20,183.0,183.0,24,7,WHITESPACE,     * Create a new ProgramRunner.,approx_whitespace,200.39999999999998,80,209.6,100,205.0,90.0
05033e42-9c46-4d57-8368-cd0ef4c17e7d,8,11,348.0,348.0,24,9,Create,     * Create a new ProgramRunner.,matched,154.39999999999998,80,209.6,100,182.0,90.0
8a117860-eac8-43b6-963d-4d496052d49d,8,18,1273.0,1273.0,24,10,Create,     * Create a new ProgramRunner.,matched,154.39999999999998,80,209.6,100,182.0,90.0
f7bf84a5-01dd-40ce-9fca-0c866b2150f5,8,15,599.0,599.0,24,11,Create,     * Create a new ProgramRunner.,matched,154.39999999999998,80,209.6,100,182.0,90.0
f1dacda9-d141-449d-8b16-d663c037aed3,8,12,123.0,123.0,24,20,WHITESPACE,     * Create a new ProgramRunner.,approx_whitespace,393.59999999999997,80,402.79999999999995,100,398.19999999999993,90.0
7697921d-98e4-4ac6-b389-ce3534ae91cf,8,17,395.0,395.0,24,24,ProgramRunner.,     * Create a new ProgramRunner.,matched,274.0,80,402.79999999999995,100,338.4,90.0
b043f720-a4c6-4db3-b9b5-26d34fd73266,8,14,1094.0,1094.0,24,25,ProgramRunner.,     * Create a new ProgramRunner.,matched,274.0,80,402.79999999999995,100,338.4,90.0
f5e396bd-bb1a-490d-bc29-4cd4e2a9e6d1,8,13,146.0,146.0,24,26,ProgramRunner.,     * Create a new ProgramRunner.,matched,274.0,80,402.79999999999995,100,338.4,90.0
aabef865-51c1-4af2-98d1-0b5c3e70d331,8,16,1869.0,1869.0,24,30,ProgramRunner.,     * Create a new ProgramRunner.,matched,274.0,80,402.79999999999995,100,338.4,90.0
d482d089-e48e-4852-ae6d-c14fcf32b04f,8,1,108.0,108.0,24,34,ProgramRunner.,     * Create a new ProgramRunner.,matched,274.0,80,402.79999999999995,100,338.4,90.0
baf8ed8a-ad4b-4489-acdc-bbe4ccf5e979,8,21,217.0,217.0,26,8,public,    public XelatexRunner() {,matched,126.8,120,182.0,140,154.4,130.0
17bc4053-b86d-419b-b680-8f1ba0f73867,8,19,420.0,420.0,26,9,public,    public XelatexRunner() {,matched,126.8,120,182.0,140,154.4,130.0
088343ec-a73f-43bc-ac80-a5e8688dec95,8,23,311.0,311.0,26,9,public,    public XelatexRunner() {,matched,126.8,120,182.0,140,154.4,130.0
59554a59-4e9d-479b-857f-fb8b3ba93580,8,8,561.0,561.0,26,10,public,    public XelatexRunner() {,matched,126.8,120,182.0,140,154.4,130.0
728dc722-339c-44e9-be34-e3ce331e1de8,8,31,1066.0,1066.0,26,11,WHITESPACE,    public XelatexRunner() {,approx_whitespace,338.4,120,347.59999999999997,140,343.0,130.0
d2646bdf-30f1-4a43-b03e-c6a0791510e3,8,2,477.0,477.0,26,15,XelatexRunner,    public XelatexRunner() {,matched,191.2,120,310.79999999999995,140,250.99999999999997,130.0
7e24f1ff-eae3-40a9-b57a-ecdc45de5aa0,8,22,862.0,862.0,26,15,XelatexRunner,    public XelatexRunner() {,matched,191.2,120,310.79999999999995,140,250.99999999999997,130.0
815f4eb5-dbdf-4182-b59f-aee57aeec010,8,29,608.0,608.0,26,15,XelatexRunner,    public XelatexRunner() {,matched,191.2,120,310.79999999999995,140,250.99999999999997,130.0
4d1865e2-ff81-41d4-bbb1-987325735117,8,30,1550.0,1550.0,26,23,XelatexRunner,    public XelatexRunner() {,matched,191.2,120,310.79999999999995,140,250.99999999999997,130.0
cb6fe7c3-7c75-4049-acd3-aeb06c49d44b,8,32,1571.0,1571.0,27,15,(),        super();,matched,209.6,140,228.0,160,218.8,150.0
72feaa1d-c84c-466d-b1ba-9f0360bfc067,8,33,581.0,581.0,30,9,protected,    protected String getWindowsProgramName() {,matched,126.8,200,209.6,220,168.2,210.0
f3ae4ce5-247c-4e39-9973-42f519215fe6,8,35,476.0,476.0,30,11,protected,    protected String getWindowsProgramName() {,matched,126.8,200,209.6,220,168.2,210.0
c31b772a-7c26-4530-a166-c17e11bda040,8,78,171.0,171.0,30,11,protected,    protected String getWindowsProgramName() {,matched,126.8,200,209.6,220,168.2,210.0
e255a6b9-b6c9-4da7-9557-73909660f5ef,8,37,446.0,446.0,30,12,protected,    protected String getWindowsProgramName() {,matched,126.8,200,209.6,220,168.2,210.0
a3bd2d12-fb2c-4b3c-b240-cefd79c0e92c,8,42,379.0,379.0,30,16,String,    protected String getWindowsProgramName() {,matched,218.79999999999998,200,274.0,220,246.39999999999998,210.0
fd2e24ad-fdda-47d2-b08e-38115ccc3537,8,38,1000.0,1000.0,30,18,String,    protected String getWindowsProgramName() {,matched,218.79999999999998,200,274.0,220,246.39999999999998,210.0
12f33761-9c4c-4b39-9edb-0d2a65a201a1,8,34,120.0,120.0,30,19,String,    protected String getWindowsProgramName() {,matched,218.79999999999998,200,274.0,220,246.39999999999998,210.0
71b367d2-4373-4957-9800-64f31949eb09,8,58,204.0,204.0,30,26,getWindowsProgramName,    protected String getWindowsProgramName() {,matched,283.2,200,476.4,220,379.79999999999995,210.0
f8c8a637-2dbc-408d-b453-22d06727a3f2,8,45,222.0,222.0,30,36,getWindowsProgramName,    protected String getWindowsProgramName() {,matched,283.2,200,476.4,220,379.79999999999995,210.0
8bbd4496-526c-4a41-9c40-2637c6e0b2a1,8,47,381.0,381.0,30,36,getWindowsProgramName,    protected String getWindowsProgramName() {,matched,283.2,200,476.4,220,379.79999999999995,210.0
79f30689-4098-4e40-a7f2-1b44760774a9,8,40,1533.0,1533.0,30,37,getWindowsProgramName,    protected String getWindowsProgramName() {,matched,283.2,200,476.4,220,379.79999999999995,210.0
83416b72-62fd-4a71-ac15-42640ae35290,8,48,119.0,119.0,30,42,getWindowsProgramName,    protected String getWindowsProgramName() {,matched,283.2,200,476.4,220,379.79999999999995,210.0
ae550e7a-5f0d-45c5-9dac-f0a37d16349e,8,82,228.0,228.0,31,11,return,"        return ""xelatex.exe"";",matched,163.6,220,218.79999999999998,240,191.2,230.0
8ce8eb02-c463-4ea8-9221-fec9abba3e9f,8,44,687.0,687.0,31,12,return,"        return ""xelatex.exe"";",matched,163.6,220,218.79999999999998,240,191.2,230.0
1204e478-6906-4ac8-902d-ac8fbf83cb15,8,52,220.0,220.0,31,14,return,"        return ""xelatex.exe"";",matched,163.6,220,218.79999999999998,240,191.2,230.0
f731c7be-0249-4858-ab28-71f3962967ea,8,50,220.0,220.0,31,24,.,"        return ""xelatex.exe"";",matched,301.6,220,310.79999999999995,240,306.2,230.0
f84b3c0e-5434-4c07-b4b6-0f61e21bbd06,8,54,121.0,121.0,31,24,.,"        return ""xelatex.exe"";",matched,301.6,220,310.79999999999995,240,306.2,230.0
621dcec4-f23b-46fb-be0d-9604e555411b,8,46,704.0,704.0,31,30,WHITESPACE,"        return ""xelatex.exe"";",approx_whitespace,347.59999999999997,220,356.79999999999995,240,352.19999999999993,230.0
7a0649b6-c6d6-494d-8d32-03a3668380d9,8,85,1187.0,1187.0,34,7,protected,    protected String getUnixProgramName() {,matched,126.8,280,209.6,300,168.2,290.0
96755a8b-dcf5-41c2-a795-3e97c1cb2f0e,8,84,229.0,229.0,34,8,protected,    protected String getUnixProgramName() {,matched,126.8,280,209.6,300,168.2,290.0
893e02d8-e66e-44e6-a798-980c4041b1ec,8,43,327.0,327.0,34,11,protected,    protected String getUnixProgramName() {,matched,126.8,280,209.6,300,168.2,290.0
eeb1f9cd-9a81-4820-89a8-8b0917fb4057,8,81,2044.0,2044.0,34,18,String,    protected String getUnixProgramName() {,matched,218.79999999999998,280,274.0,300,246.39999999999998,290.0
d4c2f8d0-ec34-4272-8da0-bf2e592c5b3a,8,63,271.0,271.0,34,25,getUnixProgramName,    protected String getUnixProgramName() {,matched,283.2,280,448.79999999999995,300,366.0,290.0
0ed2465f-197c-4ba9-ac7f-8e9b1304291d,8,56,551.0,551.0,34,26,getUnixProgramName,    protected String getUnixProgramName() {,matched,283.2,280,448.79999999999995,300,366.0,290.0
f79182b6-5b83-47a3-8307-8c12a2b98640,8,57,387.0,387.0,34,27,getUnixProgramName,    protected String getUnixProgramName() {,matched,283.2,280,448.79999999999995,300,366.0,290.0
36c4b0d0-38ad-496f-99b2-dc570f4a0c6c,8,89,290.0,290.0,34,28,getUnixProgramName,    protected String getUnixProgramName() {,matched,283.2,280,448.79999999999995,300,366.0,290.0
8cb332e4-c9a2-49d7-a0d3-b6b27e62eff9,8,62,120.0,120.0,34,29,getUnixProgramName,    protected String getUnixProgramName() {,matched,283.2,280,448.79999999999995,300,366.0,290.0
e0ad8e92-933b-48a4-b791-82ff0fe1b15f,8,76,309.0,309.0,34,32,getUnixProgramName,    protected String getUnixProgramName() {,matched,283.2,280,448.79999999999995,300,366.0,290.0
28db87b2-31f8-4cfb-a64a-d26e9b0410b5,8,59,157.0,157.0,34,34,getUnixProgramName,    protected String getUnixProgramName() {,matched,283.2,280,448.79999999999995,300,366.0,290.0
fd6402e0-50c0-4261-b4b5-10d69c4ad624,8,74,516.0,516.0,34,36,getUnixProgramName,    protected String getUnixProgramName() {,matched,283.2,280,448.79999999999995,300,366.0,290.0
3fe47759-c87c-43d6-b5c3-d923653f0fef,8,90,289.0,289.0,34,36,getUnixProgramName,    protected String getUnixProgramName() {,matched,283.2,280,448.79999999999995,300,366.0,290.0
b82f8a13-0cd1-4f64-a2f5-ae47d4328051,8,77,90.0,90.0,35,6,WHITESPACE,"        return ""xelatex"";",approx_whitespace,310.79999999999995,300,320.0,320,315.4,310.0
b24b6e96-d6f0-41c3-95d6-19032b65cfb5,8,79,4919.0,4919.0,35,12,return,"        return ""xelatex"";",matched,163.6,300,218.79999999999998,320,191.2,310.0
f8f731bb-c849-4588-b378-2dfcaf25c65b,8,87,2298.0,2298.0,36,5,},    },matched,126.8,320,136.0,340,131.4,330.0
c1899bfc-c69b-462d-8aa5-e4c57d9cf5fd,8,75,551.0,551.0,36,6,WHITESPACE,    },approx_whitespace,126.8,320,136.0,340,131.4,330.0
6dee9fae-4533-41f0-9786-a77801ea8360,8,91,6759.0,5000.0,37,5,WHITESPACE,    ,approx_whitespace,117.6,340,126.8,360,122.19999999999999,350.0
5fa8f46e-9c64-49de-8e70-aaf9240b191a,8,9,214.0,214.0,38,7,public,    public String getDescription() {,matched,126.8,360,182.0,380,154.4,370.0
df8c56d9-a4ee-4994-b955-ea2cb2d2d941,8,86,4410.0,4410.0,38,11,WHITESPACE,    public String getDescription() {,approx_whitespace,412.0,360,421.2,380,416.6,370.0
4284239b-6294-4551-b54f-ce1f358051a5,8,66,84.0,84.0,38,12,String,    public String getDescription() {,matched,191.2,360,246.39999999999998,380,218.79999999999998,370.0
75fc5f59-d4ec-40ad-a99d-c2ac2cd09202,8,73,154.0,154.0,38,13,String,    public String getDescription() {,matched,191.2,360,246.39999999999998,380,218.79999999999998,370.0
2be06354-616d-435d-b8bb-ffd5ac6eac3a,8,92,80.0,80.0,38,20,getDescription,    public String getDescription() {,matched,255.6,360,384.4,380,320.0,370.0
c5326d2d-c983-466f-b5a3-b9cd20c9a40e,8,61,293.0,293.0,38,26,getDescription,    public String getDescription() {,matched,255.6,360,384.4,380,320.0,370.0
e480cce2-e79f-470a-b4ae-4c9b9d0aed8d,8,69,1437.0,1437.0,38,26,getDescription,    public String getDescription() {,matched,255.6,360,384.4,380,320.0,370.0
0c1328c2-08d7-4dcb-a98a-9f7097875305,8,93,1450.0,1450.0,38,29,getDescription,    public String getDescription() {,matched,255.6,360,384.4,380,320.0,370.0
4421fee4-d0a8-492e-9270-394ea44ce7a4,8,94,586.0,586.0,38,33,(),    public String getDescription() {,matched,384.4,360,402.79999999999995,380,393.59999999999997,370.0
1a1570aa-98b8-4431-802d-85f335f7969b,8,71,116.0,116.0,39,4,WHITESPACE,"        return ""XeLatex program"";",approx_whitespace,283.2,380,292.4,400,287.79999999999995,390.0
bc4baaac-d951-4356-8980-fa02306fd12a,8,65,951.0,951.0,39,6,WHITESPACE,"        return ""XeLatex program"";",approx_whitespace,384.4,380,393.59999999999997,400,389.0,390.0
7a2de18e-e115-449a-af5a-49dba18b1780,8,67,1729.0,1729.0,39,9,return,"        return ""XeLatex program"";",matched,163.6,380,218.79999999999998,400,191.2,390.0
7eae8e7e-5bb8-40dc-8153-62262bfc3c83,8,72,81.0,81.0,39,10,return,"        return ""XeLatex program"";",matched,163.6,380,218.79999999999998,400,191.2,390.0
ad77f660-97cc-40f9-ac12-f25c221fe08e,8,68,3002.0,3002.0,39,13,return,"        return ""XeLatex program"";",matched,163.6,380,218.79999999999998,400,191.2,390.0
c118c089-988d-43df-86e1-7346e3d831ec,9,2,136.0,136.0,21,7,public, public class XelatexRunner extends LatexRunner {,matched,99.2,20,154.39999999999998,40,126.79999999999998,30.0
b41e04b6-7196-44e6-b6c2-2ecdb287154f,9,24,1880.0,1880.0,21,7,public, public class XelatexRunner extends LatexRunner {,matched,99.2,20,154.39999999999998,40,126.79999999999998,30.0
9bb838d9-15d0-43f2-8625-95e56de4d8d5,9,66,160.0,160.0,21,8,WHITESPACE, public class XelatexRunner extends LatexRunner {,approx_whitespace,531.5999999999999,20,540.8,40,536.1999999999999,30.0
5a4d0ffd-7f2b-4898-a088-c5206d4aa3de,9,35,260.0,260.0,21,9,class, public class XelatexRunner extends LatexRunner {,matched,163.6,20,209.6,40,186.6,30.0
e3a8a0ee-5452-4be5-8119-cfb82bfdf55b,9,76,389.0,389.0,21,10,class, public class XelatexRunner extends LatexRunner {,matched,163.6,20,209.6,40,186.6,30.0
17c1a4b9-e168-4a55-b285-9ce8743b9b16,9,4,414.0,414.0,21,13,class, public class XelatexRunner extends LatexRunner {,matched,163.6,20,209.6,40,186.6,30.0
78dce591-bb45-46d0-b74a-a27c392347d6,9,22,213.0,213.0,21,15,XelatexRunner, public class XelatexRunner extends LatexRunner {,matched,218.79999999999998,20,338.4,40,278.59999999999997,30.0
cdb5bfaf-1413-49a4-8ff1-c447ac38ccb7,9,28,451.0,451.0,21,15,XelatexRunner, public class XelatexRunner extends LatexRunner {,matched,218.79999999999998,20,338.4,40,278.59999999999997,30.0
64f17103-98fc-456e-a012-4dc84bc5b86f,9,67,157.0,157.0,21,16,XelatexRunner, public class XelatexRunner extends LatexRunner {,matched,218.79999999999998,20,338.4,40,278.59999999999997,30.0
4958d6ac-94ab-4487-9787-c74bf4f40bd4,9,3,133.0,133.0,21,17,XelatexRunner, public class XelatexRunner extends LatexRunner {,matched,218.79999999999998,20,338.4,40,278.59999999999997,30.0
bca34bc0-36a6-46e2-9ccf-bd4d1dcbeb18,9,36,171.0,171.0,21,18,XelatexRunner, public class XelatexRunner extends LatexRunner {,matched,218.79999999999998,20,338.4,40,278.59999999999997,30.0
3c42f328-0659-40b0-a972-1e144fb9b69f,9,79,266.0,266.0,21,19,XelatexRunner, public class XelatexRunner extends LatexRunner {,matched,218.79999999999998,20,338.4,40,278.59999999999997,30.0
59c90da4-b99b-4711-944f-ac9fe2ea24b0,9,37,212.0,212.0,21,20,XelatexRunner, public class XelatexRunner extends LatexRunner {,matched,218.79999999999998,20,338.4,40,278.59999999999997,30.0
3e10b4bf-96ab-41f9-90d4-05e6fbd1abbb,9,132,346.0,346.0,21,20,XelatexRunner, public class XelatexRunner extends LatexRunner {,matched,218.79999999999998,20,338.4,40,278.59999999999997,30.0
bae099ba-4148-47b5-94c7-fea6d595949f,9,134,170.0,170.0,21,23,XelatexRunner, public class XelatexRunner extends LatexRunner {,matched,218.79999999999998,20,338.4,40,278.59999999999997,30.0
94f9917e-4e86-4bdd-9e3d-c13510ef9958,9,68,182.0,182.0,21,25,XelatexRunner, public class XelatexRunner extends LatexRunner {,matched,218.79999999999998,20,338.4,40,278.59999999999997,30.0
4e8029d2-ba62-4ffb-b0cf-d9c83150fe62,9,80,192.0,192.0,21,32,extends, public class XelatexRunner extends LatexRunner {,matched,347.59999999999997,20,412.0,40,379.79999999999995,30.0
d04327a8-8c9f-40d1-add8-7b715a1c027a,9,82,329.0,329.0,21,32,extends, public class XelatexRunner extends LatexRunner {,matched,347.59999999999997,20,412.0,40,379.79999999999995,30.0
3225e7fd-74dc-4cda-bde4-a03c8ca13b44,9,38,308.0,308.0,21,33,extends, public class XelatexRunner extends LatexRunner {,matched,347.59999999999997,20,412.0,40,379.79999999999995,30.0
ae6656e7-5be9-46ad-b982-3beb142412d1,9,69,122.0,122.0,21,35,extends, public class XelatexRunner extends LatexRunner {,matched,347.59999999999997,20,412.0,40,379.79999999999995,30.0
8bcdbfe5-461e-43c3-a1d3-abad89055940,9,39,274.0,274.0,21,42,LatexRunner, public class XelatexRunner extends LatexRunner {,matched,237.2,20,338.4,40,287.79999999999995,30.0
be43c663-96a0-4e26-adfc-a03b459c2c4f,9,1,81.0,81.0,24,10,Create,     * Create a new ProgramRunner.,matched,154.39999999999998,80,209.6,100,182.0,90.0
ae666057-ee35-45e0-823f-07f3f216cd76,9,75,190.0,190.0,24,11,Create,     * Create a new ProgramRunner.,matched,154.39999999999998,80,209.6,100,182.0,90.0
13bea21e-7df6-412c-b234-34f11b5c3ce8,9,7,252.0,252.0,24,12,Create,     * Create a new ProgramRunner.,matched,154.39999999999998,80,209.6,100,182.0,90.0
2110d79c-403c-4e29-8d55-a7becd8851f8,9,130,110.0,110.0,24,14,WHITESPACE,     * Create a new ProgramRunner.,approx_whitespace,301.6,80,310.79999999999995,100,306.2,90.0
f05f4b2e-00e1-4d3c-94b9-7b18e50deff3,9,143,928.0,928.0,24,14,WHITESPACE,     * Create a new ProgramRunner.,approx_whitespace,301.6,80,310.79999999999995,100,306.2,90.0
82ee30d1-9cc8-43b8-91bb-352c423d29b1,9,211,181.0,181.0,24,15,a,     * Create a new ProgramRunner.,matched,182.0,80,191.2,100,186.6,90.0
8fcd0612-c54e-4062-8d88-e2bbf3ff1872,9,40,320.0,320.0,24,16,WHITESPACE,     * Create a new ProgramRunner.,approx_whitespace,329.2,80,338.4,100,333.79999999999995,90.0
a54b21fc-2969-4bf4-9b1e-3860b22b8b0c,9,180,159.0,159.0,24,17,new,     * Create a new ProgramRunner.,matched,237.2,80,264.79999999999995,100,250.99999999999997,90.0
9c95b7f2-0b3a-4211-aeff-902d358cc492,9,129,96.0,96.0,24,19,new,     * Create a new ProgramRunner.,matched,237.2,80,264.79999999999995,100,250.99999999999997,90.0
90d924fd-816c-41ac-9524-16a6cdd7be44,9,85,328.0,328.0,24,20,WHITESPACE,     * Create a new ProgramRunner.,approx_whitespace,393.59999999999997,80,402.79999999999995,100,398.19999999999993,90.0
6392cdd6-7286-402c-8567-6a721b18b0b1,9,8,412.0,412.0,24,21,ProgramRunner.,     * Create a new ProgramRunner.,matched,274.0,80,402.79999999999995,100,338.4,90.0
c3e58c3c-19ad-4883-a507-fa8810ee64e6,9,133,190.0,190.0,24,21,ProgramRunner.,     * Create a new ProgramRunner.,matched,274.0,80,402.79999999999995,100,338.4,90.0
5b54ace4-98b8-433b-a8dc-93905c5bc865,9,210,154.0,154.0,24,25,ProgramRunner.,     * Create a new ProgramRunner.,matched,274.0,80,402.79999999999995,100,338.4,90.0
0a65b56c-f36f-4be9-818f-0de4a7bbc167,9,9,394.0,394.0,24,26,ProgramRunner.,     * Create a new ProgramRunner.,matched,274.0,80,402.79999999999995,100,338.4,90.0
0a0e1cbe-7d00-45ae-8cd7-80013f36b4be,9,86,820.0,820.0,24,31,ProgramRunner.,     * Create a new ProgramRunner.,matched,274.0,80,402.79999999999995,100,338.4,90.0
0250ab26-e0e2-47a6-989b-06ef21589962,9,17,389.0,389.0,26,8,public,    public XelatexRunner() {,matched,126.8,120,182.0,140,154.4,130.0
42461394-0f6e-4e2b-a07a-f1b962665a00,9,94,168.0,168.0,26,9,public,    public XelatexRunner() {,matched,126.8,120,182.0,140,154.4,130.0
5daa4e8f-3a5b-4e5b-b878-d8ab52c54b54,9,252,1147.0,1147.0,26,9,public,    public XelatexRunner() {,matched,126.8,120,182.0,140,154.4,130.0
bf685639-ba2c-4ea8-94cc-575903a6461f,9,65,600.0,600.0,26,13,XelatexRunner,    public XelatexRunner() {,matched,191.2,120,310.79999999999995,140,250.99999999999997,130.0
404dfb9a-72ac-448d-af31-e2a7b08a2975,9,21,125.0,125.0,26,15,XelatexRunner,    public XelatexRunner() {,matched,191.2,120,310.79999999999995,140,250.99999999999997,130.0
55ba9c1c-adab-48c7-812f-8952ab4bed2c,9,212,623.0,623.0,26,21,XelatexRunner,    public XelatexRunner() {,matched,191.2,120,310.79999999999995,140,250.99999999999997,130.0
18d1253e-f1bf-4ba3-a2d6-f1d8cc997191,9,207,2487.0,2487.0,26,24,XelatexRunner,    public XelatexRunner() {,matched,191.2,120,310.79999999999995,140,250.99999999999997,130.0
443fc915-50e8-4930-a8ae-b41e665d7961,9,131,202.0,202.0,26,27,WHITESPACE,    public XelatexRunner() {,approx_whitespace,338.4,120,347.59999999999997,140,343.0,130.0
f69697ff-562e-4a94-84ff-05ccace3293d,9,10,256.0,256.0,27,8,WHITESPACE,        super();,approx_whitespace,154.39999999999998,140,163.6,160,159.0,150.0
a814a3ed-72a2-4cdb-b226-eb43bc0241c0,9,70,420.0,420.0,27,9,super,        super();,matched,163.6,140,209.6,160,186.6,150.0
16c168e6-3b0c-485a-bcfb-f01c55710d11,9,88,413.0,413.0,27,9,super,        super();,matched,163.6,140,209.6,160,186.6,150.0
3456e249-ab4a-4e4d-9758-372a35f64ccd,9,43,150.0,150.0,27,12,super,        super();,matched,163.6,140,209.6,160,186.6,150.0
aa7e11a4-e600-4a9f-8e0b-74626f937db8,9,11,185.0,185.0,27,13,super,        super();,matched,163.6,140,209.6,160,186.6,150.0
7a732b33-9e24-48ac-84b1-ed96bbe9dfb9,9,144,1193.0,1193.0,27,14,(),        super();,matched,209.6,140,228.0,160,218.8,150.0
4d81544b-926a-4e3b-aa09-8e046dbdc7c3,9,149,152.0,152.0,27,14,(),        super();,matched,209.6,140,228.0,160,218.8,150.0
7b9aa478-66c2-4729-92bc-bba8ea7a7fbf,9,74,137.0,137.0,27,15,(),        super();,matched,209.6,140,228.0,160,218.8,150.0
e11669dd-9cfa-48b9-afb8-9ba0df854221,9,181,98.0,98.0,27,15,(),        super();,matched,209.6,140,228.0,160,218.8,150.0
2d4c4c5a-97bf-41a1-850a-ecae78244ebe,9,41,178.0,178.0,27,16,;,        super();,matched,228.0,140,237.2,160,232.6,150.0
b51fba1f-3199-4cdb-bcb1-c338f1185bcb,9,42,832.0,832.0,27,16,;,        super();,matched,228.0,140,237.2,160,232.6,150.0
e2524d08-0e12-49e6-bc49-7491ad7a37b0,9,87,1116.0,1116.0,27,16,;,        super();,matched,228.0,140,237.2,160,232.6,150.0
eaa38cbe-1774-4140-ac2b-f4ab688fd1dd,9,209,1430.0,1430.0,27,16,;,        super();,matched,228.0,140,237.2,160,232.6,150.0
bb40ab94-76e0-4184-acd2-a6e2d8f94a28,9,208,166.0,166.0,27,17,WHITESPACE,        super();,approx_whitespace,228.0,140,237.2,160,232.6,150.0
7b086f09-128a-40fb-b7fc-903ce5e258df,9,206,211.0,211.0,30,2,WHITESPACE,    protected String getWindowsProgramName() {,approx_whitespace,126.8,200,136.0,220,131.4,210.0
bd33ad3b-4701-47af-a906-4bc9e585f9b7,9,204,190.0,190.0,30,20,String,    protected String getWindowsProgramName() {,matched,218.79999999999998,200,274.0,220,246.39999999999998,210.0
290f4982-67ce-4362-947e-8aa08bcef24f,9,135,226.0,226.0,30,21,WHITESPACE,    protected String getWindowsProgramName() {,approx_whitespace,503.99999999999994,200,513.2,220,508.6,210.0
0a8eb42c-e325-4980-a9a3-cda8d470d682,9,253,346.0,346.0,30,23,getWindowsProgramName,    protected String getWindowsProgramName() {,matched,283.2,200,476.4,220,379.79999999999995,210.0
faba6fa3-3b94-456e-a97e-586a14a84611,9,205,282.0,282.0,30,27,getWindowsProgramName,    protected String getWindowsProgramName() {,matched,283.2,200,476.4,220,379.79999999999995,210.0
aedfeff3-8361-4a65-9fee-43de8bb23534,9,202,497.0,497.0,30,30,getWindowsProgramName,    protected String getWindowsProgramName() {,matched,283.2,200,476.4,220,379.79999999999995,210.0
229beb6a-40e7-48ff-9ef7-8f1fcd97a4e2,9,203,91.0,91.0,30,34,getWindowsProgramName,    protected String getWindowsProgramName() {,matched,283.2,200,476.4,220,379.79999999999995,210.0
4602cc13-3e83-40ff-97ae-824a4420344d,9,15,302.0,302.0,31,9,return,"        return ""xelatex.exe"";",matched,163.6,220,218.79999999999998,240,191.2,230.0
a893d57e-9db9-4fd1-b797-a0d8ba7f8f5b,9,12,193.0,193.0,31,10,return,"        return ""xelatex.exe"";",matched,163.6,220,218.79999999999998,240,191.2,230.0
e8106836-04ea-48e2-a0b0-3018f9d7a0e2,9,91,297.0,297.0,31,10,return,"        return ""xelatex.exe"";",matched,163.6,220,218.79999999999998,240,191.2,230.0
ab4eae0a-d669-4805-a404-cf613ef3a7c2,9,147,239.0,239.0,31,10,return,"        return ""xelatex.exe"";",matched,163.6,220,218.79999999999998,240,191.2,230.0
cd565187-52d4-4ad9-bc40-b28603d70b7a,9,93,139.0,139.0,31,11,return,"        return ""xelatex.exe"";",matched,163.6,220,218.79999999999998,240,191.2,230.0
ef79e3a4-ce2a-4808-b569-464c0f0bf9de,9,18,94.0,94.0,31,12,return,"        return ""xelatex.exe"";",matched,163.6,220,218.79999999999998,240,191.2,230.0
e8c0d318-ccc9-40ca-ab19-e2f7fd7c4672,9,89,189.0,189.0,31,12,return,"        return ""xelatex.exe"";",matched,163.6,220,218.79999999999998,240,191.2,230.0
a25107b4-d1ea-4780-a34d-bd4e2d6cc7ad,9,255,123.0,123.0,31,12,return,"        return ""xelatex.exe"";",matched,163.6,220,218.79999999999998,240,191.2,230.0
6760530b-19d6-41d2-b68b-45a661ef0bef,9,72,92.0,92.0,31,13,return,"        return ""xelatex.exe"";",matched,163.6,220,218.79999999999998,240,191.2,230.0
4465963c-3b20-4da9-aed2-61429ace4fb4,9,97,119.0,119.0,34,12,protected,    protected String getUnixProgramName() {,matched,126.8,280,209.6,300,168.2,290.0
abd2ea0f-80e4-4859-a73d-a9be91e6f524,9,194,324.0,324.0,34,12,protected,    protected String getUnixProgramName() {,matched,126.8,280,209.6,300,168.2,290.0
c314dd7c-ce8c-4841-b18d-4b6db9f88198,9,148,144.0,144.0,34,18,String,    protected String getUnixProgramName() {,matched,218.79999999999998,280,274.0,300,246.39999999999998,290.0
6e936745-dc18-4cb0-90e9-dd144e82ca21,9,193,153.0,153.0,34,20,String,    protected String getUnixProgramName() {,matched,218.79999999999998,280,274.0,300,246.39999999999998,290.0
366e4ca5-67a8-4052-80de-af4238f83051,9,198,994.0,994.0,34,20,String,    protected String getUnixProgramName() {,matched,218.79999999999998,280,274.0,300,246.39999999999998,290.0
f9b21acd-3daa-4e7a-b94f-bd48e1c64c2d,9,178,431.0,431.0,34,26,getUnixProgramName,    protected String getUnixProgramName() {,matched,283.2,280,448.79999999999995,300,366.0,290.0
a95ff867-1a37-4864-b722-bfa4513cf487,9,200,274.0,274.0,34,26,getUnixProgramName,    protected String getUnixProgramName() {,matched,283.2,280,448.79999999999995,300,366.0,290.0
15ec579b-60f2-4553-a57c-c99502749725,9,196,356.0,356.0,34,37,getUnixProgramName,    protected String getUnixProgramName() {,matched,283.2,280,448.79999999999995,300,366.0,290.0
389ebb11-70d7-45a6-a6d9-73a7486270e5,9,20,292.0,292.0,35,10,return,"        return ""xelatex"";",matched,163.6,300,218.79999999999998,320,191.2,310.0
6db0b42c-5c54-4d22-9a42-7b71506a3cf6,9,102,147.0,147.0,35,26,WHITESPACE,"        return ""xelatex"";",approx_whitespace,310.79999999999995,300,320.0,320,315.4,310.0
92e64996-d07f-4277-a651-071e717fd526,9,45,548.0,548.0,38,9,public,    public String getDescription() {,matched,126.8,360,182.0,380,154.4,370.0
fc482f6c-6b9f-4125-962d-efc4ba962590,9,249,903.0,903.0,38,9,public,    public String getDescription() {,matched,126.8,360,182.0,380,154.4,370.0
00afab03-5a61-4a3e-a0af-ae4d89cec293,9,251,412.0,412.0,38,13,String,    public String getDescription() {,matched,191.2,360,246.39999999999998,380,218.79999999999998,370.0
d8bd6db0-96ba-4f2d-81f0-015d96367452,9,105,101.0,101.0,38,16,String,    public String getDescription() {,matched,191.2,360,246.39999999999998,380,218.79999999999998,370.0
b7ed164e-9b12-4bd3-bf5d-f90c512ec102,9,127,363.0,363.0,38,19,getDescription,    public String getDescription() {,matched,255.6,360,384.4,380,320.0,370.0
fa0cb1aa-ff78-43fd-b084-2f6ee81e06b5,9,182,879.0,879.0,38,20,getDescription,    public String getDescription() {,matched,255.6,360,384.4,380,320.0,370.0
1ab61474-b7b3-4e8b-bb46-cebbda9c0ff1,9,191,166.0,166.0,38,21,getDescription,    public String getDescription() {,matched,255.6,360,384.4,380,320.0,370.0
6ea6de63-7c60-407e-9a61-bc8fbdc4b7d4,9,250,186.0,186.0,38,21,getDescription,    public String getDescription() {,matched,255.6,360,384.4,380,320.0,370.0
bd6afcbf-7bf5-4393-ad08-214c91deb2f6,9,213,1192.0,1192.0,38,26,getDescription,    public String getDescription() {,matched,255.6,360,384.4,380,320.0,370.0
a8885690-67b8-48d2-b257-249562248308,9,108,134.0,134.0,39,9,return,"        return ""XeLatex program"";",matched,163.6,380,218.79999999999998,400,191.2,390.0
c8523f5f-6d0a-47af-ba21-f75943581e3c,9,106,406.0,406.0,39,24,WHITESPACE,"        return ""XeLatex program"";",approx_whitespace,384.4,380,393.59999999999997,400,389.0,390.0
d3ff1513-d79a-44a2-93ce-00324fad6cd9,9,47,120.0,120.0,43,6,*,     * Enable SyncTeX,matched,136.0,460,145.2,480,140.6,470.0
34f6bbb3-adc8-4ba3-9bee-cafc4b0f9152,9,46,127.0,127.0,43,11,Enable,     * Enable SyncTeX,matched,154.39999999999998,460,209.6,480,182.0,470.0
a2163516-350c-4f33-989e-bbfb7486294c,9,110,629.0,629.0,43,12,Enable,     * Enable SyncTeX,matched,154.39999999999998,460,209.6,480,182.0,470.0
5a4f1917-e9ac-408d-9401-2b0a50711e65,9,227,80.0,80.0,43,13,Enable,     * Enable SyncTeX,matched,154.39999999999998,460,209.6,480,182.0,470.0
08bcdf8f-a6eb-4981-827a-2e97d44c1859,9,159,214.0,214.0,45,7,public,    public String getDefaultArguments() {,matched,126.8,500,182.0,520,154.4,510.0
d5908c6c-91ec-40ea-a64a-7e3985e0f141,9,248,385.0,385.0,45,10,public,    public String getDefaultArguments() {,matched,126.8,500,182.0,520,154.4,510.0
59957bbe-8626-452c-a650-9ccfd2f4f042,9,151,2257.0,2257.0,45,15,String,    public String getDefaultArguments() {,matched,191.2,500,246.39999999999998,520,218.79999999999998,510.0
d2cbdbbc-81d9-4195-a024-2e0d5167396c,9,168,163.0,163.0,45,18,WHITESPACE,    public String getDefaultArguments() {,approx_whitespace,458.0,500,467.2,520,462.6,510.0
8f5a6fbc-831b-48a9-9e38-f26989fdfd53,9,174,279.0,279.0,45,18,WHITESPACE,    public String getDefaultArguments() {,approx_whitespace,458.0,500,467.2,520,462.6,510.0
e8824ef8-09af-44b7-bd95-0bde24d2a873,9,150,974.0,974.0,45,19,getDefaultArguments,    public String getDefaultArguments() {,matched,255.6,500,430.4,520,343.0,510.0
2389d477-d088-4760-b40c-7ae602edb100,9,233,285.0,285.0,45,20,getDefaultArguments,    public String getDefaultArguments() {,matched,255.6,500,430.4,520,343.0,510.0
88afbafb-36b0-406c-a909-66585081e258,9,190,361.0,361.0,45,22,getDefaultArguments,    public String getDefaultArguments() {,matched,255.6,500,430.4,520,343.0,510.0
bb3a595e-ef73-4cef-9e84-5b3adf08fc5a,9,136,85.0,85.0,45,23,getDefaultArguments,    public String getDefaultArguments() {,matched,255.6,500,430.4,520,343.0,510.0
25c82c13-f64c-4fef-8c85-4f8834230c88,9,173,87.0,87.0,45,29,getDefaultArguments,    public String getDefaultArguments() {,matched,255.6,500,430.4,520,343.0,510.0
66ddedaf-1ed8-4300-b340-6572624bab97,9,48,118.0,118.0,46,11,return,"        return ""-synctex=1 ""+super.getDefaultArguments();",matched,163.6,520,218.79999999999998,540,191.2,530.0
2f797f6a-640c-41fa-abc5-c3981843184b,9,215,127.0,127.0,46,11,return,"        return ""-synctex=1 ""+super.getDefaultArguments();",matched,163.6,520,218.79999999999998,540,191.2,530.0
1ce6b931-4a2d-4605-b8a1-aef16c8c56c4,9,219,487.0,487.0,46,13,return,"        return ""-synctex=1 ""+super.getDefaultArguments();",matched,163.6,520,218.79999999999998,540,191.2,530.0
e7850adf-8bbb-4cec-993b-1d01259b34f8,9,111,214.0,214.0,46,19,synctex,"        return ""-synctex=1 ""+super.getDefaultArguments();",matched,246.39999999999998,520,310.79999999999995,540,278.59999999999997,530.0
de81c39c-4fda-4569-94db-c5e7b61b0793,9,214,109.0,109.0,46,19,synctex,"        return ""-synctex=1 ""+super.getDefaultArguments();",matched,246.39999999999998,520,310.79999999999995,540,278.59999999999997,530.0
621f015b-8d1d-4b9d-b015-136afd898249,9,217,208.0,208.0,46,21,synctex,"        return ""-synctex=1 ""+super.getDefaultArguments();",matched,246.39999999999998,520,310.79999999999995,540,278.59999999999997,530.0
a717cdc4-8243-4f5a-8783-21007cded827,9,49,314.0,314.0,46,22,synctex,"        return ""-synctex=1 ""+super.getDefaultArguments();",matched,246.39999999999998,520,310.79999999999995,540,278.59999999999997,530.0
99a726f6-f541-4678-855a-6e316f3d0334,9,164,119.0,119.0,46,23,synctex,"        return ""-synctex=1 ""+super.getDefaultArguments();",matched,246.39999999999998,520,310.79999999999995,540,278.59999999999997,530.0
d8ef1b39-2a90-46c8-894b-d5180e7a9780,9,175,583.0,583.0,46,23,synctex,"        return ""-synctex=1 ""+super.getDefaultArguments();",matched,246.39999999999998,520,310.79999999999995,540,278.59999999999997,530.0
923bddf4-4c7f-4b0a-8aae-046e4e310564,9,137,89.0,89.0,46,24,synctex,"        return ""-synctex=1 ""+super.getDefaultArguments();",matched,246.39999999999998,520,310.79999999999995,540,278.59999999999997,530.0
aaf5ad7e-8efe-4946-8df4-6f560c081e0f,9,166,157.0,157.0,46,24,synctex,"        return ""-synctex=1 ""+super.getDefaultArguments();",matched,246.39999999999998,520,310.79999999999995,540,278.59999999999997,530.0
2bc99eaf-40ac-4323-bef0-9ad289f9126a,9,216,745.0,745.0,46,24,synctex,"        return ""-synctex=1 ""+super.getDefaultArguments();",matched,246.39999999999998,520,310.79999999999995,540,278.59999999999997,530.0
1f8a03bd-7159-4296-9d94-249ea2b5ad2f,9,112,281.0,281.0,46,25,=,"        return ""-synctex=1 ""+super.getDefaultArguments();",matched,310.79999999999995,520,320.0,540,315.4,530.0
c99e03ae-379a-4254-a0a3-72f92cddb1ad,9,218,229.0,229.0,46,26,1,"        return ""-synctex=1 ""+super.getDefaultArguments();",matched,320.0,520,329.2,540,324.6,530.0
d28d4a70-6c25-4ce6-bfa9-16f5462739df,9,139,198.0,198.0,46,31,super,"        return ""-synctex=1 ""+super.getDefaultArguments();",matched,356.79999999999995,520,402.79999999999995,540,379.79999999999995,530.0
e56ccc00-403b-4cea-9abd-a3f52451e576,9,176,105.0,105.0,46,31,super,"        return ""-synctex=1 ""+super.getDefaultArguments();",matched,356.79999999999995,520,402.79999999999995,540,379.79999999999995,530.0
71847317-50dc-4bcc-9094-cb305914321b,9,167,757.0,757.0,46,32,super,"        return ""-synctex=1 ""+super.getDefaultArguments();",matched,356.79999999999995,520,402.79999999999995,540,379.79999999999995,530.0
2b6a2e44-0bb8-483d-b781-97bd2089efba,9,165,285.0,285.0,49,7,/**,    /**,matched,126.8,580,154.39999999999998,600,140.6,590.0
08a9cf68-99d2-4479-adef-79cb4d8e4561,9,222,372.0,372.0,50,7,WHITESPACE,     * @return output file format (pdf),approx_whitespace,182.0,600,191.2,620,186.6,610.0
96372551-fd0a-448f-b05a-094bbb10f741,9,170,236.0,236.0,50,8,@return,     * @return output file format (pdf),matched,154.39999999999998,600,218.79999999999998,620,186.59999999999997,610.0
698529e2-0887-494e-8611-f436e000d184,9,225,192.0,192.0,50,8,@return,     * @return output file format (pdf),matched,154.39999999999998,600,218.79999999999998,620,186.59999999999997,610.0
969c6288-ae7a-47ab-b535-1823aaf66c14,9,231,1707.0,1707.0,50,8,@return,     * @return output file format (pdf),matched,154.39999999999998,600,218.79999999999998,620,186.59999999999997,610.0
0050d2cf-e09e-4d71-bbe7-83d2150ddf31,9,50,391.0,391.0,50,12,@return,     * @return output file format (pdf),matched,154.39999999999998,600,218.79999999999998,620,186.59999999999997,610.0
bec9e68b-0679-4627-9090-485172f3f267,9,246,130.0,130.0,50,14,@return,     * @return output file format (pdf),matched,154.39999999999998,600,218.79999999999998,620,186.59999999999997,610.0
cae252a2-2f8a-4f0e-a233-274c23a4f8af,9,56,133.0,133.0,50,16,output,     * @return output file format (pdf),matched,228.0,600,283.2,620,255.6,610.0
48dd21b5-e095-4200-93b5-ca01ac294196,9,183,566.0,566.0,50,19,output,     * @return output file format (pdf),matched,228.0,600,283.2,620,255.6,610.0
8e6d4025-88c6-4d0c-abf3-6eee8884fcf8,9,53,600.0,600.0,50,20,output,     * @return output file format (pdf),matched,228.0,600,283.2,620,255.6,610.0
d2524422-45b5-405a-8efd-f59f8af3ecc0,9,232,248.0,248.0,50,20,output,     * @return output file format (pdf),matched,228.0,600,283.2,620,255.6,610.0
fbda52e7-bb99-4103-8bbc-a0f540eaad3a,9,160,163.0,163.0,50,21,output,     * @return output file format (pdf),matched,228.0,600,283.2,620,255.6,610.0
1417b9e6-8d1b-4ae4-972b-9b314edbb71b,9,51,126.0,126.0,50,27,WHITESPACE,     * @return output file format (pdf),approx_whitespace,439.59999999999997,600,448.79999999999995,620,444.19999999999993,610.0
ff9702d3-e707-4fb0-be1a-3f720054e924,9,152,1309.0,1309.0,50,29,format,     * @return output file format (pdf),matched,338.4,600,393.59999999999997,620,366.0,610.0
d0fc4b67-29b3-40f7-8de2-8b70a50ed635,9,55,144.0,144.0,50,30,format,     * @return output file format (pdf),matched,338.4,600,393.59999999999997,620,366.0,610.0
8d58b42c-28f6-4241-b0fb-00a2544b8b55,9,54,149.0,149.0,50,35,(pdf),     * @return output file format (pdf),matched,402.79999999999995,600,448.79999999999995,620,425.79999999999995,610.0
d5c8d116-5df1-4203-96d9-2642be8a57aa,9,230,651.0,651.0,51,6,*/,     */,matched,136.0,620,154.39999999999998,640,145.2,630.0
f945c70a-8706-420c-a5ac-73a1fced1787,9,188,452.0,452.0,51,7,*/,     */,matched,136.0,620,154.39999999999998,640,145.2,630.0
965254ad-3ef2-4534-91c2-03c944f94d72,9,226,109.0,109.0,52,7,public,    public String getOutputFormat() {,matched,126.8,640,182.0,660,154.4,650.0
7c2eb357-d46f-405d-9645-9b72ef521a1f,9,228,673.0,673.0,52,7,public,    public String getOutputFormat() {,matched,126.8,640,182.0,660,154.4,650.0
c6f8215d-9f3b-4e3d-9b25-356addf2ec8e,9,57,374.0,374.0,52,9,public,    public String getOutputFormat() {,matched,126.8,640,182.0,660,154.4,650.0
f560edc2-efba-4a0d-8f09-ec5d127ad302,9,113,1110.0,1110.0,52,14,String,    public String getOutputFormat() {,matched,191.2,640,246.39999999999998,660,218.79999999999998,650.0
3d555e03-43e2-4bbc-b592-78111d16acec,9,115,340.0,340.0,52,14,String,    public String getOutputFormat() {,matched,191.2,640,246.39999999999998,660,218.79999999999998,650.0
bcf9cedb-deb0-4bdd-a8e3-d7315b990157,9,120,390.0,390.0,52,16,String,    public String getOutputFormat() {,matched,191.2,640,246.39999999999998,660,218.79999999999998,650.0
fa21b381-3d68-4f69-9341-cd7828b58223,9,247,126.0,126.0,52,16,String,    public String getOutputFormat() {,matched,191.2,640,246.39999999999998,660,218.79999999999998,650.0
7850e1a1-8113-4f3b-ba0f-564515352e99,9,118,588.0,588.0,52,21,getOutputFormat,    public String getOutputFormat() {,matched,255.6,640,393.59999999999997,660,324.59999999999997,650.0
12acc768-2e1a-4074-8a05-6f7aeb9d3cb8,9,119,228.0,228.0,52,21,getOutputFormat,    public String getOutputFormat() {,matched,255.6,640,393.59999999999997,660,324.59999999999997,650.0
d6db3f9f-cae5-4892-8d1b-91f4162b3d21,9,121,824.0,824.0,52,22,getOutputFormat,    public String getOutputFormat() {,matched,255.6,640,393.59999999999997,660,324.59999999999997,650.0
4944af1c-909b-4ccf-a0e4-0ca653de3ae7,9,61,95.0,95.0,52,23,getOutputFormat,    public String getOutputFormat() {,matched,255.6,640,393.59999999999997,660,324.59999999999997,650.0
18f66b8e-94e9-4b6a-888e-ef1bfbccca2b,9,114,177.0,177.0,52,35,(),    public String getOutputFormat() {,matched,393.59999999999997,640,412.0,660,402.79999999999995,650.0
4c0d0484-195b-4f91-9f45-dd585bcde3f8,9,138,82.0,82.0,52,37,{,    public String getOutputFormat() {,matched,421.2,640,430.4,660,425.79999999999995,650.0
f5cefd35-f922-42e6-ac73-bf5ad0f8f666,9,157,13805.0,5000.0,53,7,WHITESPACE,        return TexlipseProperties.OUTPUT_FORMAT_PDF;,approx_whitespace,310.79999999999995,660,320.0,680,315.4,670.0
9ef8db19-c4e9-46fd-a448-ce870ef37a65,9,156,322.0,322.0,53,10,return,        return TexlipseProperties.OUTPUT_FORMAT_PDF;,matched,163.6,660,218.79999999999998,680,191.2,670.0
a09eb423-f58f-4d0e-b57d-63d1358b7249,9,153,542.0,542.0,53,11,return,        return TexlipseProperties.OUTPUT_FORMAT_PDF;,matched,163.6,660,218.79999999999998,680,191.2,670.0
34fecd88-2a5a-4972-b586-154c433bdbf9,9,123,357.0,357.0,53,12,return,        return TexlipseProperties.OUTPUT_FORMAT_PDF;,matched,163.6,660,218.79999999999998,680,191.2,670.0
89a4eaa0-49d9-4595-85c1-9300621bc120,9,62,190.0,190.0,53,15,WHITESPACE,        return TexlipseProperties.OUTPUT_FORMAT_PDF;,approx_whitespace,559.2,660,568.4,680,563.8,670.0
4b74037a-8750-4581-9fcb-cc091bf2f74b,9,117,1483.0,1483.0,53,15,WHITESPACE,        return TexlipseProperties.OUTPUT_FORMAT_PDF;,approx_whitespace,559.2,660,568.4,680,563.8,670.0
5951f053-8d5e-409d-8d83-ab6adadc88a0,9,187,270.0,270.0,53,16,TexlipseProperties,        return TexlipseProperties.OUTPUT_FORMAT_PDF;,matched,228.0,660,393.59999999999997,680,310.79999999999995,670.0
23639f47-5c2c-4deb-9d96-740a3b833351,9,59,187.0,187.0,53,17,TexlipseProperties,        return TexlipseProperties.OUTPUT_FORMAT_PDF;,matched,228.0,660,393.59999999999997,680,310.79999999999995,670.0
58447cc2-cd1b-4594-be65-a228be17fdf0,9,125,1928.0,1928.0,53,19,TexlipseProperties,        return TexlipseProperties.OUTPUT_FORMAT_PDF;,matched,228.0,660,393.59999999999997,680,310.79999999999995,670.0
448aba2a-842d-400d-9ce9-49618be60a11,9,169,99.0,99.0,53,19,TexlipseProperties,        return TexlipseProperties.OUTPUT_FORMAT_PDF;,matched,228.0,660,393.59999999999997,680,310.79999999999995,670.0
15f09cfa-63e0-449c-a9d1-e8d46b23bc23,9,124,459.0,459.0,53,20,TexlipseProperties,        return TexlipseProperties.OUTPUT_FORMAT_PDF;,matched,228.0,660,393.59999999999997,680,310.79999999999995,670.0
d80e2a36-ea4c-4a71-9fa8-b9e35df91ddf,9,154,107.0,107.0,53,20,TexlipseProperties,        return TexlipseProperties.OUTPUT_FORMAT_PDF;,matched,228.0,660,393.59999999999997,680,310.79999999999995,670.0
8e9f9606-002b-4009-a41a-395cb0851cfa,9,221,646.0,646.0,53,21,TexlipseProperties,        return TexlipseProperties.OUTPUT_FORMAT_PDF;,matched,228.0,660,393.59999999999997,680,310.79999999999995,670.0
61528157-36e2-4ba0-9a52-de47d59795c4,9,58,191.0,191.0,53,22,TexlipseProperties,        return TexlipseProperties.OUTPUT_FORMAT_PDF;,matched,228.0,660,393.59999999999997,680,310.79999999999995,670.0
0590b2d7-f912-41b4-830a-7bd3d07ad29f,9,155,279.0,279.0,53,22,TexlipseProperties,        return TexlipseProperties.OUTPUT_FORMAT_PDF;,matched,228.0,660,393.59999999999997,680,310.79999999999995,670.0
d57c1412-5a95-4b79-a974-81e99edd5a3b,9,185,346.0,346.0,53,22,TexlipseProperties,        return TexlipseProperties.OUTPUT_FORMAT_PDF;,matched,228.0,660,393.59999999999997,680,310.79999999999995,670.0
42813685-9f5b-4f60-85c6-16ae8ff32e17,9,63,185.0,185.0,53,24,TexlipseProperties,        return TexlipseProperties.OUTPUT_FORMAT_PDF;,matched,228.0,660,393.59999999999997,680,310.79999999999995,670.0
a698a505-1cff-47de-9153-66f27335bc2e,9,158,153.0,153.0,53,24,TexlipseProperties,        return TexlipseProperties.OUTPUT_FORMAT_PDF;,matched,228.0,660,393.59999999999997,680,310.79999999999995,670.0
63e5b602-80e7-4ecc-b21e-adbb6100cd86,9,116,97.0,97.0,53,25,TexlipseProperties,        return TexlipseProperties.OUTPUT_FORMAT_PDF;,matched,228.0,660,393.59999999999997,680,310.79999999999995,670.0
efe9e268-a566-4b2d-96cf-047575c066fc,9,184,475.0,475.0,53,26,TexlipseProperties,        return TexlipseProperties.OUTPUT_FORMAT_PDF;,matched,228.0,660,393.59999999999997,680,310.79999999999995,670.0
3cb3aa32-2ccb-4ac3-9cc2-7bf153881af5,9,186,509.0,509.0,53,26,TexlipseProperties,        return TexlipseProperties.OUTPUT_FORMAT_PDF;,matched,228.0,660,393.59999999999997,680,310.79999999999995,670.0
7eeeb52e-f7ea-4111-bff5-bf06aabf9e8b,9,60,199.0,199.0,53,27,TexlipseProperties,        return TexlipseProperties.OUTPUT_FORMAT_PDF;,matched,228.0,660,393.59999999999997,680,310.79999999999995,670.0
fbf47cec-f507-4a72-93d6-57fcf3074448,9,161,177.0,177.0,53,28,TexlipseProperties,        return TexlipseProperties.OUTPUT_FORMAT_PDF;,matched,228.0,660,393.59999999999997,680,310.79999999999995,670.0
da026727-ea30-4b7c-80c7-beac4ce035d3,9,122,436.0,436.0,53,31,TexlipseProperties,        return TexlipseProperties.OUTPUT_FORMAT_PDF;,matched,228.0,660,393.59999999999997,680,310.79999999999995,670.0
ee55806a-be3b-499d-9ee8-f29528421019,9,52,264.0,264.0,53,32,TexlipseProperties,        return TexlipseProperties.OUTPUT_FORMAT_PDF;,matched,228.0,660,393.59999999999997,680,310.79999999999995,670.0
7e4cc266-e28c-485a-8340-f21f8e5f8ac3,9,162,2775.0,2775.0,53,49,OUTPUT_FORMAT_PDF;,        return TexlipseProperties.OUTPUT_FORMAT_PDF;,matched,402.79999999999995,660,568.4,680,485.59999999999997,670.0
bdf9c72e-490e-4804-9ea1-b9ba606a869d,10,15,277.0,277.0,21,10,class, public class XelatexRunner extends LatexRunner {,matched,163.6,20,209.6,40,186.6,30.0
3ddbcd14-57a1-4162-8c71-5f682cb14780,10,2,177.0,177.0,21,11,class, public class XelatexRunner extends LatexRunner {,matched,163.6,20,209.6,40,186.6,30.0
b4a9a829-ba90-490c-b972-b4e7aeff1414,10,19,681.0,681.0,21,11,class, public class XelatexRunner extends LatexRunner {,matched,163.6,20,209.6,40,186.6,30.0
a06500d6-fd0e-486b-b274-a3eac919cd17,10,4,383.0,383.0,21,12,class, public class XelatexRunner extends LatexRunner {,matched,163.6,20,209.6,40,186.6,30.0
4c3d5f9a-e6d5-447d-acce-1c6ca8087946,10,10,713.0,713.0,21,12,class, public class XelatexRunner extends LatexRunner {,matched,163.6,20,209.6,40,186.6,30.0
7bb80de0-624a-4285-acad-742a14460037,10,17,123.0,123.0,21,18,XelatexRunner, public class XelatexRunner extends LatexRunner {,matched,218.79999999999998,20,338.4,40,278.59999999999997,30.0
2df94f73-807c-4fed-8ed4-2c867c31b451,10,26,483.0,483.0,21,19,XelatexRunner, public class XelatexRunner extends LatexRunner {,matched,218.79999999999998,20,338.4,40,278.59999999999997,30.0
28a25f69-25dd-4c2f-bb46-fba3e8bea862,10,5,529.0,529.0,21,20,XelatexRunner, public class XelatexRunner extends LatexRunner {,matched,218.79999999999998,20,338.4,40,278.59999999999997,30.0
78c40493-13b8-47d3-aacd-568973c86001,10,3,106.0,106.0,21,21,XelatexRunner, public class XelatexRunner extends LatexRunner {,matched,218.79999999999998,20,338.4,40,278.59999999999997,30.0
e28c8231-d398-4957-b502-d125261c25b7,10,11,272.0,272.0,21,23,XelatexRunner, public class XelatexRunner extends LatexRunner {,matched,218.79999999999998,20,338.4,40,278.59999999999997,30.0
44e575e3-7cf2-485e-b5dd-ee9dceb4af5e,10,21,124.0,124.0,21,25,XelatexRunner, public class XelatexRunner extends LatexRunner {,matched,218.79999999999998,20,338.4,40,278.59999999999997,30.0
ce8a667a-5126-464e-a281-60de59e96295,10,18,203.0,203.0,24,19,new,     * Create a new ProgramRunner.,matched,237.2,80,264.79999999999995,100,250.99999999999997,90.0
8517a416-af81-419c-a403-7e448c1bac83,10,14,97.0,97.0,25,4,WHITESPACE,     */,approx_whitespace,145.2,100,154.39999999999998,120,149.79999999999998,110.0
d3298ba9-90e5-4b69-a544-547fe779f43f,10,9,202.0,202.0,26,2,WHITESPACE,    public XelatexRunner() {,approx_whitespace,338.4,120,347.59999999999997,140,343.0,130.0
f24b65a4-2b2d-40a7-838c-a690eea4de04,10,1,124.0,124.0,26,15,XelatexRunner,    public XelatexRunner() {,matched,191.2,120,310.79999999999995,140,250.99999999999997,130.0
c90ad83b-b439-4799-8fe1-e5fd74b6c2f9,10,27,422.0,422.0,27,16,;,        super();,matched,228.0,140,237.2,160,232.6,150.0
31b9b793-c05b-4d49-b77f-9486678376c2,10,23,97.0,97.0,30,12,protected,    protected String getWindowsProgramName() {,matched,126.8,200,209.6,220,168.2,210.0
a7cfabdb-9b13-44b6-be19-8093846ec556,10,25,702.0,702.0,30,14,WHITESPACE,    protected String getWindowsProgramName() {,approx_whitespace,503.99999999999994,200,513.2,220,508.6,210.0
9908062c-3a2c-4c4c-9d06-e2b02baa022f,10,61,108.0,108.0,30,28,getWindowsProgramName,    protected String getWindowsProgramName() {,matched,283.2,200,476.4,220,379.79999999999995,210.0
0704f099-5db1-4723-b450-5df836b00db0,10,22,150.0,150.0,30,32,getWindowsProgramName,    protected String getWindowsProgramName() {,matched,283.2,200,476.4,220,379.79999999999995,210.0
48c86ba2-ea2b-445f-8e52-25f226fc7db0,10,32,191.0,191.0,30,36,getWindowsProgramName,    protected String getWindowsProgramName() {,matched,283.2,200,476.4,220,379.79999999999995,210.0
579d3e50-cb7a-4a95-80ae-6aa54d135048,10,63,477.0,477.0,31,24,.,"        return ""xelatex.exe"";",matched,301.6,220,310.79999999999995,240,306.2,230.0
3714ec9e-9e3c-4b51-98d1-9d7cfdc7068b,10,59,200.0,200.0,34,15,String,    protected String getUnixProgramName() {,matched,218.79999999999998,280,274.0,300,246.39999999999998,290.0
34909999-064c-4d14-80f7-237863408090,10,62,128.0,128.0,34,16,String,    protected String getUnixProgramName() {,matched,218.79999999999998,280,274.0,300,246.39999999999998,290.0
19797dd8-601c-4482-b0da-1d125c5e3a76,10,31,100.0,100.0,34,21,WHITESPACE,    protected String getUnixProgramName() {,approx_whitespace,476.4,280,485.59999999999997,300,481.0,290.0
64ad7fde-a5ef-4b71-a869-ea6eb5935273,10,24,513.0,513.0,35,10,return,"        return ""xelatex"";",matched,163.6,300,218.79999999999998,320,191.2,310.0
ae4138d1-e8bd-4d65-b4dc-f2df695f0b98,10,66,305.0,305.0,35,15,WHITESPACE,"        return ""xelatex"";",approx_whitespace,218.79999999999998,300,228.0,320,223.39999999999998,310.0
504bc97b-7296-4ca8-ba14-dbd13a60f330,10,29,1984.0,1984.0,35,26,WHITESPACE,"        return ""xelatex"";",approx_whitespace,310.79999999999995,300,320.0,320,315.4,310.0
77a407a7-86b7-4a6d-9418-2b9f84dab604,10,64,290.0,290.0,38,18,WHITESPACE,    public String getDescription() {,approx_whitespace,412.0,360,421.2,380,416.6,370.0
e8e15e8c-9988-44db-8369-541bedf2faf7,10,36,357.0,357.0,38,24,getDescription,    public String getDescription() {,matched,255.6,360,384.4,380,320.0,370.0
175d6315-bd97-4090-b7c7-0762146b20a5,10,60,257.0,257.0,38,24,getDescription,    public String getDescription() {,matched,255.6,360,384.4,380,320.0,370.0
4b4c69d7-5a67-4f65-b888-441f8d2a7b15,10,6,120.0,120.0,39,14,return,"        return ""XeLatex program"";",matched,163.6,380,218.79999999999998,400,191.2,390.0
b3fdf567-34bb-4bae-b5d4-01b144c13e0f,10,37,211.0,211.0,39,24,WHITESPACE,"        return ""XeLatex program"";",approx_whitespace,384.4,380,393.59999999999997,400,389.0,390.0
0623e6cc-46be-4d82-80ec-29c30b649a25,10,38,310.0,310.0,43,17,SyncTeX,     * Enable SyncTeX,matched,218.79999999999998,460,283.2,480,251.0,470.0
f12ddac9-cab5-474f-9bb2-1f99f83b450d,10,48,274.0,274.0,45,10,public,    public String getDefaultArguments() {,matched,126.8,500,182.0,520,154.4,510.0
42ef58c5-1bb7-42bf-b599-2f986726e4c7,10,67,228.0,228.0,45,11,WHITESPACE,    public String getDefaultArguments() {,approx_whitespace,191.2,500,200.39999999999998,520,195.79999999999998,510.0
fa7743b9-bf67-4f8c-b0a1-813dd66533b9,10,70,286.0,286.0,45,21,getDefaultArguments,    public String getDefaultArguments() {,matched,255.6,500,430.4,520,343.0,510.0
953ee67a-e212-40cb-96dd-492455c66bb0,10,102,730.0,730.0,45,22,getDefaultArguments,    public String getDefaultArguments() {,matched,255.6,500,430.4,520,343.0,510.0
f2c15db1-9088-4447-9741-3548b82ffe89,10,84,92.0,92.0,45,40,WHITESPACE,    public String getDefaultArguments() {,approx_whitespace,458.0,500,467.2,520,462.6,510.0
a1ffea87-78d4-4239-a8bd-483e07be1776,10,92,1274.0,1274.0,46,8,WHITESPACE,"        return ""-synctex=1 ""+super.getDefaultArguments();",approx_whitespace,366.0,520,375.2,540,370.6,530.0
fb9a68a4-0439-43bd-b9e6-ddfb34fd5d05,10,7,281.0,281.0,46,10,return,"        return ""-synctex=1 ""+super.getDefaultArguments();",matched,163.6,520,218.79999999999998,540,191.2,530.0
45d0e417-d20a-4b3a-ba79-ea243c387a0a,10,39,319.0,319.0,46,11,return,"        return ""-synctex=1 ""+super.getDefaultArguments();",matched,163.6,520,218.79999999999998,540,191.2,530.0
6181f97d-be9b-4eea-97a7-9e42ad927450,10,101,127.0,127.0,46,13,return,"        return ""-synctex=1 ""+super.getDefaultArguments();",matched,163.6,520,218.79999999999998,540,191.2,530.0
4fa480a6-5b7a-47f2-9268-2c5e1158d1e8,10,49,99.0,99.0,46,14,return,"        return ""-synctex=1 ""+super.getDefaultArguments();",matched,163.6,520,218.79999999999998,540,191.2,530.0
feb34704-8ebd-4daa-b2db-e29e5a062109,10,68,128.0,128.0,46,15,WHITESPACE,"        return ""-synctex=1 ""+super.getDefaultArguments();",approx_whitespace,605.1999999999999,520,614.4,540,609.8,530.0
50fba6fa-5d09-4b7a-942a-ebc5cfe869b7,10,93,250.0,250.0,46,18,synctex,"        return ""-synctex=1 ""+super.getDefaultArguments();",matched,246.39999999999998,520,310.79999999999995,540,278.59999999999997,530.0
71b4ef82-3e30-41ac-8cf3-6750ea7862f5,10,50,124.0,124.0,46,24,synctex,"        return ""-synctex=1 ""+super.getDefaultArguments();",matched,246.39999999999998,520,310.79999999999995,540,278.59999999999997,530.0
7e7cba64-b402-44b2-a64e-a7c35e015c5a,10,80,287.0,287.0,46,24,synctex,"        return ""-synctex=1 ""+super.getDefaultArguments();",matched,246.39999999999998,520,310.79999999999995,540,278.59999999999997,530.0
6950dcad-077d-43a6-b1f8-30b7d8977792,10,111,149.0,149.0,46,24,synctex,"        return ""-synctex=1 ""+super.getDefaultArguments();",matched,246.39999999999998,520,310.79999999999995,540,278.59999999999997,530.0
675c653f-b0af-46aa-a0cd-29acbabe9e4b,10,41,614.0,614.0,46,25,=,"        return ""-synctex=1 ""+super.getDefaultArguments();",matched,310.79999999999995,520,320.0,540,315.4,530.0
8e33cdf4-6f2c-471a-a68d-e41c3865c03d,10,57,261.0,261.0,46,25,=,"        return ""-synctex=1 ""+super.getDefaultArguments();",matched,310.79999999999995,520,320.0,540,315.4,530.0
5b5ff308-5414-473f-98f1-a19995343b6c,10,83,647.0,647.0,46,25,=,"        return ""-synctex=1 ""+super.getDefaultArguments();",matched,310.79999999999995,520,320.0,540,315.4,530.0
406efe49-e2ea-4728-8577-32eee2749341,10,51,447.0,447.0,46,32,super,"        return ""-synctex=1 ""+super.getDefaultArguments();",matched,356.79999999999995,520,402.79999999999995,540,379.79999999999995,530.0
45813e94-149a-4189-add1-a11e4a329233,10,81,336.0,336.0,46,32,super,"        return ""-synctex=1 ""+super.getDefaultArguments();",matched,356.79999999999995,520,402.79999999999995,540,379.79999999999995,530.0
43225803-d645-4018-bb60-85776f378bd7,10,72,147.0,147.0,47,3,WHITESPACE,    },approx_whitespace,126.8,540,136.0,560,131.4,550.0
859a329e-7625-447a-afbb-c97c1cbc0630,10,73,126.0,126.0,49,7,/**,    /**,matched,126.8,580,154.39999999999998,600,140.6,590.0
74d7c633-de3f-430b-b3d6-183236cd99ca,10,99,1163.0,1163.0,49,7,/**,    /**,matched,126.8,580,154.39999999999998,600,140.6,590.0
f873d75d-e589-4766-8a7a-4be242e1d50c,10,47,490.0,490.0,50,11,@return,     * @return output file format (pdf),matched,154.39999999999998,600,218.79999999999998,620,186.59999999999997,610.0
187640ca-9d2a-4e56-a896-fe8ed703a0cf,10,107,142.0,142.0,50,13,@return,     * @return output file format (pdf),matched,154.39999999999998,600,218.79999999999998,620,186.59999999999997,610.0
aac1b8dc-eb2a-4703-9bac-b6a1bf14951b,10,100,613.0,613.0,50,14,@return,     * @return output file format (pdf),matched,154.39999999999998,600,218.79999999999998,620,186.59999999999997,610.0
20501e9f-2485-4214-9517-9634d42c838c,10,44,194.0,194.0,50,15,WHITESPACE,     * @return output file format (pdf),approx_whitespace,439.59999999999997,600,448.79999999999995,620,444.19999999999993,610.0
7ae80cd3-f6a7-4891-9d31-ad0d7f274bb5,10,76,1883.0,1883.0,50,19,output,     * @return output file format (pdf),matched,228.0,600,283.2,620,255.6,610.0
25384a69-a32c-4071-b707-8c476267eab1,10,54,124.0,124.0,50,20,output,     * @return output file format (pdf),matched,228.0,600,283.2,620,255.6,610.0
bdb52bba-ab5e-42ae-812a-9483338ef041,10,85,86.0,86.0,50,21,output,     * @return output file format (pdf),matched,228.0,600,283.2,620,255.6,610.0
0c87e517-6fe7-496a-9b26-207c41f8bbdd,10,118,166.0,166.0,50,25,file,     * @return output file format (pdf),matched,292.4,600,329.2,620,310.79999999999995,610.0
038007cf-cc5a-4fb8-95de-b79fafd77aac,10,46,126.0,126.0,50,26,file,     * @return output file format (pdf),matched,292.4,600,329.2,620,310.79999999999995,610.0
13fe0f4a-16e2-4eae-88aa-0962137d2a75,10,45,228.0,228.0,50,32,format,     * @return output file format (pdf),matched,338.4,600,393.59999999999997,620,366.0,610.0
731a0cbf-0309-4f66-a868-64472d9da01c,10,96,214.0,214.0,52,11,WHITESPACE,    public String getOutputFormat() {,approx_whitespace,421.2,640,430.4,660,425.79999999999995,650.0
d2b50283-ae42-4d8d-bb6e-262b026f6a9b,10,97,247.0,247.0,52,12,String,    public String getOutputFormat() {,matched,191.2,640,246.39999999999998,660,218.79999999999998,650.0
ec112e30-3b3d-4a4e-be0c-a3db29624a27,10,115,146.0,146.0,52,15,String,    public String getOutputFormat() {,matched,191.2,640,246.39999999999998,660,218.79999999999998,650.0
5ccf9bea-c003-467c-894a-44d9dac77689,10,8,759.0,759.0,52,16,String,    public String getOutputFormat() {,matched,191.2,640,246.39999999999998,660,218.79999999999998,650.0
e6996b81-600a-4212-8be9-cd5245d61be1,10,74,122.0,122.0,52,16,String,    public String getOutputFormat() {,matched,191.2,640,246.39999999999998,660,218.79999999999998,650.0
f7822299-7d40-48a1-a34d-3e5f9efbcb60,10,56,184.0,184.0,52,17,String,    public String getOutputFormat() {,matched,191.2,640,246.39999999999998,660,218.79999999999998,650.0
b0a02600-d0b3-4aa2-afa7-fdd78bc7389d,10,69,574.0,574.0,52,20,getOutputFormat,    public String getOutputFormat() {,matched,255.6,640,393.59999999999997,660,324.59999999999997,650.0
a315676b-22a6-4240-8015-c524b4052fe3,10,43,200.0,200.0,52,24,getOutputFormat,    public String getOutputFormat() {,matched,255.6,640,393.59999999999997,660,324.59999999999997,650.0
98cdec06-5933-4e5f-8fe0-1d4d4257cba2,10,58,343.0,343.0,52,35,(),    public String getOutputFormat() {,matched,393.59999999999997,640,412.0,660,402.79999999999995,650.0
378519b4-3e5a-4097-af90-1de868df8938,10,75,99.0,99.0,52,37,{,    public String getOutputFormat() {,matched,421.2,640,430.4,660,425.79999999999995,650.0
8a287e56-8312-4789-9d11-b5283d29a724,10,94,1169.0,1169.0,53,9,return,        return TexlipseProperties.OUTPUT_FORMAT_PDF;,matched,163.6,660,218.79999999999998,680,191.2,670.0
0f78f63b-9461-478c-8a35-1e3c962f7c66,10,119,110.0,110.0,53,9,return,        return TexlipseProperties.OUTPUT_FORMAT_PDF;,matched,163.6,660,218.79999999999998,680,191.2,670.0
5d8f6302-7bfd-4203-9a97-b7c15b996e37,10,98,168.0,168.0,53,10,return,        return TexlipseProperties.OUTPUT_FORMAT_PDF;,matched,163.6,660,218.79999999999998,680,191.2,670.0
74b9d155-35ba-4942-9442-c47764ea6ad5,10,103,1549.0,1549.0,53,10,return,        return TexlipseProperties.OUTPUT_FORMAT_PDF;,matched,163.6,660,218.79999999999998,680,191.2,670.0
741d2c1f-896d-474c-9c60-1c7024bc7678,10,89,190.0,190.0,53,11,return,        return TexlipseProperties.OUTPUT_FORMAT_PDF;,matched,163.6,660,218.79999999999998,680,191.2,670.0
73a64c31-c1d6-4406-b627-6653bcdd6176,10,77,103.0,103.0,53,13,return,        return TexlipseProperties.OUTPUT_FORMAT_PDF;,matched,163.6,660,218.79999999999998,680,191.2,670.0
7b7a9f84-66aa-496e-bdcf-9ec6f0984758,10,86,137.0,137.0,53,14,return,        return TexlipseProperties.OUTPUT_FORMAT_PDF;,matched,163.6,660,218.79999999999998,680,191.2,670.0
41aa4cc5-22d8-425b-a477-6bce87e6f367,10,42,343.0,343.0,53,17,TexlipseProperties,        return TexlipseProperties.OUTPUT_FORMAT_PDF;,matched,228.0,660,393.59999999999997,680,310.79999999999995,670.0
fbf9de26-b38e-4b2c-8d3d-f820778f1dd6,10,53,323.0,323.0,53,19,TexlipseProperties,        return TexlipseProperties.OUTPUT_FORMAT_PDF;,matched,228.0,660,393.59999999999997,680,310.79999999999995,670.0
52bef5c9-46bc-4e64-a73e-1a3dadc5dbd2,10,104,249.0,249.0,53,19,TexlipseProperties,        return TexlipseProperties.OUTPUT_FORMAT_PDF;,matched,228.0,660,393.59999999999997,680,310.79999999999995,670.0
a35cc71d-732d-455e-8c2a-323814f7a18e,10,52,414.0,414.0,53,24,TexlipseProperties,        return TexlipseProperties.OUTPUT_FORMAT_PDF;,matched,228.0,660,393.59999999999997,680,310.79999999999995,670.0
469b8ca0-80d2-4ddb-bf97-0efe2f4919d7,10,78,430.0,430.0,53,25,TexlipseProperties,        return TexlipseProperties.OUTPUT_FORMAT_PDF;,matched,228.0,660,393.59999999999997,680,310.79999999999995,670.0
bde8eede-3302-48e6-8355-40770514cb14,10,87,166.0,166.0,53,25,TexlipseProperties,        return TexlipseProperties.OUTPUT_FORMAT_PDF;,matched,228.0,660,393.59999999999997,680,310.79999999999995,670.0
32ea6b39-e371-4b5d-8f5c-f03c28161c3b,10,90,212.0,212.0,53,25,TexlipseProperties,        return TexlipseProperties.OUTPUT_FORMAT_PDF;,matched,228.0,660,393.59999999999997,680,310.79999999999995,670.0
2ebf3008-356a-479a-8221-6d6fb5ffa76e,10,105,366.0,366.0,53,27,TexlipseProperties,        return TexlipseProperties.OUTPUT_FORMAT_PDF;,matched,228.0,660,393.59999999999997,680,310.79999999999995,670.0
232ab7d5-04dd-4273-824d-beaedf67736e,10,79,173.0,173.0,53,29,TexlipseProperties,        return TexlipseProperties.OUTPUT_FORMAT_PDF;,matched,228.0,660,393.59999999999997,680,310.79999999999995,670.0
1c975eb4-a964-45d4-a588-073a78e00c0c,10,55,786.0,786.0,53,31,TexlipseProperties,        return TexlipseProperties.OUTPUT_FORMAT_PDF;,matched,228.0,660,393.59999999999997,680,310.79999999999995,670.0
17bbb806-641c-4b13-9649-d0b049a3ebc1,10,91,266.0,266.0,53,32,TexlipseProperties,        return TexlipseProperties.OUTPUT_FORMAT_PDF;,matched,228.0,660,393.59999999999997,680,310.79999999999995,670.0
d4be9ba1-cd6e-49e3-ba51-8ce9e38185a6,10,106,415.0,415.0,53,34,.,        return TexlipseProperties.OUTPUT_FORMAT_PDF;,matched,393.59999999999997,660,402.79999999999995,680,398.19999999999993,670.0
30947ffc-eb96-4d8a-85c6-2e63da22f337,10,88,124.0,124.0,53,37,OUTPUT_FORMAT_PDF;,        return TexlipseProperties.OUTPUT_FORMAT_PDF;,matched,402.79999999999995,660,568.4,680,485.59999999999997,670.0
22abb9a5-ffc1-4047-a3c5-acfccc8419f7,10,116,195.0,195.0,53,50,OUTPUT_FORMAT_PDF;,        return TexlipseProperties.OUTPUT_FORMAT_PDF;,matched,402.79999999999995,660,568.4,680,485.59999999999997,670.0
dde443bb-ecf7-4432-982f-bf4960449b67,11,75,361.0,361.0,21,7,public, public class XelatexRunner extends LatexRunner {,matched,99.2,20,154.39999999999998,40,126.79999999999998,30.0
34df20f1-5f96-4f6c-b060-4c1da864063a,11,36,745.0,745.0,21,13,class, public class XelatexRunner extends LatexRunner {,matched,163.6,20,209.6,40,186.6,30.0
d9ed5050-ec80-4f20-a1da-06054971eef0,11,68,231.0,231.0,21,14,WHITESPACE, public class XelatexRunner extends LatexRunner {,approx_whitespace,531.5999999999999,20,540.8,40,536.1999999999999,30.0
0f63860e-07fd-4d15-ba75-d607863a7ec0,11,16,360.0,360.0,21,15,XelatexRunner, public class XelatexRunner extends LatexRunner {,matched,218.79999999999998,20,338.4,40,278.59999999999997,30.0
7753b1f1-769e-4b77-b2e6-d37fd9ddd968,11,71,604.0,604.0,21,18,XelatexRunner, public class XelatexRunner extends LatexRunner {,matched,218.79999999999998,20,338.4,40,278.59999999999997,30.0
2aed7d59-6474-40fd-9d70-48c70bee2534,11,74,433.0,433.0,21,20,XelatexRunner, public class XelatexRunner extends LatexRunner {,matched,218.79999999999998,20,338.4,40,278.59999999999997,30.0
62f7c3af-c736-4f73-aa35-264497e2aa5b,11,15,2072.0,2072.0,21,21,XelatexRunner, public class XelatexRunner extends LatexRunner {,matched,218.79999999999998,20,338.4,40,278.59999999999997,30.0
ae082ad5-4253-486a-8aa8-734c682a5381,11,198,253.0,253.0,21,22,XelatexRunner, public class XelatexRunner extends LatexRunner {,matched,218.79999999999998,20,338.4,40,278.59999999999997,30.0
fb2048f1-0d65-46a5-a676-4d0eb407d64e,11,120,124.0,124.0,21,24,XelatexRunner, public class XelatexRunner extends LatexRunner {,matched,218.79999999999998,20,338.4,40,278.59999999999997,30.0
01d3378e-5950-4054-92a4-99717eb5e937,11,172,186.0,186.0,21,27,XelatexRunner, public class XelatexRunner extends LatexRunner {,matched,218.79999999999998,20,338.4,40,278.59999999999997,30.0
6920392a-61a4-4ade-9617-a3117a3c9d95,11,121,97.0,97.0,21,29,extends, public class XelatexRunner extends LatexRunner {,matched,347.59999999999997,20,412.0,40,379.79999999999995,30.0
2efdb25b-c36f-4d5a-8cdc-5962c7c8dc46,11,69,379.0,379.0,21,31,extends, public class XelatexRunner extends LatexRunner {,matched,347.59999999999997,20,412.0,40,379.79999999999995,30.0
241c151d-bba8-4975-8f0c-6d5224515ed9,11,72,160.0,160.0,21,31,extends, public class XelatexRunner extends LatexRunner {,matched,347.59999999999997,20,412.0,40,379.79999999999995,30.0
a8a59acb-b92c-494c-acd2-15568f71cfe6,11,76,502.0,502.0,21,32,extends, public class XelatexRunner extends LatexRunner {,matched,347.59999999999997,20,412.0,40,379.79999999999995,30.0
3ccd497f-a699-4b7e-bf03-c180a5f2619a,11,73,146.0,146.0,21,40,LatexRunner, public class XelatexRunner extends LatexRunner {,matched,237.2,20,338.4,40,287.79999999999995,30.0
01e7388a-c0bc-4e1a-83dd-13190319d7e8,11,70,1010.0,1010.0,21,43,LatexRunner, public class XelatexRunner extends LatexRunner {,matched,421.2,20,522.4,40,471.79999999999995,30.0
17c4a473-d13d-42dc-9cdc-444dea645fb7,11,182,530.0,530.0,24,8,Create,     * Create a new ProgramRunner.,matched,154.39999999999998,80,209.6,100,182.0,90.0
3b370020-88bb-4e5b-aed6-a58a49e6ae70,11,179,211.0,211.0,24,10,Create,     * Create a new ProgramRunner.,matched,154.39999999999998,80,209.6,100,182.0,90.0
9650469c-a75c-480c-83a0-983cbf83e69e,11,197,203.0,203.0,24,10,Create,     * Create a new ProgramRunner.,matched,154.39999999999998,80,209.6,100,182.0,90.0
0055b46d-627f-40f3-ab36-4e2d68e9aeb0,11,177,146.0,146.0,24,11,Create,     * Create a new ProgramRunner.,matched,154.39999999999998,80,209.6,100,182.0,90.0
022a6eb4-078f-4ca8-9b70-02450bf7fbb6,11,13,107.0,107.0,24,12,Create,     * Create a new ProgramRunner.,matched,154.39999999999998,80,209.6,100,182.0,90.0
0c040fa4-e842-4e91-8d44-5b37e42a1dfb,11,201,336.0,336.0,24,12,Create,     * Create a new ProgramRunner.,matched,154.39999999999998,80,209.6,100,182.0,90.0
54308ad7-be06-458e-9a50-e68e991d5ea2,11,180,212.0,212.0,24,18,new,     * Create a new ProgramRunner.,matched,237.2,80,264.79999999999995,100,250.99999999999997,90.0
cb525b8d-ede9-4a6e-8c63-feb493996f75,11,178,82.0,82.0,24,19,new,     * Create a new ProgramRunner.,matched,237.2,80,264.79999999999995,100,250.99999999999997,90.0
dda8fed9-be30-4308-b8f4-421d5f67e953,11,181,370.0,370.0,24,23,ProgramRunner.,     * Create a new ProgramRunner.,matched,274.0,80,402.79999999999995,100,338.4,90.0
7c181b4e-4039-4e4b-9a35-8cc6c877073a,11,21,306.0,306.0,26,7,public,    public XelatexRunner() {,matched,126.8,120,182.0,140,154.4,130.0
236f17cb-7005-4418-bf59-098fad681f25,11,125,216.0,216.0,26,11,WHITESPACE,    public XelatexRunner() {,approx_whitespace,338.4,120,347.59999999999997,140,343.0,130.0
0c460e52-9c92-48d5-b9b9-93caa9d5c0d5,11,22,126.0,126.0,26,13,XelatexRunner,    public XelatexRunner() {,matched,191.2,120,310.79999999999995,140,250.99999999999997,130.0
e774a27b-e2dd-41e6-9dd9-749a6494e4b9,11,119,260.0,260.0,26,16,XelatexRunner,    public XelatexRunner() {,matched,191.2,120,310.79999999999995,140,250.99999999999997,130.0
69c65731-0acb-4b09-a055-cd4ef391761a,11,219,157.0,157.0,26,20,XelatexRunner,    public XelatexRunner() {,matched,191.2,120,310.79999999999995,140,250.99999999999997,130.0
c4a541df-540b-42f2-a9fa-584353d95c7c,11,196,450.0,450.0,27,11,super,        super();,matched,163.6,140,209.6,160,186.6,150.0
2b5255b8-d6b8-417b-b29a-70d61f680000,11,26,337.0,337.0,27,12,super,        super();,matched,163.6,140,209.6,160,186.6,150.0
b4535932-e567-4747-8d4f-dade9c12f7ae,11,203,232.0,232.0,27,12,super,        super();,matched,163.6,140,209.6,160,186.6,150.0
db5bde56-248a-4de6-bf3a-670df05f4dbc,11,3,142.0,142.0,27,15,(),        super();,matched,209.6,140,228.0,160,218.8,150.0
f1ba438c-2c38-4032-b3c2-811d2a1d492c,11,171,89.0,89.0,27,15,(),        super();,matched,209.6,140,228.0,160,218.8,150.0
ba662144-7c3c-410d-8d57-e1459376fb10,11,23,464.0,464.0,30,7,protected,    protected String getWindowsProgramName() {,matched,126.8,200,209.6,220,168.2,210.0
b19c95ee-569d-4563-b000-f759fa9d4ea5,11,28,7919.0,5000.0,30,17,String,    protected String getWindowsProgramName() {,matched,218.79999999999998,200,274.0,220,246.39999999999998,210.0
fd080a4f-466a-4611-b1e8-8781259a1439,11,17,8718.0,5000.0,30,18,String,    protected String getWindowsProgramName() {,matched,218.79999999999998,200,274.0,220,246.39999999999998,210.0
184e332a-d207-4bac-ac20-5dbdc3e04569,11,82,679.0,679.0,30,18,String,    protected String getWindowsProgramName() {,matched,218.79999999999998,200,274.0,220,246.39999999999998,210.0
9e217435-2b18-41c1-8c55-3ee31f0083fd,11,10,731.0,731.0,30,19,String,    protected String getWindowsProgramName() {,matched,218.79999999999998,200,274.0,220,246.39999999999998,210.0
02cbefb2-e01e-4e7d-a386-d2322ecce8fa,11,2,235.0,235.0,30,21,WHITESPACE,    protected String getWindowsProgramName() {,approx_whitespace,283.2,200,292.4,220,287.79999999999995,210.0
c78841c7-a8ba-4b70-b69f-30f889470eda,11,24,103.0,103.0,30,22,getWindowsProgramName,    protected String getWindowsProgramName() {,matched,283.2,200,476.4,220,379.79999999999995,210.0
5efe2417-5cbd-47ed-9e00-a15da8f6922f,11,170,138.0,138.0,30,25,getWindowsProgramName,    protected String getWindowsProgramName() {,matched,283.2,200,476.4,220,379.79999999999995,210.0
fdac770e-0d20-417f-9372-d85382396803,11,18,1161.0,1161.0,30,26,getWindowsProgramName,    protected String getWindowsProgramName() {,matched,283.2,200,476.4,220,379.79999999999995,210.0
2cb23d9a-8d61-4a7c-b46a-1d04e226101a,11,30,656.0,656.0,30,26,getWindowsProgramName,    protected String getWindowsProgramName() {,matched,283.2,200,476.4,220,379.79999999999995,210.0
49ec0a83-e7ce-4bb4-827c-7e02ef3b4c16,11,40,240.0,240.0,30,26,getWindowsProgramName,    protected String getWindowsProgramName() {,matched,283.2,200,476.4,220,379.79999999999995,210.0
1cc237bd-5f41-498d-85d5-4a30f37c1b81,11,124,304.0,304.0,30,26,getWindowsProgramName,    protected String getWindowsProgramName() {,matched,283.2,200,476.4,220,379.79999999999995,210.0
7acbfb82-9905-4980-9665-bd3fa35af0c0,11,41,995.0,995.0,30,33,getWindowsProgramName,    protected String getWindowsProgramName() {,matched,283.2,200,476.4,220,379.79999999999995,210.0
d68d00d2-7a63-4fd2-8f37-a82cd61aaa29,11,19,4346.0,4346.0,30,41,getWindowsProgramName,    protected String getWindowsProgramName() {,matched,283.2,200,476.4,220,379.79999999999995,210.0
b8679720-95f1-4ed9-adb7-c8ac7da2d326,11,78,490.0,490.0,30,42,getWindowsProgramName,    protected String getWindowsProgramName() {,matched,283.2,200,476.4,220,379.79999999999995,210.0
f7e7ab2d-3cad-4bcd-9e97-badd07bff559,11,27,2182.0,2182.0,30,45,WHITESPACE,    protected String getWindowsProgramName() {,approx_whitespace,503.99999999999994,200,513.2,220,508.6,210.0
6e2ea77f-e589-47a6-bec7-7dd7c57f16c3,11,25,1801.0,1801.0,30,46,{,    protected String getWindowsProgramName() {,matched,503.99999999999994,200,513.2,220,508.6,210.0
85afd9e8-4d8c-4ece-9116-2d853da36404,11,20,313.0,313.0,31,8,WHITESPACE,"        return ""xelatex.exe"";",approx_whitespace,347.59999999999997,220,356.79999999999995,240,352.19999999999993,230.0
fa85c64f-c7e4-44d2-96d3-6b48320321c3,11,1,489.0,489.0,31,10,return,"        return ""xelatex.exe"";",matched,163.6,220,218.79999999999998,240,191.2,230.0
fe19f4e8-5428-428a-a66e-79beb093f897,11,79,143.0,143.0,31,11,return,"        return ""xelatex.exe"";",matched,163.6,220,218.79999999999998,240,191.2,230.0
410cc82e-ddb3-4639-8cfd-025336c5b830,11,115,716.0,716.0,31,11,return,"        return ""xelatex.exe"";",matched,163.6,220,218.79999999999998,240,191.2,230.0
5b996739-273e-46e5-a6e5-39d08d701851,11,200,650.0,650.0,31,11,return,"        return ""xelatex.exe"";",matched,163.6,220,218.79999999999998,240,191.2,230.0
c8fbd32e-8629-4aaf-b445-445e8e53f083,11,205,166.0,166.0,31,11,return,"        return ""xelatex.exe"";",matched,163.6,220,218.79999999999998,240,191.2,230.0
2363ed83-0627-4aaa-8fb3-f58a2c406cdb,11,32,431.0,431.0,31,12,return,"        return ""xelatex.exe"";",matched,163.6,220,218.79999999999998,240,191.2,230.0
ae63b63d-e3a5-495d-994d-4db70da8c448,11,199,1394.0,1394.0,31,12,return,"        return ""xelatex.exe"";",matched,163.6,220,218.79999999999998,240,191.2,230.0
bbd54d3c-e48e-43c0-af61-3af5f4808d9e,11,35,2167.0,2167.0,31,13,return,"        return ""xelatex.exe"";",matched,163.6,220,218.79999999999998,240,191.2,230.0
07001021-40e9-4244-b584-d7846b7dbfa8,11,122,185.0,185.0,31,13,return,"        return ""xelatex.exe"";",matched,163.6,220,218.79999999999998,240,191.2,230.0
409ce60b-72dd-4da6-9268-f5e072a6b839,11,202,513.0,513.0,31,13,return,"        return ""xelatex.exe"";",matched,163.6,220,218.79999999999998,240,191.2,230.0
5776755c-1ab6-4456-9e6c-0eba094e5512,11,204,804.0,804.0,31,13,return,"        return ""xelatex.exe"";",matched,163.6,220,218.79999999999998,240,191.2,230.0
0cf38f37-a091-4a8a-81d2-6d35ec76fe93,11,88,886.0,886.0,31,14,return,"        return ""xelatex.exe"";",matched,163.6,220,218.79999999999998,240,191.2,230.0
a5056aa6-0e4b-4c4d-b6fb-be9049cfff63,11,92,1261.0,1261.0,34,10,protected,    protected String getUnixProgramName() {,matched,126.8,280,209.6,300,168.2,290.0
2b244d61-d63c-4d8e-9485-2c8882a0a5ba,11,94,865.0,865.0,34,11,protected,    protected String getUnixProgramName() {,matched,126.8,280,209.6,300,168.2,290.0
c1e622fd-b36c-445e-85cf-c43ed035b3e2,11,211,1971.0,1971.0,34,11,protected,    protected String getUnixProgramName() {,matched,126.8,280,209.6,300,168.2,290.0
d82ea9e1-5baf-4148-904e-b0f6431856b4,11,215,114.0,114.0,34,11,protected,    protected String getUnixProgramName() {,matched,126.8,280,209.6,300,168.2,290.0
1130a59c-0702-4fbd-ba0f-c4037f9b574d,11,34,2061.0,2061.0,34,12,protected,    protected String getUnixProgramName() {,matched,126.8,280,209.6,300,168.2,290.0
fcce7c0d-01c2-4d63-870c-938b6a600ba0,11,218,104.0,104.0,34,12,protected,    protected String getUnixProgramName() {,matched,126.8,280,209.6,300,168.2,290.0
429362f8-842c-41cf-8027-dd41014c546e,11,99,152.0,152.0,34,13,protected,    protected String getUnixProgramName() {,matched,126.8,280,209.6,300,168.2,290.0
ce0bcc8e-2c96-4b0d-ade4-3c627cbab5a8,11,213,125.0,125.0,34,13,protected,    protected String getUnixProgramName() {,matched,126.8,280,209.6,300,168.2,290.0
fe435d74-e3da-48fa-a490-e3d7bfe32410,11,6,146.0,146.0,34,15,String,    protected String getUnixProgramName() {,matched,218.79999999999998,280,274.0,300,246.39999999999998,290.0
c5dd4856-6a89-4a47-a962-41e97e0bb630,11,87,240.0,240.0,34,17,String,    protected String getUnixProgramName() {,matched,218.79999999999998,280,274.0,300,246.39999999999998,290.0
e3a75971-fab8-4a31-8332-f25e359cb5e2,11,93,106.0,106.0,34,17,String,    protected String getUnixProgramName() {,matched,218.79999999999998,280,274.0,300,246.39999999999998,290.0
8889e869-699e-4ea0-b411-362aff457fe7,11,169,138.0,138.0,34,18,String,    protected String getUnixProgramName() {,matched,218.79999999999998,280,274.0,300,246.39999999999998,290.0
4fed89b9-940a-4217-a416-17100075d716,11,185,93.0,93.0,34,18,String,    protected String getUnixProgramName() {,matched,218.79999999999998,280,274.0,300,246.39999999999998,290.0
5920c24a-3ee6-475c-9024-267d832ffaff,11,86,186.0,186.0,34,22,getUnixProgramName,    protected String getUnixProgramName() {,matched,283.2,280,448.79999999999995,300,366.0,290.0
ab08afcb-e716-4a21-8349-80c608826f2b,11,43,108.0,108.0,34,24,getUnixProgramName,    protected String getUnixProgramName() {,matched,283.2,280,448.79999999999995,300,366.0,290.0
ca85f7f4-72b1-4e1e-b7d7-4d47b1a25bcc,11,91,2175.0,2175.0,34,24,getUnixProgramName,    protected String getUnixProgramName() {,matched,283.2,280,448.79999999999995,300,366.0,290.0
005c2530-caaa-4980-9cd0-6d4a9a121878,11,39,511.0,511.0,34,26,getUnixProgramName,    protected String getUnixProgramName() {,matched,283.2,280,448.79999999999995,300,366.0,290.0
ff6aa831-99da-4d68-a400-8b0bf741fa1b,11,95,747.0,747.0,34,27,getUnixProgramName,    protected String getUnixProgramName() {,matched,283.2,280,448.79999999999995,300,366.0,290.0
e4e348fb-d0c5-49f3-87cc-6bdf280d739e,11,85,155.0,155.0,34,28,getUnixProgramName,    protected String getUnixProgramName() {,matched,283.2,280,448.79999999999995,300,366.0,290.0
e4a8620d-8dfd-449b-86a1-4fa97e0480cd,11,102,703.0,703.0,34,30,getUnixProgramName,    protected String getUnixProgramName() {,matched,283.2,280,448.79999999999995,300,366.0,290.0
f966078b-ebe4-4334-a2fc-ca74c115cc41,11,38,172.0,172.0,34,31,getUnixProgramName,    protected String getUnixProgramName() {,matched,283.2,280,448.79999999999995,300,366.0,290.0
b749dea1-4f9c-4b99-b941-574de0bca12e,11,42,146.0,146.0,34,32,getUnixProgramName,    protected String getUnixProgramName() {,matched,283.2,280,448.79999999999995,300,366.0,290.0
2bdfc221-e70e-411e-b60a-a82ee78f700c,11,109,1192.0,1192.0,34,38,getUnixProgramName,    protected String getUnixProgramName() {,matched,283.2,280,448.79999999999995,300,366.0,290.0
00adc6cf-53ae-4473-98a3-02e170184989,11,103,10991.0,5000.0,34,43,{,    protected String getUnixProgramName() {,matched,476.4,280,485.59999999999997,300,481.0,290.0
6290354e-8f36-4cf6-9e4b-55e83c0ae028,11,212,13073.0,5000.0,34,44,WHITESPACE,    protected String getUnixProgramName() {,approx_whitespace,476.4,280,485.59999999999997,300,481.0,290.0
86146928-3fea-4a0a-a508-46325f3ca436,11,207,153.0,153.0,35,5,WHITESPACE,"        return ""xelatex"";",approx_whitespace,136.0,300,145.2,320,140.6,310.0
7572f560-fa7c-4ba3-a576-f302c1795133,11,100,623.0,623.0,35,9,return,"        return ""xelatex"";",matched,163.6,300,218.79999999999998,320,191.2,310.0
a1afbb5c-dfcb-4317-8982-b00fde92eb55,11,96,1413.0,1413.0,35,10,return,"        return ""xelatex"";",matched,163.6,300,218.79999999999998,320,191.2,310.0
b528671b-4720-49d4-bb7b-6303de9b6b47,11,101,283.0,283.0,35,10,return,"        return ""xelatex"";",matched,163.6,300,218.79999999999998,320,191.2,310.0
17b2db5c-2a8d-469f-9d15-39c5f3c98400,11,104,3066.0,3066.0,35,11,return,"        return ""xelatex"";",matched,163.6,300,218.79999999999998,320,191.2,310.0
7bf1c8da-401a-4895-85b7-e558275eb98a,11,111,1297.0,1297.0,35,11,return,"        return ""xelatex"";",matched,163.6,300,218.79999999999998,320,191.2,310.0
5de69858-c255-42e4-904a-a1fc65b00dda,11,112,372.0,372.0,35,11,return,"        return ""xelatex"";",matched,163.6,300,218.79999999999998,320,191.2,310.0
c2d6cf2a-541c-4477-b8e1-6265ba5d6a4c,11,117,943.0,943.0,35,11,return,"        return ""xelatex"";",matched,163.6,300,218.79999999999998,320,191.2,310.0
328bef50-14c8-4567-9423-db7736675e6b,11,173,886.0,886.0,35,11,return,"        return ""xelatex"";",matched,163.6,300,218.79999999999998,320,191.2,310.0
01b4e864-a63c-404f-ac8b-e46f3d75b941,11,84,152.0,152.0,35,12,return,"        return ""xelatex"";",matched,163.6,300,218.79999999999998,320,191.2,310.0
bd73e0c8-7ac6-40e7-aefd-c0bdd677ff9a,11,184,127.0,127.0,35,13,return,"        return ""xelatex"";",matched,163.6,300,218.79999999999998,320,191.2,310.0
c673971b-8f18-4da9-8cb4-6d6ac6c37550,11,110,152.0,152.0,35,26,WHITESPACE,"        return ""xelatex"";",approx_whitespace,310.79999999999995,300,320.0,320,315.4,310.0
b13baee5-de20-4c1a-82b7-60c5d4e3ff37,11,208,537.0,537.0,38,9,public,    public String getDescription() {,matched,126.8,360,182.0,380,154.4,370.0
f673a4ef-d593-40bd-acc0-ceaf77a6ed1b,11,209,1847.0,1847.0,38,9,public,    public String getDescription() {,matched,126.8,360,182.0,380,154.4,370.0
776d7824-0825-4619-85ee-798cbab1700f,11,113,92.0,92.0,38,11,WHITESPACE,    public String getDescription() {,approx_whitespace,283.2,360,292.4,380,287.79999999999995,370.0
b7670181-7184-4b5e-b8b9-d9afe7475588,11,90,193.0,193.0,38,12,String,    public String getDescription() {,matched,191.2,360,246.39999999999998,380,218.79999999999998,370.0
22190f3c-41a4-4953-974a-f91166b7868b,11,174,1568.0,1568.0,38,13,String,    public String getDescription() {,matched,191.2,360,246.39999999999998,380,218.79999999999998,370.0
5c3f7ef5-d2f3-4caf-9ee4-fa574be142d1,11,210,3562.0,3562.0,38,16,String,    public String getDescription() {,matched,191.2,360,246.39999999999998,380,218.79999999999998,370.0
533d601b-96f8-4cc1-a4ee-48ba6c375076,11,126,308.0,308.0,38,17,String,    public String getDescription() {,matched,191.2,360,246.39999999999998,380,218.79999999999998,370.0
2e73e394-2ca1-4176-be96-b0acb865aef7,11,89,575.0,575.0,38,18,WHITESPACE,    public String getDescription() {,approx_whitespace,412.0,360,421.2,380,416.6,370.0
2954e5ea-7a08-433e-bcaa-85494653d969,11,9,760.0,760.0,38,19,getDescription,    public String getDescription() {,matched,255.6,360,384.4,380,320.0,370.0
374ce44a-3ba1-432a-9aec-f935c64cec31,11,11,345.0,345.0,38,19,getDescription,    public String getDescription() {,matched,255.6,360,384.4,380,320.0,370.0
bb34b6af-729b-4ef6-a44a-665028b8fa5e,11,8,154.0,154.0,38,24,getDescription,    public String getDescription() {,matched,255.6,360,384.4,380,320.0,370.0
50bc625e-a6fc-4298-b3c1-5388d0ca5f99,11,44,146.0,146.0,38,27,getDescription,    public String getDescription() {,matched,255.6,360,384.4,380,320.0,370.0
3b2b56d8-b443-42f4-9306-23685da22f84,11,175,625.0,625.0,39,15,WHITESPACE,"        return ""XeLatex program"";",approx_whitespace,384.4,380,393.59999999999997,400,389.0,390.0
4efe124b-e449-4239-87bd-db481526e4f7,11,168,120.0,120.0,45,10,public,    public String getDefaultArguments() {,matched,126.8,500,182.0,520,154.4,510.0
f529f527-d2c3-41fe-934d-61d3fcba37f9,11,134,124.0,124.0,45,16,String,    public String getDefaultArguments() {,matched,191.2,500,246.39999999999998,520,218.79999999999998,510.0
4b7f80d6-b1e9-4bc4-a758-ef858cfca779,11,163,1145.0,1145.0,45,18,WHITESPACE,    public String getDefaultArguments() {,approx_whitespace,458.0,500,467.2,520,462.6,510.0
62cfea54-8c65-4ed9-b58e-0e8b990ddc3a,11,161,1961.0,1961.0,45,19,getDefaultArguments,    public String getDefaultArguments() {,matched,255.6,500,430.4,520,343.0,510.0
d6ca245f-ef0f-4707-883e-ff81081615c2,11,128,210.0,210.0,45,21,getDefaultArguments,    public String getDefaultArguments() {,matched,255.6,500,430.4,520,343.0,510.0
f6632ad8-fc49-4fe8-a21e-a1286e1268bd,11,130,1171.0,1171.0,45,25,getDefaultArguments,    public String getDefaultArguments() {,matched,255.6,500,430.4,520,343.0,510.0
492dc81b-8a53-47f2-bfea-4a15634d9415,11,129,145.0,145.0,45,33,getDefaultArguments,    public String getDefaultArguments() {,matched,255.6,500,430.4,520,343.0,510.0
36e53beb-b719-4914-9903-55380eb9dd36,11,127,200.0,200.0,46,12,return,"        return ""-synctex=1 ""+super.getDefaultArguments();",matched,163.6,520,218.79999999999998,540,191.2,530.0
8fd8510b-825d-41d7-b69a-14f29d157f13,11,48,635.0,635.0,46,13,return,"        return ""-synctex=1 ""+super.getDefaultArguments();",matched,163.6,520,218.79999999999998,540,191.2,530.0
7bda57c5-ee75-4ce3-8be9-87f7adb2fb08,11,147,363.0,363.0,46,13,return,"        return ""-synctex=1 ""+super.getDefaultArguments();",matched,163.6,520,218.79999999999998,540,191.2,530.0
19b54b49-518a-4e05-8e99-d7306f50bf6a,11,162,1895.0,1895.0,46,14,return,"        return ""-synctex=1 ""+super.getDefaultArguments();",matched,163.6,520,218.79999999999998,540,191.2,530.0
6ebf3ca0-eda4-4e9f-9928-f48cd20a4709,11,165,140.0,140.0,46,15,WHITESPACE,"        return ""-synctex=1 ""+super.getDefaultArguments();",approx_whitespace,605.1999999999999,520,614.4,540,609.8,530.0
21427150-23d4-45fb-806b-dea8263b007b,11,149,80.0,80.0,46,17,-,"        return ""-synctex=1 ""+super.getDefaultArguments();",matched,237.2,520,246.39999999999998,540,241.79999999999998,530.0
dbaadedc-0431-43bb-be6d-0ee5684d8546,11,148,1090.0,1090.0,46,20,synctex,"        return ""-synctex=1 ""+super.getDefaultArguments();",matched,246.39999999999998,520,310.79999999999995,540,278.59999999999997,530.0
30f51d8a-8c1a-41f3-a759-1fedb476360e,11,131,674.0,674.0,46,23,synctex,"        return ""-synctex=1 ""+super.getDefaultArguments();",matched,246.39999999999998,520,310.79999999999995,540,278.59999999999997,530.0
9b4001da-4f54-4e66-b55c-38fc3cb52883,11,47,259.0,259.0,46,34,super,"        return ""-synctex=1 ""+super.getDefaultArguments();",matched,356.79999999999995,520,402.79999999999995,540,379.79999999999995,530.0
99fe106a-e098-4478-92c9-ef75e34c3c37,11,64,88.0,88.0,46,34,super,"        return ""-synctex=1 ""+super.getDefaultArguments();",matched,356.79999999999995,520,402.79999999999995,540,379.79999999999995,530.0
95d37a2b-577f-475c-a28d-b15ee24403c7,11,187,110.0,110.0,46,38,getDefaultArguments,"        return ""-synctex=1 ""+super.getDefaultArguments();",matched,412.0,520,586.8,540,499.4,530.0
9a86b718-4930-4e20-b6fb-6f6201a6f05c,11,132,149.0,149.0,46,40,getDefaultArguments,"        return ""-synctex=1 ""+super.getDefaultArguments();",matched,412.0,520,586.8,540,499.4,530.0
f89f9eae-6c9d-4b4a-8204-103c6977f10b,11,65,125.0,125.0,46,41,getDefaultArguments,"        return ""-synctex=1 ""+super.getDefaultArguments();",matched,412.0,520,586.8,540,499.4,530.0
4f9c9f05-7d47-4ad9-943b-fa854366bb5a,11,56,224.0,224.0,50,7,WHITESPACE,     * @return output file format (pdf),approx_whitespace,163.6,600,172.8,620,168.2,610.0
1b45f7ce-60a2-42b9-988c-1649afea0562,11,166,1650.0,1650.0,50,9,@return,     * @return output file format (pdf),matched,154.39999999999998,600,218.79999999999998,620,186.59999999999997,610.0
6500d3f6-822d-413f-aba9-f8c6de17b0eb,11,53,279.0,279.0,50,10,@return,     * @return output file format (pdf),matched,154.39999999999998,600,218.79999999999998,620,186.59999999999997,610.0
357e6e3c-8960-4de5-961d-41b3b73bad1a,11,140,395.0,395.0,50,12,@return,     * @return output file format (pdf),matched,154.39999999999998,600,218.79999999999998,620,186.59999999999997,610.0
789181d1-6b1e-4c8a-b1af-49f160878534,11,146,190.0,190.0,50,12,@return,     * @return output file format (pdf),matched,154.39999999999998,600,218.79999999999998,620,186.59999999999997,610.0
f2602c6a-0c5b-455a-92f4-bf86047080a0,11,164,268.0,268.0,50,12,@return,     * @return output file format (pdf),matched,154.39999999999998,600,218.79999999999998,620,186.59999999999997,610.0
4b1fe615-8dfc-41a4-8e76-c4d107aeb07d,11,150,349.0,349.0,50,20,output,     * @return output file format (pdf),matched,228.0,600,283.2,620,255.6,610.0
7d38a55a-5827-4d56-b603-4bab93b30ef9,11,186,666.0,666.0,50,22,WHITESPACE,     * @return output file format (pdf),approx_whitespace,320.0,600,329.2,620,324.6,610.0
36c5a390-8383-4239-aca9-67fb826b8cb8,11,151,1483.0,1483.0,50,34,WHITESPACE,     * @return output file format (pdf),approx_whitespace,439.59999999999997,600,448.79999999999995,620,444.19999999999993,610.0
d326d424-6718-4ae1-876b-d951f944ef10,11,50,269.0,269.0,50,35,(pdf),     * @return output file format (pdf),matched,402.79999999999995,600,448.79999999999995,620,425.79999999999995,610.0
e37a8726-6748-481e-9d41-0589b055a607,11,133,90.0,90.0,50,36,(pdf),     * @return output file format (pdf),matched,402.79999999999995,600,448.79999999999995,620,425.79999999999995,610.0
f5220dfa-2fa6-4b82-b238-6251c3c46fbe,11,139,250.0,250.0,50,36,(pdf),     * @return output file format (pdf),matched,402.79999999999995,600,448.79999999999995,620,425.79999999999995,610.0
455b28ce-7108-47a4-aa54-f9168be5d0a1,11,137,583.0,583.0,50,37,(pdf),     * @return output file format (pdf),matched,402.79999999999995,600,448.79999999999995,620,425.79999999999995,610.0
8fa3f88e-25d2-4312-a38c-f41108d3fde1,11,188,172.0,172.0,52,6,public,    public String getOutputFormat() {,matched,126.8,640,182.0,660,154.4,650.0
c54a5f74-071e-45dc-b28a-29a6669491d8,11,54,127.0,127.0,52,13,String,    public String getOutputFormat() {,matched,191.2,640,246.39999999999998,660,218.79999999999998,650.0
ef103f79-a55e-4b06-a768-42d14b428ab9,11,57,167.0,167.0,52,13,String,    public String getOutputFormat() {,matched,191.2,640,246.39999999999998,660,218.79999999999998,650.0
72061044-ed11-4836-8d5c-bb086fb6f519,11,52,308.0,308.0,52,14,String,    public String getOutputFormat() {,matched,191.2,640,246.39999999999998,660,218.79999999999998,650.0
4c923def-782d-46b4-9c70-8f9561ad1326,11,152,271.0,271.0,52,15,String,    public String getOutputFormat() {,matched,191.2,640,246.39999999999998,660,218.79999999999998,650.0
a85644ed-7c79-41a0-a84d-03725975d639,11,49,194.0,194.0,52,20,getOutputFormat,    public String getOutputFormat() {,matched,255.6,640,393.59999999999997,660,324.59999999999997,650.0
a0f8af71-5c54-49d3-8c7f-5a6821c302de,11,63,382.0,382.0,52,21,getOutputFormat,    public String getOutputFormat() {,matched,255.6,640,393.59999999999997,660,324.59999999999997,650.0
1382715e-3299-4ad2-bcff-d6462cee692a,11,145,340.0,340.0,52,22,getOutputFormat,    public String getOutputFormat() {,matched,255.6,640,393.59999999999997,660,324.59999999999997,650.0
de6a0c6d-7b51-474b-925e-7305c1aa8337,11,136,407.0,407.0,52,24,getOutputFormat,    public String getOutputFormat() {,matched,255.6,640,393.59999999999997,660,324.59999999999997,650.0
0c29d262-8d13-4fd4-9dfe-4b2a04cd5731,11,135,408.0,408.0,52,28,getOutputFormat,    public String getOutputFormat() {,matched,255.6,640,393.59999999999997,660,324.59999999999997,650.0
452a4548-1d07-4af0-b180-37cb2f44394b,11,51,152.0,152.0,52,33,getOutputFormat,    public String getOutputFormat() {,matched,255.6,640,393.59999999999997,660,324.59999999999997,650.0
c36100b8-4ef6-4f0d-bdfb-06790c430ec8,11,153,91.0,91.0,53,9,return,        return TexlipseProperties.OUTPUT_FORMAT_PDF;,matched,163.6,660,218.79999999999998,680,191.2,670.0
bc3beabc-d65d-4b54-b0e0-844bba44a270,11,157,914.0,914.0,53,10,return,        return TexlipseProperties.OUTPUT_FORMAT_PDF;,matched,163.6,660,218.79999999999998,680,191.2,670.0
b272197f-fc22-4275-b562-8b3faf0070ba,11,155,437.0,437.0,53,12,return,        return TexlipseProperties.OUTPUT_FORMAT_PDF;,matched,163.6,660,218.79999999999998,680,191.2,670.0
51e8d3a1-a1e1-41b5-9ad7-b8095714ff3f,11,158,2117.0,2117.0,53,16,TexlipseProperties,        return TexlipseProperties.OUTPUT_FORMAT_PDF;,matched,228.0,660,393.59999999999997,680,310.79999999999995,670.0
07aafd86-3f99-48bf-93ea-dd1b5920b74d,11,159,147.0,147.0,53,18,TexlipseProperties,        return TexlipseProperties.OUTPUT_FORMAT_PDF;,matched,228.0,660,393.59999999999997,680,310.79999999999995,670.0
20d45b3b-4ac3-48d5-876d-57e2fd81c61f,11,160,615.0,615.0,53,18,TexlipseProperties,        return TexlipseProperties.OUTPUT_FORMAT_PDF;,matched,228.0,660,393.59999999999997,680,310.79999999999995,670.0
ce6501d9-9ea9-4201-b87b-ce1a630fcd01,11,55,240.0,240.0,53,22,TexlipseProperties,        return TexlipseProperties.OUTPUT_FORMAT_PDF;,matched,228.0,660,393.59999999999997,680,310.79999999999995,670.0
87e55148-37b8-4a57-beee-c1911250733f,11,58,194.0,194.0,53,22,TexlipseProperties,        return TexlipseProperties.OUTPUT_FORMAT_PDF;,matched,228.0,660,393.59999999999997,680,310.79999999999995,670.0
ce9fa1c4-9e1d-4e10-92b9-79fae6663d08,11,62,149.0,149.0,53,27,TexlipseProperties,        return TexlipseProperties.OUTPUT_FORMAT_PDF;,matched,228.0,660,393.59999999999997,680,310.79999999999995,670.0
c652362d-5278-4e95-811e-1692fb8b749d,11,154,5982.0,5000.0,53,31,TexlipseProperties,        return TexlipseProperties.OUTPUT_FORMAT_PDF;,matched,228.0,660,393.59999999999997,680,310.79999999999995,670.0
3dbf46a3-db14-4410-8ec3-613212a8704d,11,156,893.0,893.0,53,33,TexlipseProperties,        return TexlipseProperties.OUTPUT_FORMAT_PDF;,matched,228.0,660,393.59999999999997,680,310.79999999999995,670.0
205d1225-a500-484b-b67c-a014f8dcef67,11,59,221.0,221.0,53,35,OUTPUT_FORMAT_PDF;,        return TexlipseProperties.OUTPUT_FORMAT_PDF;,matched,402.79999999999995,660,568.4,680,485.59999999999997,670.0
d87bce1f-3bb2-47d4-94c4-9ce04a20223c,11,61,242.0,242.0,53,36,OUTPUT_FORMAT_PDF;,        return TexlipseProperties.OUTPUT_FORMAT_PDF;,matched,402.79999999999995,660,568.4,680,485.59999999999997,670.0
aada896a-f741-42e3-897c-ed2fe1935a43,11,60,240.0,240.0,53,44,OUTPUT_FORMAT_PDF;,        return TexlipseProperties.OUTPUT_FORMAT_PDF;,matched,402.79999999999995,660,568.4,680,485.59999999999997,670.0
2f823fb2-274e-4746-9b9e-667f00c07cb5,11,138,240.0,240.0,53,44,OUTPUT_FORMAT_PDF;,        return TexlipseProperties.OUTPUT_FORMAT_PDF;,matched,402.79999999999995,660,568.4,680,485.59999999999997,670.0
ea47295c-5930-44d5-b587-d9c7df8335fc,12,67,139.0,139.0,21,13,class, public class XelatexRunner extends LatexRunner {,matched,163.6,20,209.6,40,186.6,30.0
593888a3-00fb-4fac-b571-c344bffdb2aa,12,18,257.0,257.0,21,36,WHITESPACE, public class XelatexRunner extends LatexRunner {,approx_whitespace,531.5999999999999,20,540.8,40,536.1999999999999,30.0
72fbce0f-313f-4712-b860-66aa110e5860,12,12,129.0,129.0,24,21,ProgramRunner.,     * Create a new ProgramRunner.,matched,274.0,80,402.79999999999995,100,338.4,90.0
8e6ef09a-bcba-43ed-b03a-f11af769d99b,12,10,309.0,309.0,26,14,XelatexRunner,    public XelatexRunner() {,matched,191.2,120,310.79999999999995,140,250.99999999999997,130.0
0e0df0a7-a09d-42a8-91fc-5c3e85b64da4,12,55,167.0,167.0,26,14,XelatexRunner,    public XelatexRunner() {,matched,191.2,120,310.79999999999995,140,250.99999999999997,130.0
9c82ed4e-82b7-41bd-ab6a-cf2e4a16ee71,12,13,278.0,278.0,26,15,XelatexRunner,    public XelatexRunner() {,matched,191.2,120,310.79999999999995,140,250.99999999999997,130.0
f1425ee6-69c6-4931-9737-2465143a6d8d,12,58,170.0,170.0,26,18,XelatexRunner,    public XelatexRunner() {,matched,191.2,120,310.79999999999995,140,250.99999999999997,130.0
be22d6ca-f540-475f-8468-211ddee6abbf,12,49,298.0,298.0,26,19,XelatexRunner,    public XelatexRunner() {,matched,191.2,120,310.79999999999995,140,250.99999999999997,130.0
c4999ace-6294-4f61-bc2e-000bb7c84220,12,16,157.0,157.0,26,20,XelatexRunner,    public XelatexRunner() {,matched,191.2,120,310.79999999999995,140,250.99999999999997,130.0
9f041528-0473-4e87-ada2-3b3401b9bbdb,12,19,100.0,100.0,26,20,XelatexRunner,    public XelatexRunner() {,matched,191.2,120,310.79999999999995,140,250.99999999999997,130.0
cdcabc84-d868-4844-aaaf-da9772857a4a,12,72,235.0,235.0,26,21,XelatexRunner,    public XelatexRunner() {,matched,191.2,120,310.79999999999995,140,250.99999999999997,130.0
cd20b250-b60d-471a-be77-5dd426f1df08,12,56,126.0,126.0,26,22,XelatexRunner,    public XelatexRunner() {,matched,191.2,120,310.79999999999995,140,250.99999999999997,130.0
13e88824-ad86-49e8-8696-0a32302726f2,12,9,325.0,325.0,26,26,(),    public XelatexRunner() {,matched,310.79999999999995,120,329.2,140,320.0,130.0
4b0d5677-d82d-4ec9-8f7e-cfd89f36878f,12,17,1111.0,1111.0,26,27,WHITESPACE,    public XelatexRunner() {,approx_whitespace,320.0,120,329.2,140,324.6,130.0
83c600fd-cb1b-4fec-8051-cd776c8444c0,12,61,2141.0,2141.0,26,27,WHITESPACE,    public XelatexRunner() {,approx_whitespace,320.0,120,329.2,140,324.6,130.0
094f7100-4b67-4789-90c3-fe958a386520,12,63,569.0,569.0,26,29,WHITESPACE,    public XelatexRunner() {,approx_whitespace,338.4,120,347.59999999999997,140,343.0,130.0
1fac5556-9491-4c4c-89d4-2d7487a076f2,12,14,170.0,170.0,27,8,WHITESPACE,        super();,approx_whitespace,228.0,140,237.2,160,232.6,150.0
53c69cd9-3be0-450f-be1c-2bc59d1211b4,12,54,234.0,234.0,27,10,super,        super();,matched,163.6,140,209.6,160,186.6,150.0
991c1156-a494-4e08-a67b-e0e43c3e7b7d,12,73,219.0,219.0,27,12,super,        super();,matched,163.6,140,209.6,160,186.6,150.0
48f8c752-e7f3-4577-8725-8961baf6f86e,12,15,381.0,381.0,27,13,super,        super();,matched,163.6,140,209.6,160,186.6,150.0
43327cd3-fe55-4760-b2ec-ebb797279f6f,12,65,160.0,160.0,27,13,super,        super();,matched,163.6,140,209.6,160,186.6,150.0
546932a4-c818-4d15-9d88-eaa4f5c3a4ca,12,71,119.0,119.0,27,14,(),        super();,matched,209.6,140,228.0,160,218.8,150.0
4b1510a2-0e90-467b-91db-9fe34e8fdb2b,12,53,127.0,127.0,27,15,(),        super();,matched,209.6,140,228.0,160,218.8,150.0
cab41b07-ead0-4111-bb45-0bb70edb6df1,12,45,2010.0,2010.0,27,16,;,        super();,matched,228.0,140,237.2,160,232.6,150.0
31bd81d1-6ea7-44b2-ae95-608498412cd9,12,51,397.0,397.0,27,16,;,        super();,matched,228.0,140,237.2,160,232.6,150.0
32514d5b-b62f-4c35-ad1c-4fc657f4ea51,12,66,675.0,675.0,30,12,protected,    protected String getWindowsProgramName() {,matched,126.8,200,209.6,220,168.2,210.0
4ec543a0-0cbd-4e04-853c-87b70cb187e2,12,59,687.0,687.0,30,21,WHITESPACE,    protected String getWindowsProgramName() {,approx_whitespace,503.99999999999994,200,513.2,220,508.6,210.0
7cac4b52-12ae-446f-b62d-3500b5c0bd53,12,68,135.0,135.0,30,26,getWindowsProgramName,    protected String getWindowsProgramName() {,matched,283.2,200,476.4,220,379.79999999999995,210.0
b63f0fd9-f1d6-47e2-9d4c-7ae535d81e31,12,22,392.0,392.0,30,27,getWindowsProgramName,    protected String getWindowsProgramName() {,matched,283.2,200,476.4,220,379.79999999999995,210.0
b2831bc2-214b-4210-bee5-b27d09719eb2,12,47,142.0,142.0,30,42,getWindowsProgramName,    protected String getWindowsProgramName() {,matched,283.2,200,476.4,220,379.79999999999995,210.0
b1fa1f50-f66e-4acd-8384-174360bd2033,12,11,96.0,96.0,31,13,return,"        return ""xelatex.exe"";",matched,163.6,220,218.79999999999998,240,191.2,230.0
114459d6-715d-4731-8a54-6f3fe3980105,12,69,126.0,126.0,31,14,return,"        return ""xelatex.exe"";",matched,163.6,220,218.79999999999998,240,191.2,230.0
720c5d5b-544f-43ef-9a6b-fbf0a03151ba,12,52,209.0,209.0,31,15,WHITESPACE,"        return ""xelatex.exe"";",approx_whitespace,347.59999999999997,220,356.79999999999995,240,352.19999999999993,230.0
60e59a6e-aa00-4098-b5f6-910a8983a47f,12,48,311.0,311.0,34,10,protected,    protected String getUnixProgramName() {,matched,126.8,280,209.6,300,168.2,290.0
19dcab93-0fee-4eb7-8125-3efb4896784c,12,64,149.0,149.0,34,15,String,    protected String getUnixProgramName() {,matched,218.79999999999998,280,274.0,300,246.39999999999998,290.0
69982d02-f586-4b41-bc71-9123685b8ae8,12,62,116.0,116.0,34,20,String,    protected String getUnixProgramName() {,matched,218.79999999999998,280,274.0,300,246.39999999999998,290.0
49275b91-1e5b-4352-b60d-e58fe89baaf3,12,20,933.0,933.0,34,21,WHITESPACE,    protected String getUnixProgramName() {,approx_whitespace,476.4,280,485.59999999999997,300,481.0,290.0
25a42fca-509d-4d1d-9a8b-bbe78525b993,12,21,256.0,256.0,34,21,WHITESPACE,    protected String getUnixProgramName() {,approx_whitespace,476.4,280,485.59999999999997,300,481.0,290.0
ecd60ee6-abe5-4414-9b4d-1d3332fbad54,12,75,88.0,88.0,38,14,String,    public String getDescription() {,matched,191.2,360,246.39999999999998,380,218.79999999999998,370.0
926a1761-e03a-4f86-8ba0-d3585ed834a8,12,4,937.0,937.0,38,15,String,    public String getDescription() {,matched,191.2,360,246.39999999999998,380,218.79999999999998,370.0
8e850f3e-b2cc-4a2b-a1ac-210cf2059118,12,77,205.0,205.0,38,30,getDescription,    public String getDescription() {,matched,255.6,360,384.4,380,320.0,370.0
e1ae8729-d76d-4833-90e7-511645bb2153,12,76,1429.0,1429.0,38,33,(),    public String getDescription() {,matched,384.4,360,402.79999999999995,380,393.59999999999997,370.0
cb82282d-d2bc-45f9-9f97-f8e159e83de9,12,7,455.0,455.0,45,17,String,    public String getDefaultArguments() {,matched,191.2,500,246.39999999999998,520,218.79999999999998,510.0
dbe1c0c6-1838-493a-a0fc-51cfeb7f92e1,12,26,123.0,123.0,45,18,WHITESPACE,    public String getDefaultArguments() {,approx_whitespace,458.0,500,467.2,520,462.6,510.0
ae3d3dac-7e52-427b-b428-1c673b876b23,12,25,150.0,150.0,45,20,getDefaultArguments,    public String getDefaultArguments() {,matched,255.6,500,430.4,520,343.0,510.0
8ce0365f-e724-4ff3-9993-de78e07acec8,12,43,193.0,193.0,45,24,getDefaultArguments,    public String getDefaultArguments() {,matched,255.6,500,430.4,520,343.0,510.0
271d1c39-6853-4b63-8f1f-93177bc02c9f,12,44,111.0,111.0,45,30,getDefaultArguments,    public String getDefaultArguments() {,matched,255.6,500,430.4,520,343.0,510.0
2dbdc717-7c8e-40a6-b84f-2829ee1d1718,12,6,135.0,135.0,46,11,return,"        return ""-synctex=1 ""+super.getDefaultArguments();",matched,163.6,520,218.79999999999998,540,191.2,530.0
84a40ce2-8852-42dc-9ceb-f657dc12b937,12,41,332.0,332.0,46,14,return,"        return ""-synctex=1 ""+super.getDefaultArguments();",matched,163.6,520,218.79999999999998,540,191.2,530.0
8b45ab11-8e2a-45ec-af83-f879bc5b2dc3,12,36,236.0,236.0,46,15,WHITESPACE,"        return ""-synctex=1 ""+super.getDefaultArguments();",approx_whitespace,605.1999999999999,520,614.4,540,609.8,530.0
b9658d1b-1207-4a14-863c-08624e3ced1a,12,38,556.0,556.0,46,17,-,"        return ""-synctex=1 ""+super.getDefaultArguments();",matched,237.2,520,246.39999999999998,540,241.79999999999998,530.0
49a5f133-0e80-48a2-af23-f48a5422750a,12,23,128.0,128.0,46,19,synctex,"        return ""-synctex=1 ""+super.getDefaultArguments();",matched,246.39999999999998,520,310.79999999999995,540,278.59999999999997,530.0
fd43fe93-89c5-45ec-8066-cd5c7a4276d6,12,32,173.0,173.0,46,21,synctex,"        return ""-synctex=1 ""+super.getDefaultArguments();",matched,246.39999999999998,520,310.79999999999995,540,278.59999999999997,530.0
3175c314-cfba-4c89-ad41-0a658946c23a,12,40,199.0,199.0,46,22,synctex,"        return ""-synctex=1 ""+super.getDefaultArguments();",matched,246.39999999999998,520,310.79999999999995,540,278.59999999999997,530.0
08f58839-3554-4db9-ada6-e900028dd2b5,12,42,778.0,778.0,46,22,synctex,"        return ""-synctex=1 ""+super.getDefaultArguments();",matched,246.39999999999998,520,310.79999999999995,540,278.59999999999997,530.0
c1780c19-1abc-493f-ab7a-6ef559eb9614,12,37,173.0,173.0,46,29,+,"        return ""-synctex=1 ""+super.getDefaultArguments();",matched,347.59999999999997,520,356.79999999999995,540,352.19999999999993,530.0
4104b633-aefe-4ff5-9b52-9841b78163cc,12,27,225.0,225.0,50,25,file,     * @return output file format (pdf),matched,292.4,600,329.2,620,310.79999999999995,610.0
83493431-8847-4faf-9d99-0a942356a16b,12,29,100.0,100.0,52,10,public,    public String getOutputFormat() {,matched,126.8,640,182.0,660,154.4,650.0
e8755ca4-37b8-49ca-9544-1f4237b41661,12,31,178.0,178.0,52,19,getOutputFormat,    public String getOutputFormat() {,matched,255.6,640,393.59999999999997,660,324.59999999999997,650.0
28dc0f1e-23e2-4ead-8c23-8442cc2a9637,12,39,128.0,128.0,52,22,getOutputFormat,    public String getOutputFormat() {,matched,255.6,640,393.59999999999997,660,324.59999999999997,650.0
a5535a34-c976-4ba2-9846-29cb0a5362e6,12,28,259.0,259.0,53,14,return,        return TexlipseProperties.OUTPUT_FORMAT_PDF;,matched,163.6,660,218.79999999999998,680,191.2,670.0
13179d4e-8463-40e3-a274-7eebb48b9e10,12,8,270.0,270.0,53,25,TexlipseProperties,        return TexlipseProperties.OUTPUT_FORMAT_PDF;,matched,228.0,660,393.59999999999997,680,310.79999999999995,670.0
cb01dea7-00a9-4535-a934-ddd576305499,12,30,367.0,367.0,53,26,TexlipseProperties,        return TexlipseProperties.OUTPUT_FORMAT_PDF;,matched,228.0,660,393.59999999999997,680,310.79999999999995,670.0
51c741f3-cbe8-4287-b7f7-577ba348e873,12,35,167.0,167.0,53,32,TexlipseProperties,        return TexlipseProperties.OUTPUT_FORMAT_PDF;,matched,228.0,660,393.59999999999997,680,310.79999999999995,670.0
6444689a-76dc-4b69-a3a1-ef2b7d102752,13,10,247.0,247.0,21,1,WHITESPACE, public class XelatexRunner extends LatexRunner {,approx_whitespace,99.2,20,108.4,40,103.80000000000001,30.0
bf86eb4f-3830-4680-bd81-f90a23728163,13,15,711.0,711.0,21,2,public, public class XelatexRunner extends LatexRunner {,matched,99.2,20,154.39999999999998,40,126.79999999999998,30.0
b57e96ac-2ad8-45ea-a4d3-6be39026c93d,13,17,1979.0,1979.0,21,4,public, public class XelatexRunner extends LatexRunner {,matched,99.2,20,154.39999999999998,40,126.79999999999998,30.0
eecca21f-51dc-49a6-a7c7-98ff088d3415,13,142,296.0,296.0,21,10,class, public class XelatexRunner extends LatexRunner {,matched,163.6,20,209.6,40,186.6,30.0
bd552042-ea21-4e34-8a9b-635e6c6dd271,13,9,814.0,814.0,21,11,class, public class XelatexRunner extends LatexRunner {,matched,163.6,20,209.6,40,186.6,30.0
e8949665-8640-4aec-b496-c60d8345c6d5,13,22,143.0,143.0,21,12,class, public class XelatexRunner extends LatexRunner {,matched,163.6,20,209.6,40,186.6,30.0
2ba36ecc-014b-41da-ac5e-2e12222680a5,13,8,457.0,457.0,21,13,class, public class XelatexRunner extends LatexRunner {,matched,163.6,20,209.6,40,186.6,30.0
0ad73a3d-6d8e-44f7-93d8-2da7b7b00ab7,13,11,673.0,673.0,21,13,class, public class XelatexRunner extends LatexRunner {,matched,163.6,20,209.6,40,186.6,30.0
200a7fb8-4ab2-4588-ba6b-5c7e1e7ec21e,13,61,370.0,370.0,21,13,class, public class XelatexRunner extends LatexRunner {,matched,163.6,20,209.6,40,186.6,30.0
82fb9946-7c08-4ed9-a60d-be2b071cfb31,13,139,694.0,694.0,21,13,class, public class XelatexRunner extends LatexRunner {,matched,163.6,20,209.6,40,186.6,30.0
4a2b4646-d00a-425d-adcd-b8a98de6519c,13,59,192.0,192.0,21,14,WHITESPACE, public class XelatexRunner extends LatexRunner {,approx_whitespace,264.79999999999995,20,274.0,40,269.4,30.0
37928ace-60ef-4ea8-96c7-23e6024366c4,13,144,186.0,186.0,21,17,XelatexRunner, public class XelatexRunner extends LatexRunner {,matched,218.79999999999998,20,338.4,40,278.59999999999997,30.0
f77df344-373a-4522-8b93-ec4159ad2d1b,13,16,290.0,290.0,21,23,XelatexRunner, public class XelatexRunner extends LatexRunner {,matched,218.79999999999998,20,338.4,40,278.59999999999997,30.0
7beb168a-e256-4707-afe8-b41217092ddc,13,21,222.0,222.0,21,29,extends, public class XelatexRunner extends LatexRunner {,matched,347.59999999999997,20,412.0,40,379.79999999999995,30.0
f9dedfbd-acb1-4b1c-b508-1268f382627b,13,19,347.0,347.0,21,30,extends, public class XelatexRunner extends LatexRunner {,matched,347.59999999999997,20,412.0,40,379.79999999999995,30.0
f9d886a2-fa03-4300-932b-d4bb05f54b7a,13,62,482.0,482.0,21,35,extends, public class XelatexRunner extends LatexRunner {,matched,347.59999999999997,20,412.0,40,379.79999999999995,30.0
3f2c354e-9931-44e6-8ff4-e83d1015368a,13,58,176.0,176.0,21,36,WHITESPACE, public class XelatexRunner extends LatexRunner {,approx_whitespace,531.5999999999999,20,540.8,40,536.1999999999999,30.0
474f1ef2-7367-45fb-bb17-07a617bcfe6a,13,20,703.0,703.0,21,37,LatexRunner, public class XelatexRunner extends LatexRunner {,matched,237.2,20,338.4,40,287.79999999999995,30.0
c7b04403-7bb6-44ea-9e30-83302d5a6578,13,34,97.0,97.0,24,3,WHITESPACE,     * Create a new ProgramRunner.,approx_whitespace,393.59999999999997,80,402.79999999999995,100,398.19999999999993,90.0
5374ad86-389d-4615-8616-8ac37a664149,13,7,302.0,302.0,24,11,Create,     * Create a new ProgramRunner.,matched,154.39999999999998,80,209.6,100,182.0,90.0
1f78a425-5f2c-487a-ad75-8259c74b3544,13,6,161.0,161.0,24,12,Create,     * Create a new ProgramRunner.,matched,154.39999999999998,80,209.6,100,182.0,90.0
7232a14f-7ab6-4efa-a194-25dda19c5370,13,33,623.0,623.0,24,17,new,     * Create a new ProgramRunner.,matched,237.2,80,264.79999999999995,100,250.99999999999997,90.0
f2510be4-bbc1-4bbb-aad2-d142fe5c7ba4,13,32,411.0,411.0,25,7,*/,     */,matched,136.0,100,154.39999999999998,120,145.2,110.0
03d3b92e-9684-4f13-8af7-94ba20600240,13,5,344.0,344.0,26,8,public,    public XelatexRunner() {,matched,126.8,120,182.0,140,154.4,130.0
a72e1560-2ade-435d-ae95-6d488d888e24,13,31,1839.0,1839.0,26,8,public,    public XelatexRunner() {,matched,126.8,120,182.0,140,154.4,130.0
835a0943-6fdd-44a2-a883-3154935a7506,13,4,115.0,115.0,26,15,XelatexRunner,    public XelatexRunner() {,matched,191.2,120,310.79999999999995,140,250.99999999999997,130.0
a37a563b-9766-46f0-9554-7883e5f860a1,13,38,842.0,842.0,26,17,XelatexRunner,    public XelatexRunner() {,matched,191.2,120,310.79999999999995,140,250.99999999999997,130.0
1f29e49a-0e1c-4c49-be30-c4bc69c2da46,13,89,376.0,376.0,26,21,XelatexRunner,    public XelatexRunner() {,matched,191.2,120,310.79999999999995,140,250.99999999999997,130.0
ab33966b-9954-4196-ac41-3484b19a7e97,13,27,168.0,168.0,26,28,{,    public XelatexRunner() {,matched,338.4,120,347.59999999999997,140,343.0,130.0
0da227b1-a4f8-4273-8796-4b1db068c673,13,30,122.0,122.0,27,3,WHITESPACE,        super();,approx_whitespace,228.0,140,237.2,160,232.6,150.0
be79cce8-f519-4e99-be3f-5af3c2bf8c4c,13,56,1437.0,1437.0,27,11,super,        super();,matched,163.6,140,209.6,160,186.6,150.0
ff9d03f7-ff83-41de-b0ad-09f375fb9ec7,13,1,381.0,381.0,27,12,super,        super();,matched,163.6,140,209.6,160,186.6,150.0
eb15afe1-4859-40d8-9ff1-16e3ee1b59e8,13,28,113.0,113.0,27,13,super,        super();,matched,163.6,140,209.6,160,186.6,150.0
33aa3977-fd45-4ac0-985c-da25d238cd6a,13,141,127.0,127.0,27,15,(),        super();,matched,209.6,140,228.0,160,218.8,150.0
319bc1a3-ace5-4a3a-ac7c-a409fe6be7df,13,44,386.0,386.0,29,3,WHITESPACE,    ,approx_whitespace,117.6,180,126.8,200,122.19999999999999,190.0
1b3c0d4b-fbc9-4614-9c27-128129828032,13,47,170.0,170.0,30,2,WHITESPACE,    protected String getWindowsProgramName() {,approx_whitespace,126.8,200,136.0,220,131.4,210.0
998e62c8-179a-42a3-acf3-ffd325702e4d,13,73,117.0,117.0,30,8,protected,    protected String getWindowsProgramName() {,matched,126.8,200,209.6,220,168.2,210.0
127818b1-3308-4959-945a-92632cc0cf33,13,48,147.0,147.0,30,10,protected,    protected String getWindowsProgramName() {,matched,126.8,200,209.6,220,168.2,210.0
35e6bc39-0523-4710-9472-ab578288d585,13,90,150.0,150.0,30,10,protected,    protected String getWindowsProgramName() {,matched,126.8,200,209.6,220,168.2,210.0
1e733e3a-9fc1-4f20-a8b0-070204518322,13,29,582.0,582.0,30,11,protected,    protected String getWindowsProgramName() {,matched,126.8,200,209.6,220,168.2,210.0
cacce2fa-432c-46ff-a47c-d9718365fd57,13,140,239.0,239.0,30,11,protected,    protected String getWindowsProgramName() {,matched,126.8,200,209.6,220,168.2,210.0
1f726acc-3944-4eec-8b1b-de2201c9dfb0,13,55,261.0,261.0,30,14,WHITESPACE,    protected String getWindowsProgramName() {,approx_whitespace,366.0,200,375.2,220,370.6,210.0
14adc4a8-5479-46e6-b896-d220d29056cc,13,72,80.0,80.0,30,20,String,    protected String getWindowsProgramName() {,matched,218.79999999999998,200,274.0,220,246.39999999999998,210.0
0c8327b9-a5e9-45fa-abb4-f0f634948393,13,143,528.0,528.0,30,21,WHITESPACE,    protected String getWindowsProgramName() {,approx_whitespace,503.99999999999994,200,513.2,220,508.6,210.0
683f01b3-cd11-4672-a42d-2a082bc0689f,13,45,320.0,320.0,31,5,WHITESPACE,"        return ""xelatex.exe"";",approx_whitespace,136.0,220,145.2,240,140.6,230.0
3ccb8071-97cb-498b-98ce-d39edad4e6e0,13,46,352.0,352.0,31,7,WHITESPACE,"        return ""xelatex.exe"";",approx_whitespace,154.39999999999998,220,163.6,240,159.0,230.0
0e06e8c3-1ee0-491b-a21e-17cbb58eb31f,13,71,275.0,275.0,31,11,return,"        return ""xelatex.exe"";",matched,163.6,220,218.79999999999998,240,191.2,230.0
d7ea9d4d-ee96-4b5c-8294-dc0b9620aa00,13,43,367.0,367.0,31,12,return,"        return ""xelatex.exe"";",matched,163.6,220,218.79999999999998,240,191.2,230.0
47b279a3-f2b2-4a8f-93b4-90838590b95c,13,49,97.0,97.0,31,30,WHITESPACE,"        return ""xelatex.exe"";",approx_whitespace,347.59999999999997,220,356.79999999999995,240,352.19999999999993,230.0
1bacb32a-a3e9-4b66-b128-2a2757a525fe,13,35,610.0,610.0,34,6,protected,    protected String getUnixProgramName() {,matched,126.8,280,209.6,300,168.2,290.0
2b797d58-83e6-4a56-b3ce-2fd3e2e192e3,13,52,277.0,277.0,34,8,protected,    protected String getUnixProgramName() {,matched,126.8,280,209.6,300,168.2,290.0
f924f379-076a-4040-b3d3-bb6e66a2edb7,13,40,183.0,183.0,34,9,protected,    protected String getUnixProgramName() {,matched,126.8,280,209.6,300,168.2,290.0
835a73f9-48d4-428c-afc6-39fd256b96c1,13,51,273.0,273.0,34,17,String,    protected String getUnixProgramName() {,matched,218.79999999999998,280,274.0,300,246.39999999999998,290.0
b6ad2bc2-83d9-4b3f-b26a-7c6d949b88ac,13,50,488.0,488.0,34,30,getUnixProgramName,    protected String getUnixProgramName() {,matched,283.2,280,448.79999999999995,300,366.0,290.0
32eb722d-ee7d-4561-a75d-4131554b1685,13,68,117.0,117.0,35,13,return,"        return ""xelatex"";",matched,163.6,300,218.79999999999998,320,191.2,310.0
e45072a9-5679-4c08-92a0-531ca9f633e8,13,63,463.0,463.0,35,15,WHITESPACE,"        return ""xelatex"";",approx_whitespace,310.79999999999995,300,320.0,320,315.4,310.0
ebd8d8b6-ddfd-419c-926b-f7b436f7e68d,13,67,671.0,671.0,36,3,WHITESPACE,    },approx_whitespace,126.8,320,136.0,340,131.4,330.0
de96506d-110a-4dd7-873b-5f7ebcc5885b,13,127,389.0,389.0,38,10,public,    public String getDescription() {,matched,126.8,360,182.0,380,154.4,370.0
96e01a04-a14e-44e6-bced-5dcfae503246,13,70,345.0,345.0,38,13,String,    public String getDescription() {,matched,191.2,360,246.39999999999998,380,218.79999999999998,370.0
7d7f7176-5221-4db0-8958-e097a4ad095d,13,64,131.0,131.0,38,14,String,    public String getDescription() {,matched,191.2,360,246.39999999999998,380,218.79999999999998,370.0
9b87a1b3-e3df-4c92-a5ac-5794aca84c54,13,109,925.0,925.0,38,22,getDescription,    public String getDescription() {,matched,255.6,360,384.4,380,320.0,370.0
e6ff4b10-d975-4b88-83bb-86660b667929,13,126,91.0,91.0,38,23,getDescription,    public String getDescription() {,matched,255.6,360,384.4,380,320.0,370.0
c42a90e5-2443-4e9a-b9a8-0b172f3a6fa5,13,65,775.0,775.0,38,24,getDescription,    public String getDescription() {,matched,255.6,360,384.4,380,320.0,370.0
5d3a9a9d-5eaa-41b2-8531-d9a7896a986d,13,12,220.0,220.0,38,29,getDescription,    public String getDescription() {,matched,255.6,360,384.4,380,320.0,370.0
674b5806-d052-4000-b6fc-8561bf132333,13,111,328.0,328.0,38,29,getDescription,    public String getDescription() {,matched,255.6,360,384.4,380,320.0,370.0
f4842e9d-0fe9-4f0a-9e7a-d972b6cb5c63,13,66,115.0,115.0,38,31,getDescription,    public String getDescription() {,matched,255.6,360,384.4,380,320.0,370.0
eb8cc3c4-4dd7-4b0a-91d7-ea20e0840cf0,13,110,698.0,698.0,38,31,getDescription,    public String getDescription() {,matched,255.6,360,384.4,380,320.0,370.0
9b338c82-9d83-4954-8e21-f0724823372b,13,80,226.0,226.0,39,9,return,"        return ""XeLatex program"";",matched,163.6,380,218.79999999999998,400,191.2,390.0
ac96b6ce-a564-44b5-aca0-92a2f0ff0097,13,104,208.0,208.0,40,2,WHITESPACE,    },approx_whitespace,126.8,400,136.0,420,131.4,410.0
32dd2a65-e978-41e6-aa31-6f4a7dbe2608,13,99,119.0,119.0,41,3,WHITESPACE,    ,approx_whitespace,117.6,420,126.8,440,122.19999999999999,430.0
07b73fce-e21d-4a72-ab22-2f30fde91dd3,13,102,253.0,253.0,42,3,WHITESPACE,    /**,approx_whitespace,108.4,440,117.6,460,113.0,450.0
dbea92a1-7d69-4fdd-a6c3-f00a08c14515,13,77,85.0,85.0,42,6,/**,    /**,matched,126.8,440,154.39999999999998,460,140.6,450.0
ca0fbe23-39ba-4fab-b4a5-f9f9b98a84d9,13,125,139.0,139.0,42,7,/**,    /**,matched,126.8,440,154.39999999999998,460,140.6,450.0
5a45c70a-f02d-45e0-93af-13d782a805b4,13,95,105.0,105.0,42,8,WHITESPACE,    /**,approx_whitespace,145.2,440,154.39999999999998,460,149.79999999999998,450.0
8512c8f0-75ed-4e8d-8dad-a9e775135aeb,13,105,201.0,201.0,43,7,WHITESPACE,     * Enable SyncTeX,approx_whitespace,274.0,460,283.2,480,278.6,470.0
8650a73e-450d-45e5-bfa7-56c72cc82163,13,131,284.0,284.0,43,7,WHITESPACE,     * Enable SyncTeX,approx_whitespace,274.0,460,283.2,480,278.6,470.0
e1c93db5-2d72-4ca6-85ff-03151671ec99,13,107,420.0,420.0,43,9,Enable,     * Enable SyncTeX,matched,154.39999999999998,460,209.6,480,182.0,470.0
d4a545b6-5acf-4441-8375-2ef314fc22e6,13,106,899.0,899.0,43,10,Enable,     * Enable SyncTeX,matched,154.39999999999998,460,209.6,480,182.0,470.0
254e9d05-692a-4ce9-aa4d-c961b79d355a,13,128,243.0,243.0,43,10,Enable,     * Enable SyncTeX,matched,154.39999999999998,460,209.6,480,182.0,470.0
4c5a9d1a-b241-4055-91e0-d9ae5510f20f,13,137,360.0,360.0,43,16,SyncTeX,     * Enable SyncTeX,matched,218.79999999999998,460,283.2,480,251.0,470.0
ac80224d-b95c-404c-8bba-1b0400f94546,13,108,331.0,331.0,43,17,SyncTeX,     * Enable SyncTeX,matched,218.79999999999998,460,283.2,480,251.0,470.0
9e24d08c-803d-40c3-ba63-7f80b69ff1af,13,78,301.0,301.0,43,19,SyncTeX,     * Enable SyncTeX,matched,218.79999999999998,460,283.2,480,251.0,470.0
47bbad17-43e3-4001-a017-b313a1fd0caf,13,79,764.0,764.0,43,19,SyncTeX,     * Enable SyncTeX,matched,218.79999999999998,460,283.2,480,251.0,470.0
77803250-9370-4a9b-a3f5-2951514015e0,13,100,414.0,414.0,45,3,WHITESPACE,    public String getDefaultArguments() {,approx_whitespace,117.6,500,126.8,520,122.19999999999999,510.0
04e11646-82f1-4dd1-9118-b763526e7425,13,101,123.0,123.0,45,3,WHITESPACE,    public String getDefaultArguments() {,approx_whitespace,117.6,500,126.8,520,122.19999999999999,510.0
de5778af-3d73-4bbd-be9e-e19c2974fd0d,13,103,871.0,871.0,45,3,WHITESPACE,    public String getDefaultArguments() {,approx_whitespace,117.6,500,126.8,520,122.19999999999999,510.0
7f2e5df8-1576-4ee9-940c-c33843353e2f,13,98,108.0,108.0,45,4,WHITESPACE,    public String getDefaultArguments() {,approx_whitespace,126.8,500,136.0,520,131.4,510.0
40d54d30-363d-41da-8d2e-1c3d5ca1ba0d,13,76,172.0,172.0,45,6,public,    public String getDefaultArguments() {,matched,126.8,500,182.0,520,154.4,510.0
3600a7e4-53b6-4abc-96ab-20479eb31ab5,13,88,1016.0,1016.0,45,7,public,    public String getDefaultArguments() {,matched,126.8,500,182.0,520,154.4,510.0
472545bd-d034-4636-81ef-b98a225c6a98,13,123,129.0,129.0,45,11,WHITESPACE,    public String getDefaultArguments() {,approx_whitespace,182.0,500,191.2,520,186.6,510.0
b3c0923a-30c9-49ac-a208-f2431dd68bef,13,97,259.0,259.0,45,19,getDefaultArguments,    public String getDefaultArguments() {,matched,255.6,500,430.4,520,343.0,510.0
5282a08a-ca77-4dd4-a280-7a69fa98548a,13,87,169.0,169.0,45,20,getDefaultArguments,    public String getDefaultArguments() {,matched,255.6,500,430.4,520,343.0,510.0
fdc37f99-2153-41a7-a46d-7fbaf6a961bc,13,136,165.0,165.0,45,25,getDefaultArguments,    public String getDefaultArguments() {,matched,255.6,500,430.4,520,343.0,510.0
b951d5ca-8cd8-4e33-a1f2-fb2028512411,13,134,271.0,271.0,45,32,getDefaultArguments,    public String getDefaultArguments() {,matched,255.6,500,430.4,520,343.0,510.0
895d20ad-9b5e-4a71-87cb-205f5b6905fc,13,113,231.0,231.0,45,42,WHITESPACE,    public String getDefaultArguments() {,approx_whitespace,458.0,500,467.2,520,462.6,510.0
50e7b90e-4e5e-4e59-a4ff-d60a6fa7a6bc,13,82,1003.0,1003.0,46,11,return,"        return ""-synctex=1 ""+super.getDefaultArguments();",matched,163.6,520,218.79999999999998,540,191.2,530.0
44cdec34-a2c0-438e-a00d-b259b62d59ee,13,86,1787.0,1787.0,46,15,WHITESPACE,"        return ""-synctex=1 ""+super.getDefaultArguments();",approx_whitespace,605.1999999999999,520,614.4,540,609.8,530.0
a94ebf39-0a46-4252-829f-b63c9620cdaa,13,133,195.0,195.0,46,18,synctex,"        return ""-synctex=1 ""+super.getDefaultArguments();",matched,246.39999999999998,520,310.79999999999995,540,278.59999999999997,530.0
f26220dd-650b-4a9b-b79d-10a4dc31fa35,13,75,127.0,127.0,46,20,synctex,"        return ""-synctex=1 ""+super.getDefaultArguments();",matched,246.39999999999998,520,310.79999999999995,540,278.59999999999997,530.0
4e42d025-7594-43c5-b777-d69744f9d219,13,135,80.0,80.0,46,41,getDefaultArguments,"        return ""-synctex=1 ""+super.getDefaultArguments();",matched,412.0,520,586.8,540,499.4,530.0
31c2ea13-b24b-47b1-829d-77c31c215cd0,13,83,321.0,321.0,47,2,WHITESPACE,    },approx_whitespace,126.8,540,136.0,560,131.4,550.0
e0e93917-6cb6-4562-b314-0c0be385fb6e,13,129,3776.0,3776.0,47,5,},    },matched,126.8,540,136.0,560,131.4,550.0
738acc90-f872-46a7-8f24-4046d4750e78,13,130,857.0,857.0,49,5,/**,    /**,matched,126.8,580,154.39999999999998,600,140.6,590.0
515d385d-e249-4de4-9fdf-a2cd1162d605,13,132,1112.0,1112.0,50,4,WHITESPACE,     * @return output file format (pdf),approx_whitespace,439.59999999999997,600,448.79999999999995,620,444.19999999999993,610.0
02cb6014-8940-4d6b-8982-a5dc1e48fec8,13,91,932.0,932.0,50,16,output,     * @return output file format (pdf),matched,228.0,600,283.2,620,255.6,610.0
e497e55b-e4b4-4734-84c4-60ff11071cd2,13,114,110.0,110.0,50,35,(pdf),     * @return output file format (pdf),matched,402.79999999999995,600,448.79999999999995,620,425.79999999999995,610.0
f1c68ddb-29cb-447e-8e3a-4305c108ba4d,13,118,295.0,295.0,51,3,WHITESPACE,     */,approx_whitespace,145.2,620,154.39999999999998,640,149.79999999999998,630.0
d205eb6e-e9fe-49fd-a980-f58372f9bb32,13,36,234.0,234.0,51,6,*/,     */,matched,136.0,620,154.39999999999998,640,145.2,630.0
132cf432-e2de-4538-ba08-1007fc4683ac,13,115,153.0,153.0,52,14,String,    public String getOutputFormat() {,matched,191.2,640,246.39999999999998,660,218.79999999999998,650.0
773f23fb-bbee-47a2-94a6-7b81f8661cbb,13,37,112.0,112.0,52,26,getOutputFormat,    public String getOutputFormat() {,matched,255.6,640,393.59999999999997,660,324.59999999999997,650.0
9fa0accb-cc73-465a-841e-af5a066d0446,13,117,174.0,174.0,53,2,WHITESPACE,        return TexlipseProperties.OUTPUT_FORMAT_PDF;,approx_whitespace,329.2,660,338.4,680,333.79999999999995,670.0
c81dc78e-b3d0-442c-8417-5b8f478562e1,13,85,467.0,467.0,53,4,WHITESPACE,        return TexlipseProperties.OUTPUT_FORMAT_PDF;,approx_whitespace,559.2,660,568.4,680,563.8,670.0
a7680867-3478-4b81-8a21-666d3aaa5b36,13,84,1507.0,1507.0,53,9,return,        return TexlipseProperties.OUTPUT_FORMAT_PDF;,matched,163.6,660,218.79999999999998,680,191.2,670.0
c984fef7-e87d-4fad-a324-1922404c178b,13,92,962.0,962.0,53,14,return,        return TexlipseProperties.OUTPUT_FORMAT_PDF;,matched,163.6,660,218.79999999999998,680,191.2,670.0
80eea29c-490f-4e19-b12d-c43fb8bede78,13,119,578.0,578.0,53,16,TexlipseProperties,        return TexlipseProperties.OUTPUT_FORMAT_PDF;,matched,228.0,660,393.59999999999997,680,310.79999999999995,670.0
f5ff5b1f-a60e-4acc-bc2d-eb99be6f5910,13,94,2419.0,2419.0,53,20,TexlipseProperties,        return TexlipseProperties.OUTPUT_FORMAT_PDF;,matched,228.0,660,393.59999999999997,680,310.79999999999995,670.0
0f80fc29-1bab-45cd-88cc-9ac7d938a090,13,122,208.0,208.0,54,4,WHITESPACE,    },approx_whitespace,126.8,680,136.0,700,131.4,690.0
eb0f4598-1e16-4298-8f38-442ce9d3ff02,14,35,727.0,727.0,21,17,XelatexRunner, public class XelatexRunner extends LatexRunner {,matched,218.79999999999998,20,338.4,40,278.59999999999997,30.0
a56ef371-f4ee-4e1a-a322-4a3b20fb5364,14,1,1313.0,1313.0,21,19,XelatexRunner, public class XelatexRunner extends LatexRunner {,matched,218.79999999999998,20,338.4,40,278.59999999999997,30.0
957f7e73-2e03-41a3-b4a9-49eb3f8921e8,14,47,1494.0,1494.0,26,12,XelatexRunner,    public XelatexRunner() {,matched,191.2,120,310.79999999999995,140,250.99999999999997,130.0
ce95205b-2002-4d45-9d09-ac2484e9749d,14,3,2495.0,2495.0,26,14,XelatexRunner,    public XelatexRunner() {,matched,191.2,120,310.79999999999995,140,250.99999999999997,130.0
99d9411f-ddc3-47bf-97ef-ed8870dc61b1,14,4,3611.0,3611.0,26,15,XelatexRunner,    public XelatexRunner() {,matched,191.2,120,310.79999999999995,140,250.99999999999997,130.0
a980b0de-96fc-487b-9666-e1b0f81a5eb1,14,36,130.0,130.0,26,18,XelatexRunner,    public XelatexRunner() {,matched,191.2,120,310.79999999999995,140,250.99999999999997,130.0
f17afec7-339b-44c5-a930-fd287ff634a0,14,61,284.0,284.0,26,23,XelatexRunner,    public XelatexRunner() {,matched,191.2,120,310.79999999999995,140,250.99999999999997,130.0
22946d55-7a2b-450b-be94-bced3397a288,14,37,1629.0,1629.0,30,20,String,    protected String getWindowsProgramName() {,matched,218.79999999999998,200,274.0,220,246.39999999999998,210.0
5688da10-d577-43b8-a720-6c5d5ba48254,14,49,473.0,473.0,30,20,String,    protected String getWindowsProgramName() {,matched,218.79999999999998,200,274.0,220,246.39999999999998,210.0
39b45bb6-0c0b-40ab-a06d-b728b8c3918e,14,48,1769.0,1769.0,30,21,WHITESPACE,    protected String getWindowsProgramName() {,approx_whitespace,503.99999999999994,200,513.2,220,508.6,210.0
3459bde5-fa2d-42c4-9eb8-1e63d60c66ad,14,64,884.0,884.0,30,21,WHITESPACE,    protected String getWindowsProgramName() {,approx_whitespace,503.99999999999994,200,513.2,220,508.6,210.0
8bd78ce4-e3c2-4007-ba2c-802a452d201d,14,5,1733.0,1733.0,30,24,getWindowsProgramName,    protected String getWindowsProgramName() {,matched,283.2,200,476.4,220,379.79999999999995,210.0
556aefdb-4a44-4eb2-85d9-0c1991be6f19,14,50,741.0,741.0,34,13,protected,    protected String getUnixProgramName() {,matched,126.8,280,209.6,300,168.2,290.0
655877a1-b6e4-4b2b-872e-c16c7f9427fe,14,38,800.0,800.0,34,19,String,    protected String getUnixProgramName() {,matched,218.79999999999998,280,274.0,300,246.39999999999998,290.0
0c6dffb9-1738-43fe-8aa5-16b72a4631f7,14,32,387.0,387.0,34,20,String,    protected String getUnixProgramName() {,matched,218.79999999999998,280,274.0,300,246.39999999999998,290.0
c168d8ec-ca5e-4df0-9c74-68ee4322aaac,14,62,339.0,339.0,34,22,getUnixProgramName,    protected String getUnixProgramName() {,matched,283.2,280,448.79999999999995,300,366.0,290.0
558c6b57-53c7-45b1-99b9-268d7b58aa7d,14,6,2263.0,2263.0,34,25,getUnixProgramName,    protected String getUnixProgramName() {,matched,283.2,280,448.79999999999995,300,366.0,290.0
1ab5b978-76d0-4987-aa39-3636aaaceee2,14,39,484.0,484.0,35,11,return,"        return ""xelatex"";",matched,163.6,300,218.79999999999998,320,191.2,310.0
7e16c4ce-96d5-4466-b3c8-ef32bd3f799e,14,88,207.0,207.0,35,14,return,"        return ""xelatex"";",matched,163.6,300,218.79999999999998,320,191.2,310.0
102c7b92-8967-4cb2-83a6-4c44d18a05e3,14,87,147.0,147.0,36,2,WHITESPACE,    },approx_whitespace,126.8,320,136.0,340,131.4,330.0
cfab7977-47f1-4726-abc3-497ec9ebc3cc,14,7,1065.0,1065.0,38,13,String,    public String getDescription() {,matched,191.2,360,246.39999999999998,380,218.79999999999998,370.0
1a1bc4cd-85e0-47f0-a441-8d58d1cc3f07,14,63,553.0,553.0,38,22,getDescription,    public String getDescription() {,matched,255.6,360,384.4,380,320.0,370.0
63395269-5d7c-45dd-b4f1-0d35adfb160e,14,69,216.0,216.0,38,27,getDescription,    public String getDescription() {,matched,255.6,360,384.4,380,320.0,370.0
605e6c2b-c991-47d8-ad7f-1fae4ec0cdd8,14,52,204.0,204.0,38,29,getDescription,    public String getDescription() {,matched,255.6,360,384.4,380,320.0,370.0
1b369cc5-8659-43d0-bf15-eb1d5ae9c631,14,81,104.0,104.0,43,13,Enable,     * Enable SyncTeX,matched,154.39999999999998,460,209.6,480,182.0,470.0
29c49384-da2e-44f0-8cbe-ff79e3b0e21a,14,65,1117.0,1117.0,43,14,WHITESPACE,     * Enable SyncTeX,approx_whitespace,274.0,460,283.2,480,278.6,470.0
742748ba-cdc5-4bfe-b659-afd9dca3774f,14,41,784.0,784.0,45,12,String,    public String getDefaultArguments() {,matched,191.2,500,246.39999999999998,520,218.79999999999998,510.0
fa0d8e74-e7b5-4c82-baa4-b3ab8ec1d942,14,9,291.0,291.0,45,14,String,    public String getDefaultArguments() {,matched,191.2,500,246.39999999999998,520,218.79999999999998,510.0
bfe73679-a8c2-42cb-9ed9-4ffcbb7285d2,14,24,495.0,495.0,45,21,getDefaultArguments,    public String getDefaultArguments() {,matched,255.6,500,430.4,520,343.0,510.0
d252b613-754d-4a53-a1b6-da7e7b2d3890,14,27,148.0,148.0,45,21,getDefaultArguments,    public String getDefaultArguments() {,matched,255.6,500,430.4,520,343.0,510.0
a15fa06f-ac49-4a29-9144-0d0a10e9a60d,14,76,162.0,162.0,45,22,getDefaultArguments,    public String getDefaultArguments() {,matched,255.6,500,430.4,520,343.0,510.0
0bdf9667-8c2b-4b75-99f3-5bfafcb5e446,14,10,542.0,542.0,45,23,getDefaultArguments,    public String getDefaultArguments() {,matched,255.6,500,430.4,520,343.0,510.0
fa76586e-69dd-48fc-8e7a-ff0fea5850bd,14,17,120.0,120.0,45,24,getDefaultArguments,    public String getDefaultArguments() {,matched,255.6,500,430.4,520,343.0,510.0
caa1d041-3bdc-4426-a259-ab8bfa61f7c5,14,21,479.0,479.0,45,24,getDefaultArguments,    public String getDefaultArguments() {,matched,255.6,500,430.4,520,343.0,510.0
9402e128-cb93-4a13-889a-3811144c5156,14,13,1176.0,1176.0,45,25,getDefaultArguments,    public String getDefaultArguments() {,matched,255.6,500,430.4,520,343.0,510.0
b516fc1e-e8f3-4b42-bcd4-a7e19f0ada1d,14,11,1233.0,1233.0,45,31,getDefaultArguments,    public String getDefaultArguments() {,matched,255.6,500,430.4,520,343.0,510.0
a5693d10-171b-43ad-80b6-e27e7bce170e,14,42,180.0,180.0,45,34,getDefaultArguments,    public String getDefaultArguments() {,matched,255.6,500,430.4,520,343.0,510.0
db8ed1dc-bdaf-47ac-a3d1-13164af5270d,14,59,178.0,178.0,45,34,getDefaultArguments,    public String getDefaultArguments() {,matched,255.6,500,430.4,520,343.0,510.0
d5973bd7-4005-4dda-8d14-b503e49ffe3d,14,77,263.0,263.0,45,34,getDefaultArguments,    public String getDefaultArguments() {,matched,255.6,500,430.4,520,343.0,510.0
b965c597-fe6f-462f-aa26-29143673d2cb,14,18,536.0,536.0,45,37,getDefaultArguments,    public String getDefaultArguments() {,matched,255.6,500,430.4,520,343.0,510.0
9ec7d50d-cba6-4a38-8e66-605fae61d680,14,22,327.0,327.0,45,38,(),    public String getDefaultArguments() {,matched,430.4,500,448.79999999999995,520,439.59999999999997,510.0
69c10e1c-c7af-40aa-8ba5-661864299558,14,12,158.0,158.0,45,41,{,    public String getDefaultArguments() {,matched,458.0,500,467.2,520,462.6,510.0
d4fd9109-5a1f-4ac5-8865-9771e8864292,14,90,385.0,385.0,45,41,{,    public String getDefaultArguments() {,matched,458.0,500,467.2,520,462.6,510.0
b3982b93-d83f-4212-87e5-530b8c777889,14,82,3007.0,3007.0,46,8,WHITESPACE,"        return ""-synctex=1 ""+super.getDefaultArguments();",approx_whitespace,605.1999999999999,520,614.4,540,609.8,530.0
7351e818-bcf9-49b4-903f-f6e602c0c3e5,14,15,398.0,398.0,46,17,-,"        return ""-synctex=1 ""+super.getDefaultArguments();",matched,237.2,520,246.39999999999998,540,241.79999999999998,530.0
cb9c33d7-9ac5-4e7e-931f-e6cb7ab5b096,14,67,250.0,250.0,46,22,synctex,"        return ""-synctex=1 ""+super.getDefaultArguments();",matched,246.39999999999998,520,310.79999999999995,540,278.59999999999997,530.0
cd3d30d4-23a6-4289-a426-6daa07114ac1,14,31,111.0,111.0,46,23,synctex,"        return ""-synctex=1 ""+super.getDefaultArguments();",matched,246.39999999999998,520,310.79999999999995,540,278.59999999999997,530.0
41daa07d-6ba2-403d-a665-8d61f275ed5e,14,80,516.0,516.0,46,24,synctex,"        return ""-synctex=1 ""+super.getDefaultArguments();",matched,246.39999999999998,520,310.79999999999995,540,278.59999999999997,530.0
5e9f70f9-aa30-496f-aef8-6d7c2f5901f3,14,8,550.0,550.0,46,25,=,"        return ""-synctex=1 ""+super.getDefaultArguments();",matched,310.79999999999995,520,320.0,540,315.4,530.0
10b27c9b-e9d7-4275-8b67-c5a2399b4c89,14,83,4948.0,4948.0,46,26,1,"        return ""-synctex=1 ""+super.getDefaultArguments();",matched,320.0,520,329.2,540,324.6,530.0
8aded1cb-2507-4e28-8635-d1b22504af6b,14,91,160.0,160.0,46,30,super,"        return ""-synctex=1 ""+super.getDefaultArguments();",matched,356.79999999999995,520,402.79999999999995,540,379.79999999999995,530.0
163217ab-c735-404b-8b1f-04c7bdd15cac,14,56,253.0,253.0,46,39,getDefaultArguments,"        return ""-synctex=1 ""+super.getDefaultArguments();",matched,412.0,520,586.8,540,499.4,530.0
5d90ef42-3469-493d-be77-a012e1f7713b,14,70,390.0,390.0,46,41,getDefaultArguments,"        return ""-synctex=1 ""+super.getDefaultArguments();",matched,412.0,520,586.8,540,499.4,530.0
37d172c1-7ac4-45e8-ba48-a2d5412db59f,14,92,4489.0,4489.0,46,41,getDefaultArguments,"        return ""-synctex=1 ""+super.getDefaultArguments();",matched,412.0,520,586.8,540,499.4,530.0
8bd9afaa-82a8-49b5-a0dd-5f60c2061b3e,14,84,2508.0,2508.0,46,42,getDefaultArguments,"        return ""-synctex=1 ""+super.getDefaultArguments();",matched,412.0,520,586.8,540,499.4,530.0
a5187466-6349-4cd3-b0c5-2a8ae799f3f9,14,86,1368.0,1368.0,46,44,getDefaultArguments,"        return ""-synctex=1 ""+super.getDefaultArguments();",matched,412.0,520,586.8,540,499.4,530.0
105612c3-d8fe-4238-9fe0-1978c26da2a1,14,85,1149.0,1149.0,46,45,getDefaultArguments,"        return ""-synctex=1 ""+super.getDefaultArguments();",matched,412.0,520,586.8,540,499.4,530.0
587d7ddf-55a5-41fc-a045-a58cc901307b,14,89,1171.0,1171.0,46,48,getDefaultArguments,"        return ""-synctex=1 ""+super.getDefaultArguments();",matched,412.0,520,586.8,540,499.4,530.0
55dc914e-b07f-4dba-8294-bac0b0935cda,14,93,195.0,195.0,46,49,getDefaultArguments,"        return ""-synctex=1 ""+super.getDefaultArguments();",matched,412.0,520,586.8,540,499.4,530.0
2f24dd7b-2fa3-4903-b6cb-9ba5eecc662f,14,43,205.0,205.0,50,10,@return,     * @return output file format (pdf),matched,154.39999999999998,600,218.79999999999998,620,186.59999999999997,610.0
8eb8bbb3-fd82-42c5-9dbf-261fc9f28f6e,14,23,83.0,83.0,50,14,@return,     * @return output file format (pdf),matched,154.39999999999998,600,218.79999999999998,620,186.59999999999997,610.0
8784502b-abb1-4643-84f2-ab0843bce6b5,14,45,153.0,153.0,50,18,output,     * @return output file format (pdf),matched,228.0,600,283.2,620,255.6,610.0
9e519138-bbea-4ca4-9c68-419fb9af5a5e,14,25,186.0,186.0,50,19,output,     * @return output file format (pdf),matched,228.0,600,283.2,620,255.6,610.0
69198fec-5c7d-41a6-b062-e2a4c0f7a40b,14,29,653.0,653.0,50,21,output,     * @return output file format (pdf),matched,228.0,600,283.2,620,255.6,610.0
a2dba47b-3ee7-46b9-a9ee-162f0ba77974,14,79,139.0,139.0,50,21,output,     * @return output file format (pdf),matched,228.0,600,283.2,620,255.6,610.0
847a297c-b355-481d-a47b-2a3373e64213,14,14,510.0,510.0,50,23,file,     * @return output file format (pdf),matched,292.4,600,329.2,620,310.79999999999995,610.0
54b27884-d627-4182-b9d1-5e1b569bfbba,14,26,96.0,96.0,50,23,file,     * @return output file format (pdf),matched,292.4,600,329.2,620,310.79999999999995,610.0
bbe65653-0f83-4f3a-9526-3cbda80b7e8e,14,16,1691.0,1691.0,50,24,file,     * @return output file format (pdf),matched,292.4,600,329.2,620,310.79999999999995,610.0
2169b529-b6f5-4eab-a726-61f826cd7633,14,44,448.0,448.0,50,24,file,     * @return output file format (pdf),matched,292.4,600,329.2,620,310.79999999999995,610.0
1d932cc1-8994-4afa-9429-3c1d8ea0dcfd,14,46,288.0,288.0,50,24,file,     * @return output file format (pdf),matched,292.4,600,329.2,620,310.79999999999995,610.0
e7602d5e-da3c-43ca-8498-0d98af95ac5c,14,54,4305.0,4305.0,50,24,file,     * @return output file format (pdf),matched,292.4,600,329.2,620,310.79999999999995,610.0
f642f836-69c8-4b72-82dc-c040e0731baa,14,30,3573.0,3573.0,50,28,format,     * @return output file format (pdf),matched,338.4,600,393.59999999999997,620,366.0,610.0
0225d52d-1fab-4565-bd34-17ba4e9f6642,14,55,249.0,249.0,52,14,String,    public String getOutputFormat() {,matched,191.2,640,246.39999999999998,660,218.79999999999998,650.0
23a2ef27-235b-442b-b937-6bdb583d2387,14,72,340.0,340.0,52,17,String,    public String getOutputFormat() {,matched,191.2,640,246.39999999999998,660,218.79999999999998,650.0
dd86e5b3-2fe2-41b5-a4a3-0900c155b733,14,57,176.0,176.0,52,19,getOutputFormat,    public String getOutputFormat() {,matched,255.6,640,393.59999999999997,660,324.59999999999997,650.0
af333260-eac5-4044-94ae-99a332df9c0f,14,74,288.0,288.0,52,21,getOutputFormat,    public String getOutputFormat() {,matched,255.6,640,393.59999999999997,660,324.59999999999997,650.0
9e24d83c-6484-446f-9ffa-d5be58acdcde,14,75,177.0,177.0,52,32,getOutputFormat,    public String getOutputFormat() {,matched,255.6,640,393.59999999999997,660,324.59999999999997,650.0
e26d4888-6e63-47f3-9f33-f67b25185a35,14,78,654.0,654.0,53,13,return,        return TexlipseProperties.OUTPUT_FORMAT_PDF;,matched,163.6,660,218.79999999999998,680,191.2,670.0
6fc00061-3de9-477c-ac9a-6e2a5f96e6ae,14,94,223.0,223.0,53,14,return,        return TexlipseProperties.OUTPUT_FORMAT_PDF;,matched,163.6,660,218.79999999999998,680,191.2,670.0
743b0bac-2127-4393-aa71-b6cdd2a5d873,14,28,206.0,206.0,53,16,TexlipseProperties,        return TexlipseProperties.OUTPUT_FORMAT_PDF;,matched,228.0,660,393.59999999999997,680,310.79999999999995,670.0
fd7c4a11-23a9-47a8-9acc-04316ac16626,14,99,233.0,233.0,53,18,TexlipseProperties,        return TexlipseProperties.OUTPUT_FORMAT_PDF;,matched,228.0,660,393.59999999999997,680,310.79999999999995,670.0
b2807c1a-86cb-4c6f-9b12-e8fc50969e80,14,98,442.0,442.0,53,19,TexlipseProperties,        return TexlipseProperties.OUTPUT_FORMAT_PDF;,matched,228.0,660,393.59999999999997,680,310.79999999999995,670.0
1e816c46-728a-4945-9431-9b7be10047b0,14,95,125.0,125.0,53,23,TexlipseProperties,        return TexlipseProperties.OUTPUT_FORMAT_PDF;,matched,228.0,660,393.59999999999997,680,310.79999999999995,670.0
d64c4b6b-9ef4-4d0d-865a-41be2ea99a2f,14,96,169.0,169.0,53,32,TexlipseProperties,        return TexlipseProperties.OUTPUT_FORMAT_PDF;,matched,228.0,660,393.59999999999997,680,310.79999999999995,670.0
5833a76e-69fc-4e1f-9aa1-4bc66e027c38,14,73,213.0,213.0,53,33,TexlipseProperties,        return TexlipseProperties.OUTPUT_FORMAT_PDF;,matched,228.0,660,393.59999999999997,680,310.79999999999995,670.0
8799893f-2ce1-4efd-a578-45cae9d1f27a,14,100,453.0,453.0,53,34,.,        return TexlipseProperties.OUTPUT_FORMAT_PDF;,matched,393.59999999999997,660,402.79999999999995,680,398.19999999999993,670.0
f8981e04-220a-4155-b182-abf0eee5d771,14,20,141.0,141.0,53,40,OUTPUT_FORMAT_PDF;,        return TexlipseProperties.OUTPUT_FORMAT_PDF;,matched,402.79999999999995,660,568.4,680,485.59999999999997,670.0
591f3da3-2775-4114-9dff-14444b6a4197,14,58,236.0,236.0,53,41,OUTPUT_FORMAT_PDF;,        return TexlipseProperties.OUTPUT_FORMAT_PDF;,matched,402.79999999999995,660,568.4,680,485.59999999999997,670.0
77369790-9fb8-4e93-a443-2926507a452e,14,101,148.0,148.0,53,43,OUTPUT_FORMAT_PDF;,        return TexlipseProperties.OUTPUT_FORMAT_PDF;,matched,402.79999999999995,660,568.4,680,485.59999999999997,670.0
ba5d8d07-12d8-4176-b408-90a097a6944c,15,42,264.0,264.0,21,20,XelatexRunner, public class XelatexRunner extends LatexRunner {,matched,218.79999999999998,20,338.4,40,278.59999999999997,30.0
741c3c45-2206-40b3-a390-d64b6a84eabb,15,47,446.0,446.0,21,20,XelatexRunner, public class XelatexRunner extends LatexRunner {,matched,218.79999999999998,20,338.4,40,278.59999999999997,30.0
75f34b59-4823-405e-aad9-105016983656,15,9,374.0,374.0,21,21,XelatexRunner, public class XelatexRunner extends LatexRunner {,matched,218.79999999999998,20,338.4,40,278.59999999999997,30.0
2b42fa45-afbf-4a14-8459-751c027b59e4,15,35,510.0,510.0,21,21,XelatexRunner, public class XelatexRunner extends LatexRunner {,matched,218.79999999999998,20,338.4,40,278.59999999999997,30.0
1b76b6f0-0034-4706-bd7a-b2d7d174d601,15,44,238.0,238.0,21,23,XelatexRunner, public class XelatexRunner extends LatexRunner {,matched,218.79999999999998,20,338.4,40,278.59999999999997,30.0
d237d94e-e9e9-4b08-83d2-54be99ce4857,15,33,176.0,176.0,21,25,XelatexRunner, public class XelatexRunner extends LatexRunner {,matched,218.79999999999998,20,338.4,40,278.59999999999997,30.0
c94c3018-40d5-4430-9aab-bef551009439,15,46,245.0,245.0,21,34,extends, public class XelatexRunner extends LatexRunner {,matched,347.59999999999997,20,412.0,40,379.79999999999995,30.0
2b78393b-7ee1-490f-80bb-d83314c14e33,15,43,1440.0,1440.0,21,39,LatexRunner, public class XelatexRunner extends LatexRunner {,matched,237.2,20,338.4,40,287.79999999999995,30.0
b3ea8296-2584-4417-9b40-2cfc2a4df1e7,15,68,440.0,440.0,21,39,LatexRunner, public class XelatexRunner extends LatexRunner {,matched,237.2,20,338.4,40,287.79999999999995,30.0
f8c42eac-6910-4bb0-bb3d-ded2370a4a43,15,10,290.0,290.0,21,40,LatexRunner, public class XelatexRunner extends LatexRunner {,matched,237.2,20,338.4,40,287.79999999999995,30.0
53c0b654-3ef4-4ad5-a8de-c8150c446c40,15,12,561.0,561.0,21,41,LatexRunner, public class XelatexRunner extends LatexRunner {,matched,237.2,20,338.4,40,287.79999999999995,30.0
1f8a20dc-cf88-401b-861b-7a239dd20740,15,14,650.0,650.0,21,42,LatexRunner, public class XelatexRunner extends LatexRunner {,matched,421.2,20,522.4,40,471.79999999999995,30.0
34a927bd-3b8b-4c41-96ba-eda68d8652fe,15,36,337.0,337.0,21,42,LatexRunner, public class XelatexRunner extends LatexRunner {,matched,421.2,20,522.4,40,471.79999999999995,30.0
83945479-8c99-4548-92d4-a6577f058fba,15,34,456.0,456.0,21,44,LatexRunner, public class XelatexRunner extends LatexRunner {,matched,421.2,20,522.4,40,471.79999999999995,30.0
cea1f9a6-6d7a-4b44-b732-2dcb42b7df0f,15,5,347.0,347.0,24,14,WHITESPACE,     * Create a new ProgramRunner.,approx_whitespace,393.59999999999997,80,402.79999999999995,100,398.19999999999993,90.0
53f0c277-3b5d-4e83-9c15-d4ac470c9735,15,66,1007.0,1007.0,24,23,ProgramRunner.,     * Create a new ProgramRunner.,matched,274.0,80,402.79999999999995,100,338.4,90.0
178c1d84-4b8f-4266-9564-283ad0dc630a,15,6,149.0,149.0,24,25,ProgramRunner.,     * Create a new ProgramRunner.,matched,274.0,80,402.79999999999995,100,338.4,90.0
23180821-c537-4ca8-b64d-31e8a6b5dfe2,15,25,144.0,144.0,26,11,WHITESPACE,    public XelatexRunner() {,approx_whitespace,338.4,120,347.59999999999997,140,343.0,130.0
f9bdde5d-50d5-4889-bfd3-a48c1c99fd70,15,32,1968.0,1968.0,26,11,WHITESPACE,    public XelatexRunner() {,approx_whitespace,338.4,120,347.59999999999997,140,343.0,130.0
bdeee8e0-caa3-41a0-b85d-fbe079e75cca,15,7,347.0,347.0,26,12,XelatexRunner,    public XelatexRunner() {,matched,191.2,120,310.79999999999995,140,250.99999999999997,130.0
0dadedef-e00d-4468-a8ad-197f751aa186,15,15,861.0,861.0,26,14,XelatexRunner,    public XelatexRunner() {,matched,191.2,120,310.79999999999995,140,250.99999999999997,130.0
22ce630f-8672-46bd-aa61-d12e2c08a8e8,15,16,189.0,189.0,26,20,XelatexRunner,    public XelatexRunner() {,matched,191.2,120,310.79999999999995,140,250.99999999999997,130.0
dd0b475c-eb69-4d80-8fe5-998f1469b121,15,52,1488.0,1488.0,26,21,XelatexRunner,    public XelatexRunner() {,matched,191.2,120,310.79999999999995,140,250.99999999999997,130.0
b41f934c-21ba-425f-9da0-fe3f4eb989e5,15,19,130.0,130.0,30,11,protected,    protected String getWindowsProgramName() {,matched,126.8,200,209.6,220,168.2,210.0
4161cdb3-2ab6-4fc6-8f41-525b412261d4,15,39,500.0,500.0,30,15,String,    protected String getWindowsProgramName() {,matched,218.79999999999998,200,274.0,220,246.39999999999998,210.0
9913fce8-322f-4b74-806b-eb648f361923,15,38,747.0,747.0,30,18,String,    protected String getWindowsProgramName() {,matched,218.79999999999998,200,274.0,220,246.39999999999998,210.0
929f7078-604d-4c35-b677-4f8527303cbb,15,18,166.0,166.0,30,19,String,    protected String getWindowsProgramName() {,matched,218.79999999999998,200,274.0,220,246.39999999999998,210.0
00638d61-7f0c-4d7f-a3b5-a83baa6378a9,15,20,171.0,171.0,30,22,getWindowsProgramName,    protected String getWindowsProgramName() {,matched,283.2,200,476.4,220,379.79999999999995,210.0
28734790-84a8-45a1-ac30-321a49587773,15,17,228.0,228.0,30,29,getWindowsProgramName,    protected String getWindowsProgramName() {,matched,283.2,200,476.4,220,379.79999999999995,210.0
4cc07a0d-aa4a-418c-988f-3147a2d3d99e,15,65,161.0,161.0,30,33,getWindowsProgramName,    protected String getWindowsProgramName() {,matched,283.2,200,476.4,220,379.79999999999995,210.0
5d7e820d-d9f3-41b0-89c1-55539eabaf7f,15,21,346.0,346.0,30,37,getWindowsProgramName,    protected String getWindowsProgramName() {,matched,283.2,200,476.4,220,379.79999999999995,210.0
3f579a20-2348-4f85-ac88-26a643fd81ef,15,23,1203.0,1203.0,35,13,return,"        return ""xelatex"";",matched,163.6,300,218.79999999999998,320,191.2,310.0
bf216e19-ee9a-4f0a-999e-340dcc7933fd,15,57,238.0,238.0,38,21,getDescription,    public String getDescription() {,matched,255.6,360,384.4,380,320.0,370.0
97b0e44f-e72a-40ab-8a43-f6dcfee5a825,15,41,1264.0,1264.0,38,28,getDescription,    public String getDescription() {,matched,255.6,360,384.4,380,320.0,370.0
dddc3698-d687-4c50-ade4-aa6ccc1e8d91,15,61,279.0,279.0,39,8,WHITESPACE,"        return ""XeLatex program"";",approx_whitespace,384.4,380,393.59999999999997,400,389.0,390.0
5f9e7e47-8728-4997-929a-6f55ada07789,15,3,440.0,440.0,43,13,Enable,     * Enable SyncTeX,matched,154.39999999999998,460,209.6,480,182.0,470.0
96996661-91e7-4cd6-9234-e1060dbd9676,15,58,134.0,134.0,43,16,SyncTeX,     * Enable SyncTeX,matched,218.79999999999998,460,283.2,480,251.0,470.0
9599afec-953e-4813-9e21-ca8d03b20494,15,26,83.0,83.0,45,21,getDefaultArguments,    public String getDefaultArguments() {,matched,255.6,500,430.4,520,343.0,510.0
5ec0ebf6-20b7-41ad-8d83-169b9a5f71e2,15,62,190.0,190.0,45,41,{,    public String getDefaultArguments() {,matched,458.0,500,467.2,520,462.6,510.0
8fb63616-9eb0-4af1-b503-9a053e91dee5,15,69,274.0,274.0,46,30,super,"        return ""-synctex=1 ""+super.getDefaultArguments();",matched,356.79999999999995,520,402.79999999999995,540,379.79999999999995,530.0
565506f3-d222-449f-8659-73770531aa81,15,59,8031.0,5000.0,46,42,getDefaultArguments,"        return ""-synctex=1 ""+super.getDefaultArguments();",matched,412.0,520,586.8,540,499.4,530.0
e4d95f9b-967e-42b3-b30e-b050f625bce4,15,60,2954.0,2954.0,46,52,getDefaultArguments,"        return ""-synctex=1 ""+super.getDefaultArguments();",matched,412.0,520,586.8,540,499.4,530.0
348b3958-9766-4b17-9fac-79abfc623efa,15,63,1651.0,1651.0,46,54,getDefaultArguments,"        return ""-synctex=1 ""+super.getDefaultArguments();",matched,412.0,520,586.8,540,499.4,530.0
5f96fa8a-07c4-4870-ae6c-26581d879dd1,15,28,391.0,391.0,50,18,output,     * @return output file format (pdf),matched,228.0,600,283.2,620,255.6,610.0
e3954beb-3dbf-4d55-a823-89addec1eb86,15,29,184.0,184.0,50,28,format,     * @return output file format (pdf),matched,338.4,600,393.59999999999997,620,366.0,610.0
e25eb026-ee35-4a4f-9a7a-c3dc11b4fcea,15,55,1789.0,1789.0,52,26,getOutputFormat,    public String getOutputFormat() {,matched,255.6,640,393.59999999999997,660,324.59999999999997,650.0
bd56c134-ac44-4319-9e02-c04b3679faab,15,30,369.0,369.0,53,15,WHITESPACE,        return TexlipseProperties.OUTPUT_FORMAT_PDF;,approx_whitespace,559.2,660,568.4,680,563.8,670.0
f6934761-d9f7-4f96-bcbc-1326cdedc4ac,15,31,836.0,836.0,53,17,TexlipseProperties,        return TexlipseProperties.OUTPUT_FORMAT_PDF;,matched,228.0,660,393.59999999999997,680,310.79999999999995,670.0
21462804-0e4b-47eb-bed0-f0bdd95a68ae,15,56,339.0,339.0,53,46,OUTPUT_FORMAT_PDF;,        return TexlipseProperties.OUTPUT_FORMAT_PDF;,matched,402.79999999999995,660,568.4,680,485.59999999999997,670.0
22321183-3883-4941-a642-0987c9c80072,16,1,352.0,352.0,21,14,WHITESPACE, public class XelatexRunner extends LatexRunner {,approx_whitespace,531.5999999999999,20,540.8,40,536.1999999999999,30.0
80a0032f-7b9b-4737-a90f-f6655bcd8830,16,2,285.0,285.0,21,14,WHITESPACE, public class XelatexRunner extends LatexRunner {,approx_whitespace,531.5999999999999,20,540.8,40,536.1999999999999,30.0
21c3e91f-603f-4b7b-982c-c2ddac0f44c8,16,135,765.0,765.0,21,14,WHITESPACE, public class XelatexRunner extends LatexRunner {,approx_whitespace,531.5999999999999,20,540.8,40,536.1999999999999,30.0
0fe147cf-59f9-4920-8acc-560603301639,16,46,199.0,199.0,21,16,XelatexRunner, public class XelatexRunner extends LatexRunner {,matched,218.79999999999998,20,338.4,40,278.59999999999997,30.0
51628c4f-3848-42dc-999b-3506f6e56085,16,47,620.0,620.0,21,16,XelatexRunner, public class XelatexRunner extends LatexRunner {,matched,218.79999999999998,20,338.4,40,278.59999999999997,30.0
79ff1004-4a70-45be-920b-feff61884c0a,16,3,1050.0,1050.0,21,19,XelatexRunner, public class XelatexRunner extends LatexRunner {,matched,218.79999999999998,20,338.4,40,278.59999999999997,30.0
ed4fedf7-e9f0-4666-81fb-f4b9d77854d6,16,67,1402.0,1402.0,21,19,XelatexRunner, public class XelatexRunner extends LatexRunner {,matched,218.79999999999998,20,338.4,40,278.59999999999997,30.0
85844c7d-2176-4b38-b18c-7346ee8ed14f,16,144,427.0,427.0,21,21,XelatexRunner, public class XelatexRunner extends LatexRunner {,matched,218.79999999999998,20,338.4,40,278.59999999999997,30.0
7215e8a8-3cc6-4f40-8b70-170608d50725,16,19,91.0,91.0,21,23,XelatexRunner, public class XelatexRunner extends LatexRunner {,matched,218.79999999999998,20,338.4,40,278.59999999999997,30.0
10bee50d-1602-44b8-b1ea-5ad3b3530d9b,16,50,360.0,360.0,21,25,XelatexRunner, public class XelatexRunner extends LatexRunner {,matched,218.79999999999998,20,338.4,40,278.59999999999997,30.0
717a9676-060f-4d76-9c96-879dd97be23f,16,145,94.0,94.0,21,32,extends, public class XelatexRunner extends LatexRunner {,matched,347.59999999999997,20,412.0,40,379.79999999999995,30.0
fbfe8ff4-6653-453e-9ab4-7d203bf32579,16,4,285.0,285.0,21,35,extends, public class XelatexRunner extends LatexRunner {,matched,347.59999999999997,20,412.0,40,379.79999999999995,30.0
940e4c85-7d35-4425-945d-915ffb82c32a,16,125,251.0,251.0,21,37,LatexRunner, public class XelatexRunner extends LatexRunner {,matched,237.2,20,338.4,40,287.79999999999995,30.0
2b621038-631a-465e-ab61-457a9438130c,16,51,504.0,504.0,21,40,LatexRunner, public class XelatexRunner extends LatexRunner {,matched,237.2,20,338.4,40,287.79999999999995,30.0
6ce511c4-a039-4fec-8a4c-572c409dac7c,16,5,575.0,575.0,21,41,LatexRunner, public class XelatexRunner extends LatexRunner {,matched,237.2,20,338.4,40,287.79999999999995,30.0
1dd7d11f-7c5b-461c-a383-24445c43b043,16,7,734.0,734.0,21,41,LatexRunner, public class XelatexRunner extends LatexRunner {,matched,237.2,20,338.4,40,287.79999999999995,30.0
8c210024-5a7f-4a0f-a002-ff2784ab8e2a,16,66,342.0,342.0,21,41,LatexRunner, public class XelatexRunner extends LatexRunner {,matched,237.2,20,338.4,40,287.79999999999995,30.0
664bf782-6c23-4e42-973d-535840ed76ec,16,143,333.0,333.0,21,43,LatexRunner, public class XelatexRunner extends LatexRunner {,matched,421.2,20,522.4,40,471.79999999999995,30.0
9cc9e7b0-f64c-4bda-81a8-17c2e12464ac,16,68,669.0,669.0,21,47,LatexRunner, public class XelatexRunner extends LatexRunner {,matched,421.2,20,522.4,40,471.79999999999995,30.0
c4bc55bd-b184-4220-9935-570b649d6011,16,139,337.0,337.0,24,16,WHITESPACE,     * Create a new ProgramRunner.,approx_whitespace,329.2,80,338.4,100,333.79999999999995,90.0
7fa08519-3cef-49da-a41f-332986e851ff,16,137,177.0,177.0,24,18,new,     * Create a new ProgramRunner.,matched,237.2,80,264.79999999999995,100,250.99999999999997,90.0
0038a139-0bd6-4940-8884-428799ce66e6,16,76,1048.0,1048.0,24,20,WHITESPACE,     * Create a new ProgramRunner.,approx_whitespace,393.59999999999997,80,402.79999999999995,100,398.19999999999993,90.0
47e251c1-b7de-4daf-b4bd-e4e06cc6003a,16,134,220.0,220.0,24,22,ProgramRunner.,     * Create a new ProgramRunner.,matched,274.0,80,402.79999999999995,100,338.4,90.0
0f2c2ec4-761b-4549-97c0-9a46ed238187,16,17,95.0,95.0,24,23,ProgramRunner.,     * Create a new ProgramRunner.,matched,274.0,80,402.79999999999995,100,338.4,90.0
1736b7a5-58ec-41d5-8837-9b6c1f397a11,16,140,143.0,143.0,24,26,ProgramRunner.,     * Create a new ProgramRunner.,matched,274.0,80,402.79999999999995,100,338.4,90.0
2f82f777-15d9-4554-88b4-98d6c8791a8c,16,138,813.0,813.0,24,27,ProgramRunner.,     * Create a new ProgramRunner.,matched,274.0,80,402.79999999999995,100,338.4,90.0
7ef642a0-326a-4e81-bb58-73152da62c89,16,65,641.0,641.0,24,31,ProgramRunner.,     * Create a new ProgramRunner.,matched,274.0,80,402.79999999999995,100,338.4,90.0
04ab7d3c-19c9-4346-ba28-426bfb74a39b,16,16,506.0,506.0,26,12,XelatexRunner,    public XelatexRunner() {,matched,191.2,120,310.79999999999995,140,250.99999999999997,130.0
8289661b-1273-4a65-abe9-ce1d4700cc23,16,73,88.0,88.0,26,12,XelatexRunner,    public XelatexRunner() {,matched,191.2,120,310.79999999999995,140,250.99999999999997,130.0
023751c2-edd7-4bfc-a52b-fd685b33f90a,16,8,232.0,232.0,26,16,XelatexRunner,    public XelatexRunner() {,matched,191.2,120,310.79999999999995,140,250.99999999999997,130.0
9190649c-9ac5-4705-99d9-3d8b2011880d,16,18,971.0,971.0,26,16,XelatexRunner,    public XelatexRunner() {,matched,191.2,120,310.79999999999995,140,250.99999999999997,130.0
1bd52db5-d3f1-4bd2-a280-fa6953594014,16,70,525.0,525.0,26,16,XelatexRunner,    public XelatexRunner() {,matched,191.2,120,310.79999999999995,140,250.99999999999997,130.0
d0dbd338-7f9c-4411-b19f-fc7c43368e2a,16,9,1185.0,1185.0,26,17,XelatexRunner,    public XelatexRunner() {,matched,191.2,120,310.79999999999995,140,250.99999999999997,130.0
b5b81203-d6e3-4d9d-b155-7adf11055970,16,52,1303.0,1303.0,26,17,XelatexRunner,    public XelatexRunner() {,matched,191.2,120,310.79999999999995,140,250.99999999999997,130.0
59e0cdd8-f29f-460b-82a5-0253bdeacfeb,16,141,989.0,989.0,26,18,XelatexRunner,    public XelatexRunner() {,matched,191.2,120,310.79999999999995,140,250.99999999999997,130.0
578bc673-f0b5-4d91-8125-58ad28265bb5,16,142,217.0,217.0,26,18,XelatexRunner,    public XelatexRunner() {,matched,191.2,120,310.79999999999995,140,250.99999999999997,130.0
dde29684-3346-4843-bd72-0afb038b3e0f,16,146,233.0,233.0,26,20,XelatexRunner,    public XelatexRunner() {,matched,191.2,120,310.79999999999995,140,250.99999999999997,130.0
aada9d25-1104-4f80-a2af-52f29fa04eb5,16,74,570.0,570.0,26,21,XelatexRunner,    public XelatexRunner() {,matched,191.2,120,310.79999999999995,140,250.99999999999997,130.0
5e947227-a7ee-4033-9fc3-d0537e375de0,16,78,96.0,96.0,27,12,super,        super();,matched,163.6,140,209.6,160,186.6,150.0
464836e6-bb50-431b-8402-557b9102a50d,16,81,453.0,453.0,27,12,super,        super();,matched,163.6,140,209.6,160,186.6,150.0
358e2e24-ec58-4975-8a27-27feaaeb65e2,16,71,399.0,399.0,27,13,super,        super();,matched,163.6,140,209.6,160,186.6,150.0
a2a7afa1-472b-482b-a7fa-c0a5fd54b243,16,77,295.0,295.0,27,13,super,        super();,matched,163.6,140,209.6,160,186.6,150.0
47737a41-ed34-4fb0-b0d3-2bff9ec1bf20,16,80,677.0,677.0,27,13,super,        super();,matched,163.6,140,209.6,160,186.6,150.0
2d5fa362-cf67-464e-8e86-83a6a7f81b77,16,82,188.0,188.0,27,13,super,        super();,matched,163.6,140,209.6,160,186.6,150.0
0bda4cc5-65b6-4d75-b768-c7ce9d188812,16,159,217.0,217.0,27,13,super,        super();,matched,163.6,140,209.6,160,186.6,150.0
588f053a-33aa-41ec-9d0b-4c883e3a5ca0,16,75,588.0,588.0,27,14,(),        super();,matched,209.6,140,228.0,160,218.8,150.0
9dbf9b46-6a21-49b7-ae7f-93655dc5472f,16,72,1715.0,1715.0,27,16,;,        super();,matched,228.0,140,237.2,160,232.6,150.0
75f87fcb-2d59-40db-bcd4-c59ad4511a83,16,20,199.0,199.0,30,6,protected,    protected String getWindowsProgramName() {,matched,126.8,200,209.6,220,168.2,210.0
2b17901a-2c3e-4eee-bcaa-084d7d0a1555,16,54,420.0,420.0,30,12,protected,    protected String getWindowsProgramName() {,matched,126.8,200,209.6,220,168.2,210.0
3934c081-fa30-4880-8d7d-72b52c10ce3b,16,22,329.0,329.0,30,14,WHITESPACE,    protected String getWindowsProgramName() {,approx_whitespace,503.99999999999994,200,513.2,220,508.6,210.0
58e658f6-35bd-46b5-a883-88555599c38e,16,23,277.0,277.0,30,15,String,    protected String getWindowsProgramName() {,matched,218.79999999999998,200,274.0,220,246.39999999999998,210.0
87660899-61ef-4912-8dc2-a7e123de3770,16,158,102.0,102.0,30,16,String,    protected String getWindowsProgramName() {,matched,218.79999999999998,200,274.0,220,246.39999999999998,210.0
de4f5988-25a0-4aec-8830-ac6e53e7d228,16,150,153.0,153.0,30,18,String,    protected String getWindowsProgramName() {,matched,218.79999999999998,200,274.0,220,246.39999999999998,210.0
db6ce0b3-cd42-4af6-aef1-4d5fa6c9d7f6,16,53,1064.0,1064.0,30,20,String,    protected String getWindowsProgramName() {,matched,218.79999999999998,200,274.0,220,246.39999999999998,210.0
92cb52dd-83e0-450d-81b4-8c96ae53deff,16,148,231.0,231.0,30,20,String,    protected String getWindowsProgramName() {,matched,218.79999999999998,200,274.0,220,246.39999999999998,210.0
fa956072-d9bf-4e9b-aaba-f69ca1b92eff,16,55,90.0,90.0,30,24,getWindowsProgramName,    protected String getWindowsProgramName() {,matched,283.2,200,476.4,220,379.79999999999995,210.0
7d9f98e5-4ea9-48dd-bcde-964aeb4134e1,16,105,823.0,823.0,30,26,getWindowsProgramName,    protected String getWindowsProgramName() {,matched,283.2,200,476.4,220,379.79999999999995,210.0
b43e9504-62c5-4cb9-b550-004f700afcd3,16,154,729.0,729.0,30,26,getWindowsProgramName,    protected String getWindowsProgramName() {,matched,283.2,200,476.4,220,379.79999999999995,210.0
ea788990-7d0a-45f5-8ad6-c0d5f411a890,16,151,100.0,100.0,30,27,getWindowsProgramName,    protected String getWindowsProgramName() {,matched,283.2,200,476.4,220,379.79999999999995,210.0
f7f02bf1-33e6-40bd-95c0-3dc22946bcd2,16,181,352.0,352.0,30,28,getWindowsProgramName,    protected String getWindowsProgramName() {,matched,283.2,200,476.4,220,379.79999999999995,210.0
49a32b56-6691-4b5b-a0ad-67ba370d28e0,16,152,80.0,80.0,30,29,getWindowsProgramName,    protected String getWindowsProgramName() {,matched,283.2,200,476.4,220,379.79999999999995,210.0
da5c2c42-3398-4bba-a788-8e5eaf9bc318,16,153,952.0,952.0,30,37,getWindowsProgramName,    protected String getWindowsProgramName() {,matched,283.2,200,476.4,220,379.79999999999995,210.0
842f6722-0aed-4328-99a4-b25b8c2dac28,16,56,948.0,948.0,30,38,getWindowsProgramName,    protected String getWindowsProgramName() {,matched,283.2,200,476.4,220,379.79999999999995,210.0
ec49aaac-52ad-4f94-adee-49f03c7970ad,16,106,342.0,342.0,30,41,getWindowsProgramName,    protected String getWindowsProgramName() {,matched,283.2,200,476.4,220,379.79999999999995,210.0
aebe228d-b457-4a7f-a38f-e03c1640e32c,16,149,198.0,198.0,31,12,return,"        return ""xelatex.exe"";",matched,163.6,220,218.79999999999998,240,191.2,230.0
eb946662-5a87-4e0e-bbc9-edf7c8249728,16,164,282.0,282.0,31,12,return,"        return ""xelatex.exe"";",matched,163.6,220,218.79999999999998,240,191.2,230.0
7a041998-caaf-4295-b3a0-70a28b1ccb80,16,83,1656.0,1656.0,31,14,return,"        return ""xelatex.exe"";",matched,163.6,220,218.79999999999998,240,191.2,230.0
1ee593a0-8f6f-45ea-aa06-22bb58fd3cec,16,14,147.0,147.0,31,15,WHITESPACE,"        return ""xelatex.exe"";",approx_whitespace,347.59999999999997,220,356.79999999999995,240,352.19999999999993,230.0
ee819553-8262-4ac7-b5eb-98f54d7a3edd,16,64,408.0,408.0,31,24,.,"        return ""xelatex.exe"";",matched,301.6,220,310.79999999999995,240,306.2,230.0
71bc8e54-046c-4fd5-9d24-d859da14ee64,16,182,224.0,224.0,34,12,protected,    protected String getUnixProgramName() {,matched,126.8,280,209.6,300,168.2,290.0
a8b2391e-fcb5-47ec-9170-a2e3eaa79f5e,16,162,130.0,130.0,34,18,String,    protected String getUnixProgramName() {,matched,218.79999999999998,280,274.0,300,246.39999999999998,290.0
28a04e45-c1e5-4cbb-a2ef-2d8d4ad6d675,16,180,775.0,775.0,34,22,getUnixProgramName,    protected String getUnixProgramName() {,matched,283.2,280,448.79999999999995,300,366.0,290.0
7eb85b8e-4cea-424a-a262-197fb2deb0db,16,104,199.0,199.0,34,26,getUnixProgramName,    protected String getUnixProgramName() {,matched,283.2,280,448.79999999999995,300,366.0,290.0
ef01077a-7ff9-48f3-8bdf-53100aba388d,16,155,883.0,883.0,34,26,getUnixProgramName,    protected String getUnixProgramName() {,matched,283.2,280,448.79999999999995,300,366.0,290.0
dcfe6aa2-ef5b-4d94-bf4f-aa3aa4eb3cc8,16,24,563.0,563.0,34,27,getUnixProgramName,    protected String getUnixProgramName() {,matched,283.2,280,448.79999999999995,300,366.0,290.0
1f343b98-7034-4ce7-b34b-2f17a33c3b51,16,45,211.0,211.0,35,5,WHITESPACE,"        return ""xelatex"";",approx_whitespace,310.79999999999995,300,320.0,320,315.4,310.0
8700df4a-8f0e-48a9-b24b-55416394aff9,16,165,1152.0,1152.0,35,10,return,"        return ""xelatex"";",matched,163.6,300,218.79999999999998,320,191.2,310.0
9ae2106a-d09f-4a6b-97e6-9badc2c51504,16,84,1610.0,1610.0,35,13,return,"        return ""xelatex"";",matched,163.6,300,218.79999999999998,320,191.2,310.0
ca18bc06-9772-4df5-bb88-795659d71016,16,26,167.0,167.0,38,21,getDescription,    public String getDescription() {,matched,255.6,360,384.4,380,320.0,370.0
f04528c4-c3c5-400e-a205-de039bb25ca8,16,103,230.0,230.0,38,21,getDescription,    public String getDescription() {,matched,255.6,360,384.4,380,320.0,370.0
0f7383b8-0911-465f-8a83-2a9c116f73ba,16,156,931.0,931.0,38,23,getDescription,    public String getDescription() {,matched,255.6,360,384.4,380,320.0,370.0
b8a885b6-e462-4112-b59e-59a41011629a,16,168,321.0,321.0,38,24,getDescription,    public String getDescription() {,matched,255.6,360,384.4,380,320.0,370.0
0937ed35-9e61-484e-bf94-85ff35841b26,16,179,336.0,336.0,38,24,getDescription,    public String getDescription() {,matched,255.6,360,384.4,380,320.0,370.0
76214116-98c6-4cfc-9264-2139413ab9e0,16,12,550.0,550.0,38,25,getDescription,    public String getDescription() {,matched,255.6,360,384.4,380,320.0,370.0
bb00b98b-f528-4d75-ac78-a9341ce85d31,16,44,513.0,513.0,38,29,getDescription,    public String getDescription() {,matched,255.6,360,384.4,380,320.0,370.0
cc8a8683-15e1-497d-9889-d9ed1bfe49c5,16,161,606.0,606.0,39,9,return,"        return ""XeLatex program"";",matched,163.6,380,218.79999999999998,400,191.2,390.0
3ec2de90-8208-4456-815d-fa9f79c1b38c,16,160,129.0,129.0,39,14,return,"        return ""XeLatex program"";",matched,163.6,380,218.79999999999998,400,191.2,390.0
be6d9338-0f0b-452f-aa36-09fb80918f18,16,163,7391.0,5000.0,39,15,WHITESPACE,"        return ""XeLatex program"";",approx_whitespace,384.4,380,393.59999999999997,400,389.0,390.0
09798a92-f68d-48d6-b513-0d85fdf2a55a,16,185,117.0,117.0,43,11,Enable,     * Enable SyncTeX,matched,154.39999999999998,460,209.6,480,182.0,470.0
b23ad4ab-4b7a-4d24-b0d3-fcb36f7c8c96,16,15,726.0,726.0,43,14,WHITESPACE,     * Enable SyncTeX,approx_whitespace,274.0,460,283.2,480,278.6,470.0
81a08f72-325e-46e2-97f7-1fddc7b0110d,16,13,101.0,101.0,43,17,SyncTeX,     * Enable SyncTeX,matched,218.79999999999998,460,283.2,480,251.0,470.0
c54b7a85-b413-4dd6-9a6e-159c46c2cfc8,16,32,501.0,501.0,43,17,SyncTeX,     * Enable SyncTeX,matched,218.79999999999998,460,283.2,480,251.0,470.0
0351621f-c9e1-4271-b5f9-ac1e6f9348ac,16,97,771.0,771.0,43,17,SyncTeX,     * Enable SyncTeX,matched,218.79999999999998,460,283.2,480,251.0,470.0
857c610e-455b-4817-be87-61dfa0ad6e95,16,43,480.0,480.0,44,2,WHITESPACE,     */,approx_whitespace,145.2,480,154.39999999999998,500,149.79999999999998,490.0
7192a72e-31ac-4b76-aee6-2dd0993e6a9f,16,42,134.0,134.0,45,20,getDefaultArguments,    public String getDefaultArguments() {,matched,255.6,500,430.4,520,343.0,510.0
3cb5f37a-c586-487d-9331-4985376b9862,16,172,157.0,157.0,45,20,getDefaultArguments,    public String getDefaultArguments() {,matched,255.6,500,430.4,520,343.0,510.0
4ed2ebb4-5671-42b7-a511-ce94594a0fb5,16,39,1069.0,1069.0,45,21,getDefaultArguments,    public String getDefaultArguments() {,matched,255.6,500,430.4,520,343.0,510.0
9983a105-1c1d-46cc-8245-9ba754e51df0,16,40,506.0,506.0,45,26,getDefaultArguments,    public String getDefaultArguments() {,matched,255.6,500,430.4,520,343.0,510.0
e569f92e-279e-4b6b-933c-3a563b20acdc,16,115,742.0,742.0,45,26,getDefaultArguments,    public String getDefaultArguments() {,matched,255.6,500,430.4,520,343.0,510.0
4a266325-9dac-441b-89c2-49adf8765627,16,87,104.0,104.0,45,34,getDefaultArguments,    public String getDefaultArguments() {,matched,255.6,500,430.4,520,343.0,510.0
74640433-35ac-4521-91c7-14694187e29f,16,176,783.0,783.0,45,34,getDefaultArguments,    public String getDefaultArguments() {,matched,255.6,500,430.4,520,343.0,510.0
5cec6f9d-2176-45f1-aadc-e431ec580eb6,16,171,428.0,428.0,45,38,(),    public String getDefaultArguments() {,matched,430.4,500,448.79999999999995,520,439.59999999999997,510.0
a5bdcb6c-f1a2-47dd-ac13-608f9162c655,16,41,504.0,504.0,45,42,WHITESPACE,    public String getDefaultArguments() {,approx_whitespace,458.0,500,467.2,520,462.6,510.0
e6bba531-0e84-4f13-a662-f66afa581bf6,16,38,399.0,399.0,46,12,return,"        return ""-synctex=1 ""+super.getDefaultArguments();",matched,163.6,520,218.79999999999998,540,191.2,530.0
a08ac30f-3aab-45a9-861b-7a1a9857ccfc,16,173,118.0,118.0,46,14,return,"        return ""-synctex=1 ""+super.getDefaultArguments();",matched,163.6,520,218.79999999999998,540,191.2,530.0
3be09c23-b07e-40d6-83f5-aacb089d8256,16,86,507.0,507.0,46,20,synctex,"        return ""-synctex=1 ""+super.getDefaultArguments();",matched,246.39999999999998,520,310.79999999999995,540,278.59999999999997,530.0
f99b0863-d6fb-4fb4-99ac-c9268146a3ce,16,36,1689.0,1689.0,46,21,synctex,"        return ""-synctex=1 ""+super.getDefaultArguments();",matched,246.39999999999998,520,310.79999999999995,540,278.59999999999997,530.0
5122f40c-1f33-4249-8da7-a77f307d7fa1,16,57,996.0,996.0,46,21,synctex,"        return ""-synctex=1 ""+super.getDefaultArguments();",matched,246.39999999999998,520,310.79999999999995,540,278.59999999999997,530.0
b83b50a4-995e-470d-8793-778bb3634fae,16,117,130.0,130.0,46,21,synctex,"        return ""-synctex=1 ""+super.getDefaultArguments();",matched,246.39999999999998,520,310.79999999999995,540,278.59999999999997,530.0
42f5abc5-e417-4a58-9d24-d18a1a33255d,16,174,999.0,999.0,46,21,synctex,"        return ""-synctex=1 ""+super.getDefaultArguments();",matched,246.39999999999998,520,310.79999999999995,540,278.59999999999997,530.0
88bbe7a2-aa6c-4ba9-a127-b2a516a27875,16,85,1540.0,1540.0,46,23,synctex,"        return ""-synctex=1 ""+super.getDefaultArguments();",matched,246.39999999999998,520,310.79999999999995,540,278.59999999999997,530.0
5cd8b696-b5b4-4d0f-a0ca-b2c9c1439429,16,37,83.0,83.0,46,30,super,"        return ""-synctex=1 ""+super.getDefaultArguments();",matched,356.79999999999995,520,402.79999999999995,540,379.79999999999995,530.0
03d92c04-bc58-459d-9c6e-9a702ddcc461,16,58,181.0,181.0,46,31,super,"        return ""-synctex=1 ""+super.getDefaultArguments();",matched,356.79999999999995,520,402.79999999999995,540,379.79999999999995,530.0
e28b0a4a-d49c-4dd8-ad89-d4435e71642a,16,99,5801.0,5000.0,46,31,super,"        return ""-synctex=1 ""+super.getDefaultArguments();",matched,356.79999999999995,520,402.79999999999995,540,379.79999999999995,530.0
644dc2fe-0ffa-4892-99df-ff38ca551d86,16,175,356.0,356.0,46,31,super,"        return ""-synctex=1 ""+super.getDefaultArguments();",matched,356.79999999999995,520,402.79999999999995,540,379.79999999999995,530.0
173d5b03-874b-49c4-8f5d-1b9e87f87eb4,16,170,794.0,794.0,46,33,super,"        return ""-synctex=1 ""+super.getDefaultArguments();",matched,356.79999999999995,520,402.79999999999995,540,379.79999999999995,530.0
8351b62b-21ab-4641-a0a3-63490f09b52c,16,100,173.0,173.0,46,34,super,"        return ""-synctex=1 ""+super.getDefaultArguments();",matched,356.79999999999995,520,402.79999999999995,540,379.79999999999995,530.0
40ff602f-2c3d-4f37-852b-752c17c43f13,16,118,122.0,122.0,46,39,getDefaultArguments,"        return ""-synctex=1 ""+super.getDefaultArguments();",matched,412.0,520,586.8,540,499.4,530.0
07f52f72-908a-4223-9370-5d9dc0536000,16,59,155.0,155.0,46,40,getDefaultArguments,"        return ""-synctex=1 ""+super.getDefaultArguments();",matched,412.0,520,586.8,540,499.4,530.0
4440ea03-fa31-419e-801e-0df530a96d87,16,116,347.0,347.0,46,40,getDefaultArguments,"        return ""-synctex=1 ""+super.getDefaultArguments();",matched,412.0,520,586.8,540,499.4,530.0
ef95d207-98ae-44a2-8902-5ab01a156ba5,16,101,113.0,113.0,46,43,getDefaultArguments,"        return ""-synctex=1 ""+super.getDefaultArguments();",matched,412.0,520,586.8,540,499.4,530.0
6a7d8fe7-956f-432c-8e66-c61333b94d1d,16,31,449.0,449.0,46,44,getDefaultArguments,"        return ""-synctex=1 ""+super.getDefaultArguments();",matched,412.0,520,586.8,540,499.4,530.0
310fc612-044c-4853-a5bb-269083e4dd20,16,96,373.0,373.0,50,12,@return,     * @return output file format (pdf),matched,154.39999999999998,600,218.79999999999998,620,186.59999999999997,610.0
3d9481ed-078b-47e9-87cc-4d6337fdca93,16,113,120.0,120.0,50,13,@return,     * @return output file format (pdf),matched,154.39999999999998,600,218.79999999999998,620,186.59999999999997,610.0
61933332-f2d5-4ce7-9cb7-6c0bcd1779a5,16,33,291.0,291.0,50,22,WHITESPACE,     * @return output file format (pdf),approx_whitespace,439.59999999999997,600,448.79999999999995,620,444.19999999999993,610.0
618c3a0b-4e9f-4259-8214-c81db4efb7f8,16,112,111.0,111.0,50,26,file,     * @return output file format (pdf),matched,292.4,600,329.2,620,310.79999999999995,610.0
c74b6f79-0da3-4447-8fb2-f2fd94e1418a,16,114,487.0,487.0,50,31,format,     * @return output file format (pdf),matched,338.4,600,393.59999999999997,620,366.0,610.0
66044c2e-8208-4663-ba00-c324ace5ba8b,16,94,80.0,80.0,52,14,String,    public String getOutputFormat() {,matched,191.2,640,246.39999999999998,660,218.79999999999998,650.0
df7645ce-ca7f-44cf-afaa-f93daaaf82f8,16,108,300.0,300.0,52,16,String,    public String getOutputFormat() {,matched,191.2,640,246.39999999999998,660,218.79999999999998,650.0
3ae3dc81-d916-4949-bfa1-fd12921b2be1,16,88,453.0,453.0,52,20,getOutputFormat,    public String getOutputFormat() {,matched,255.6,640,393.59999999999997,660,324.59999999999997,650.0
b94f113c-e7f0-46ef-bae4-77c12e112ade,16,60,196.0,196.0,52,21,getOutputFormat,    public String getOutputFormat() {,matched,255.6,640,393.59999999999997,660,324.59999999999997,650.0
a582ea14-0980-4855-9454-3c5bb1c713c5,16,177,261.0,261.0,52,26,getOutputFormat,    public String getOutputFormat() {,matched,255.6,640,393.59999999999997,660,324.59999999999997,650.0
a4994a49-ba98-44c1-be06-10ea49abaa07,16,34,106.0,106.0,52,27,getOutputFormat,    public String getOutputFormat() {,matched,255.6,640,393.59999999999997,660,324.59999999999997,650.0
801a57f4-b255-4b36-bce1-0ccb712b7dce,16,95,298.0,298.0,52,28,getOutputFormat,    public String getOutputFormat() {,matched,255.6,640,393.59999999999997,660,324.59999999999997,650.0
86b89715-bf0c-400c-b484-e573ef1b8a63,16,107,91.0,91.0,52,28,getOutputFormat,    public String getOutputFormat() {,matched,255.6,640,393.59999999999997,660,324.59999999999997,650.0
39c2b4f2-42be-439b-8308-e05d466f0efc,16,89,151.0,151.0,52,29,getOutputFormat,    public String getOutputFormat() {,matched,255.6,640,393.59999999999997,660,324.59999999999997,650.0
1984f283-723d-4676-8ae8-6e07922d507a,16,109,370.0,370.0,52,30,getOutputFormat,    public String getOutputFormat() {,matched,255.6,640,393.59999999999997,660,324.59999999999997,650.0
12c46abe-608e-49bf-bd1a-6b10f0c9bfc4,16,178,136.0,136.0,52,38,WHITESPACE,    public String getOutputFormat() {,approx_whitespace,421.2,640,430.4,660,425.79999999999995,650.0
2cfa510c-b447-494a-ad9d-ed8c633dd66d,16,110,388.0,388.0,53,22,TexlipseProperties,        return TexlipseProperties.OUTPUT_FORMAT_PDF;,matched,228.0,660,393.59999999999997,680,310.79999999999995,670.0
f6acbdec-db25-4cd2-8451-2788ef47a51f,16,35,538.0,538.0,53,30,TexlipseProperties,        return TexlipseProperties.OUTPUT_FORMAT_PDF;,matched,228.0,660,393.59999999999997,680,310.79999999999995,670.0
e014c4df-98ff-49cb-9f9c-fc682b44d505,16,111,320.0,320.0,53,41,OUTPUT_FORMAT_PDF;,        return TexlipseProperties.OUTPUT_FORMAT_PDF;,matched,402.79999999999995,660,568.4,680,485.59999999999997,670.0
fb4d2481-b7d7-4963-b52d-2225a22c792b,16,62,323.0,323.0,53,45,OUTPUT_FORMAT_PDF;,        return TexlipseProperties.OUTPUT_FORMAT_PDF;,matched,402.79999999999995,660,568.4,680,485.59999999999997,670.0
8ddf9c98-85e2-44d1-bfc8-7e39df7500a3,17,11,567.0,567.0,21,16,XelatexRunner, public class XelatexRunner extends LatexRunner {,matched,218.79999999999998,20,338.4,40,278.59999999999997,30.0
945c0b8f-5a0d-479f-a72a-2fb29b7e3ea1,17,3,1336.0,1336.0,21,18,XelatexRunner, public class XelatexRunner extends LatexRunner {,matched,218.79999999999998,20,338.4,40,278.59999999999997,30.0
dc1bf620-73a0-41de-9422-08745fb755e2,17,13,2799.0,2799.0,21,18,XelatexRunner, public class XelatexRunner extends LatexRunner {,matched,218.79999999999998,20,338.4,40,278.59999999999997,30.0
747a45a3-99ec-425c-ab05-80977aaaa3a5,17,45,274.0,274.0,21,19,XelatexRunner, public class XelatexRunner extends LatexRunner {,matched,218.79999999999998,20,338.4,40,278.59999999999997,30.0
79a233ea-dd9e-4934-905f-6ae9a39764c6,17,15,258.0,258.0,21,41,LatexRunner, public class XelatexRunner extends LatexRunner {,matched,237.2,20,338.4,40,287.79999999999995,30.0
fa05be87-7190-46ec-9484-5a297bda766f,17,20,762.0,762.0,21,41,LatexRunner, public class XelatexRunner extends LatexRunner {,matched,237.2,20,338.4,40,287.79999999999995,30.0
857a8149-5934-4f49-8c08-e105ea8a8278,17,46,386.0,386.0,21,42,LatexRunner, public class XelatexRunner extends LatexRunner {,matched,421.2,20,522.4,40,471.79999999999995,30.0
4571eeac-3bdf-4418-a335-2f48b0f233bc,17,21,246.0,246.0,24,20,WHITESPACE,     * Create a new ProgramRunner.,approx_whitespace,393.59999999999997,80,402.79999999999995,100,398.19999999999993,90.0
ccc10b98-e499-4a35-98fa-5bacfa8479ee,17,33,168.0,168.0,24,20,WHITESPACE,     * Create a new ProgramRunner.,approx_whitespace,393.59999999999997,80,402.79999999999995,100,398.19999999999993,90.0
76951d9d-aae3-4159-b268-5626ea93330a,17,52,282.0,282.0,26,12,XelatexRunner,    public XelatexRunner() {,matched,191.2,120,310.79999999999995,140,250.99999999999997,130.0
9a31a77b-3ffe-4b2b-a147-c1a539ce4d68,17,48,216.0,216.0,26,14,XelatexRunner,    public XelatexRunner() {,matched,191.2,120,310.79999999999995,140,250.99999999999997,130.0
7f73d055-749c-417c-a424-a76e71e6897a,17,49,5555.0,5000.0,26,14,XelatexRunner,    public XelatexRunner() {,matched,191.2,120,310.79999999999995,140,250.99999999999997,130.0
ce5eecf0-09d8-4e21-9109-ccb208096698,17,36,718.0,718.0,26,15,XelatexRunner,    public XelatexRunner() {,matched,191.2,120,310.79999999999995,140,250.99999999999997,130.0
150244de-6b76-4e09-9924-b413d9e8a0a8,17,2,380.0,380.0,26,17,XelatexRunner,    public XelatexRunner() {,matched,191.2,120,310.79999999999995,140,250.99999999999997,130.0
c36adc76-56e2-4029-9884-47cd0cb7dc2b,17,23,658.0,658.0,26,21,XelatexRunner,    public XelatexRunner() {,matched,191.2,120,310.79999999999995,140,250.99999999999997,130.0
3c11a6f5-d998-4daf-8639-67ea2cc9c7f0,17,42,477.0,477.0,27,13,super,        super();,matched,163.6,140,209.6,160,186.6,150.0
7c2b3a91-1585-441b-bf0d-e495ff4b3fe9,17,43,1146.0,1146.0,27,13,super,        super();,matched,163.6,140,209.6,160,186.6,150.0
fec69ef8-34ec-4f86-ba84-745a73e2db10,17,61,867.0,867.0,27,13,super,        super();,matched,163.6,140,209.6,160,186.6,150.0
11e19eba-5a93-427f-988e-f57689a5bd76,17,35,158.0,158.0,27,14,(),        super();,matched,209.6,140,228.0,160,218.8,150.0
a12db50d-e20c-41bd-81dc-3f418e7921fb,17,62,683.0,683.0,27,15,(),        super();,matched,209.6,140,228.0,160,218.8,150.0
37861058-334a-4cae-b705-c0aea167a343,17,67,160.0,160.0,30,9,protected,    protected String getWindowsProgramName() {,matched,126.8,200,209.6,220,168.2,210.0
34b10ad3-2625-4d3f-a96f-8c892a9ddb3f,17,63,90.0,90.0,30,10,protected,    protected String getWindowsProgramName() {,matched,126.8,200,209.6,220,168.2,210.0
df4ca90e-8231-422d-a7d6-c0329aac6e72,17,17,133.0,133.0,30,11,protected,    protected String getWindowsProgramName() {,matched,126.8,200,209.6,220,168.2,210.0
bd16fac2-0be2-4d57-9979-9bf4ee8584c5,17,64,1114.0,1114.0,30,11,protected,    protected String getWindowsProgramName() {,matched,126.8,200,209.6,220,168.2,210.0
542d46b7-6715-4040-a534-02faf4ac642f,17,65,138.0,138.0,30,19,String,    protected String getWindowsProgramName() {,matched,218.79999999999998,200,274.0,220,246.39999999999998,210.0
00140564-cc24-47be-b9a0-20c28ed590fd,17,44,906.0,906.0,30,23,getWindowsProgramName,    protected String getWindowsProgramName() {,matched,283.2,200,476.4,220,379.79999999999995,210.0
4f5c5d5c-b298-40bd-b2dd-026fad5e08fa,17,70,453.0,453.0,30,27,getWindowsProgramName,    protected String getWindowsProgramName() {,matched,283.2,200,476.4,220,379.79999999999995,210.0
7dd4fade-9793-4085-8a1a-93061f25c963,17,69,306.0,306.0,30,35,getWindowsProgramName,    protected String getWindowsProgramName() {,matched,283.2,200,476.4,220,379.79999999999995,210.0
efd11461-8e71-43d8-a172-3112dffe6b8a,17,22,187.0,187.0,31,12,return,"        return ""xelatex.exe"";",matched,163.6,220,218.79999999999998,240,191.2,230.0
4d96830a-f04c-4394-b34a-3c0e63e193b9,17,51,692.0,692.0,31,30,WHITESPACE,"        return ""xelatex.exe"";",approx_whitespace,347.59999999999997,220,356.79999999999995,240,352.19999999999993,230.0
22b851cd-6093-448d-b6ce-e9d68663f7a0,17,1,96.0,96.0,34,14,WHITESPACE,    protected String getUnixProgramName() {,approx_whitespace,347.59999999999997,280,356.79999999999995,300,352.19999999999993,290.0
323b6d87-7420-4a5d-b45b-10f0dbb2bd70,17,71,1774.0,1774.0,34,21,WHITESPACE,    protected String getUnixProgramName() {,approx_whitespace,476.4,280,485.59999999999997,300,481.0,290.0
719ce883-f52c-441f-9729-3b7d67f8058e,17,40,200.0,200.0,34,24,getUnixProgramName,    protected String getUnixProgramName() {,matched,283.2,280,448.79999999999995,300,366.0,290.0
f1c3fa80-36e9-4d42-9435-ccea8637ea46,17,26,337.0,337.0,34,26,getUnixProgramName,    protected String getUnixProgramName() {,matched,283.2,280,448.79999999999995,300,366.0,290.0
213c6eb2-5b0a-446b-a9b5-0c28d9fb4bae,17,72,172.0,172.0,34,27,getUnixProgramName,    protected String getUnixProgramName() {,matched,283.2,280,448.79999999999995,300,366.0,290.0
b6d32380-17ea-4427-bc89-d17aefe48989,17,32,686.0,686.0,34,30,getUnixProgramName,    protected String getUnixProgramName() {,matched,283.2,280,448.79999999999995,300,366.0,290.0
10e643ed-bf30-4f8a-976d-a9683ca6b619,17,34,124.0,124.0,34,32,getUnixProgramName,    protected String getUnixProgramName() {,matched,283.2,280,448.79999999999995,300,366.0,290.0
26c21924-4f54-4bbd-a491-8df91fcf0ad8,17,24,193.0,193.0,38,18,WHITESPACE,    public String getDescription() {,approx_whitespace,412.0,360,421.2,380,416.6,370.0
8b25f5cc-95f8-4906-b314-4da06ccd0ca6,17,18,455.0,455.0,38,19,getDescription,    public String getDescription() {,matched,255.6,360,384.4,380,320.0,370.0
7311f723-f1dd-43b7-92e7-ed470aa3945f,17,104,1323.0,1323.0,38,23,getDescription,    public String getDescription() {,matched,255.6,360,384.4,380,320.0,370.0
ecb55160-022b-4a1e-a3a8-17f58835a16c,17,19,172.0,172.0,38,31,getDescription,    public String getDescription() {,matched,255.6,360,384.4,380,320.0,370.0
889791ab-d709-44f5-bbf2-f23df5b60f32,17,92,1082.0,1082.0,43,19,SyncTeX,     * Enable SyncTeX,matched,218.79999999999998,460,283.2,480,251.0,470.0
c8eab6e8-bc39-4a3f-8675-7d70d324a40e,17,75,97.0,97.0,45,16,String,    public String getDefaultArguments() {,matched,191.2,500,246.39999999999998,520,218.79999999999998,510.0
69794eb8-36ad-4c16-8dd5-e17467eab215,17,4,1140.0,1140.0,45,19,getDefaultArguments,    public String getDefaultArguments() {,matched,255.6,500,430.4,520,343.0,510.0
c30b7c07-02a9-4168-a80a-04571c9f9064,17,98,181.0,181.0,45,19,getDefaultArguments,    public String getDefaultArguments() {,matched,255.6,500,430.4,520,343.0,510.0
cafaef63-10cc-4ef1-baf8-2e79a22222b4,17,29,243.0,243.0,45,23,getDefaultArguments,    public String getDefaultArguments() {,matched,255.6,500,430.4,520,343.0,510.0
270443d9-d58d-4bb8-8fdf-e7424da29024,17,97,1011.0,1011.0,45,30,getDefaultArguments,    public String getDefaultArguments() {,matched,255.6,500,430.4,520,343.0,510.0
4c3514c5-09ca-4a67-8d9b-58ee2360d627,17,39,797.0,797.0,45,31,getDefaultArguments,    public String getDefaultArguments() {,matched,255.6,500,430.4,520,343.0,510.0
fe03a4d9-d8bf-4707-a1a5-c782be32246c,17,93,277.0,277.0,46,11,return,"        return ""-synctex=1 ""+super.getDefaultArguments();",matched,163.6,520,218.79999999999998,540,191.2,530.0
09756012-b3d1-4943-b869-c97e69ee63ef,17,80,635.0,635.0,46,20,synctex,"        return ""-synctex=1 ""+super.getDefaultArguments();",matched,246.39999999999998,520,310.79999999999995,540,278.59999999999997,530.0
e251ad94-5335-43e5-b402-23335d6f1010,17,28,801.0,801.0,46,27,WHITESPACE,"        return ""-synctex=1 ""+super.getDefaultArguments();",approx_whitespace,605.1999999999999,520,614.4,540,609.8,530.0
81a682af-e4a9-4548-bcb7-023db1c22080,17,77,1793.0,1793.0,46,27,WHITESPACE,"        return ""-synctex=1 ""+super.getDefaultArguments();",approx_whitespace,605.1999999999999,520,614.4,540,609.8,530.0
29c6f32a-068a-4daf-b993-61e85e920fdd,17,94,300.0,300.0,46,29,+,"        return ""-synctex=1 ""+super.getDefaultArguments();",matched,347.59999999999997,520,356.79999999999995,540,352.19999999999993,530.0
30dd2078-f286-4897-b9f4-c4ff9360c5e6,17,6,443.0,443.0,46,30,super,"        return ""-synctex=1 ""+super.getDefaultArguments();",matched,356.79999999999995,520,402.79999999999995,540,379.79999999999995,530.0
07439747-70a6-456d-b0cb-6983b20fd86f,17,8,616.0,616.0,46,31,super,"        return ""-synctex=1 ""+super.getDefaultArguments();",matched,356.79999999999995,520,402.79999999999995,540,379.79999999999995,530.0
58305ac2-bece-49c1-8a8a-6594fa5da9d5,17,76,754.0,754.0,46,31,super,"        return ""-synctex=1 ""+super.getDefaultArguments();",matched,356.79999999999995,520,402.79999999999995,540,379.79999999999995,530.0
fbab907a-e978-4d36-ab21-04975a2ad5b5,17,99,332.0,332.0,46,32,super,"        return ""-synctex=1 ""+super.getDefaultArguments();",matched,356.79999999999995,520,402.79999999999995,540,379.79999999999995,530.0
560b8def-80ea-4790-9987-fd355d2105a2,17,85,282.0,282.0,46,33,super,"        return ""-synctex=1 ""+super.getDefaultArguments();",matched,356.79999999999995,520,402.79999999999995,540,379.79999999999995,530.0
835ec0d1-35de-43fa-9cc4-37903fd1b15d,17,82,724.0,724.0,46,35,.,"        return ""-synctex=1 ""+super.getDefaultArguments();",matched,402.79999999999995,520,412.0,540,407.4,530.0
7811de4d-ff83-4242-ae3c-adfbbb0efbfe,17,5,1338.0,1338.0,46,37,getDefaultArguments,"        return ""-synctex=1 ""+super.getDefaultArguments();",matched,412.0,520,586.8,540,499.4,530.0
64d7ebf0-e861-46af-bf6f-273b9bf2c344,17,79,237.0,237.0,46,40,getDefaultArguments,"        return ""-synctex=1 ""+super.getDefaultArguments();",matched,412.0,520,586.8,540,499.4,530.0
1fadfaf8-476c-4c1b-9336-09b4cf8ec3f1,17,95,310.0,310.0,46,40,getDefaultArguments,"        return ""-synctex=1 ""+super.getDefaultArguments();",matched,412.0,520,586.8,540,499.4,530.0
663f8f97-56e0-44c3-b32c-1808835cf49f,17,83,1469.0,1469.0,46,41,getDefaultArguments,"        return ""-synctex=1 ""+super.getDefaultArguments();",matched,412.0,520,586.8,540,499.4,530.0
d8ec965c-ab05-4a6d-a58e-774dcab1bdc7,17,84,669.0,669.0,46,42,getDefaultArguments,"        return ""-synctex=1 ""+super.getDefaultArguments();",matched,412.0,520,586.8,540,499.4,530.0
bd1693b3-8264-4ff3-8983-aefd624c47af,17,7,619.0,619.0,46,43,getDefaultArguments,"        return ""-synctex=1 ""+super.getDefaultArguments();",matched,412.0,520,586.8,540,499.4,530.0
f4846140-8861-4633-a0a5-b5677d746757,17,96,567.0,567.0,46,47,getDefaultArguments,"        return ""-synctex=1 ""+super.getDefaultArguments();",matched,412.0,520,586.8,540,499.4,530.0
375777e6-08c0-4896-a0e6-5b07d268f53d,17,103,200.0,200.0,50,11,@return,     * @return output file format (pdf),matched,154.39999999999998,600,218.79999999999998,620,186.59999999999997,610.0
5800cf4d-ff59-4480-a0bd-b767883f8345,17,91,248.0,248.0,50,13,@return,     * @return output file format (pdf),matched,154.39999999999998,600,218.79999999999998,620,186.59999999999997,610.0
ce0eef0b-6bb7-46d9-b038-c342e48e1246,17,108,121.0,121.0,50,18,output,     * @return output file format (pdf),matched,228.0,600,283.2,620,255.6,610.0
6e0c4d10-97d5-43f6-b2e2-ed3cf4d62b6f,17,100,18102.0,5000.0,50,26,file,     * @return output file format (pdf),matched,292.4,600,329.2,620,310.79999999999995,610.0
dbabeffd-4963-4f13-b270-ecef5e265c14,17,27,774.0,774.0,50,27,WHITESPACE,     * @return output file format (pdf),approx_whitespace,439.59999999999997,600,448.79999999999995,620,444.19999999999993,610.0
38e9f0b6-508f-40d0-8b16-f0ecfae802e2,17,88,200.0,200.0,50,27,WHITESPACE,     * @return output file format (pdf),approx_whitespace,439.59999999999997,600,448.79999999999995,620,444.19999999999993,610.0
079f73f0-0860-4212-9b79-b4e1b0f15f7c,17,107,617.0,617.0,50,30,format,     * @return output file format (pdf),matched,338.4,600,393.59999999999997,620,366.0,610.0
9a735db3-330e-4de9-bf79-f30f63f318ed,17,10,850.0,850.0,52,9,public,    public String getOutputFormat() {,matched,126.8,640,182.0,660,154.4,650.0
835548e1-0357-4ad5-96c7-ad1ea4b849fe,17,31,196.0,196.0,52,16,String,    public String getOutputFormat() {,matched,191.2,640,246.39999999999998,660,218.79999999999998,650.0
c3da70f5-f603-43ed-8684-ed712b5da6b1,17,81,191.0,191.0,52,20,getOutputFormat,    public String getOutputFormat() {,matched,255.6,640,393.59999999999997,660,324.59999999999997,650.0
cd6358c7-b949-4238-9c29-aadaf62f8c60,17,38,1868.0,1868.0,52,21,getOutputFormat,    public String getOutputFormat() {,matched,255.6,640,393.59999999999997,660,324.59999999999997,650.0
98d395f2-0cc7-42dd-8423-7b9ded8a4a3e,17,87,2673.0,2673.0,52,23,getOutputFormat,    public String getOutputFormat() {,matched,255.6,640,393.59999999999997,660,324.59999999999997,650.0
17fb6209-8bd4-4796-b111-48088edc94ab,17,30,510.0,510.0,52,25,getOutputFormat,    public String getOutputFormat() {,matched,255.6,640,393.59999999999997,660,324.59999999999997,650.0
23ce8ccf-3088-458c-beaf-7af6fe94dc54,17,86,264.0,264.0,52,27,getOutputFormat,    public String getOutputFormat() {,matched,255.6,640,393.59999999999997,660,324.59999999999997,650.0
b072beb8-03d6-452c-98b5-485ac02ffb2f,17,101,325.0,325.0,52,28,getOutputFormat,    public String getOutputFormat() {,matched,255.6,640,393.59999999999997,660,324.59999999999997,650.0
7d5bf79f-f274-4e71-8907-725eff36acae,17,9,292.0,292.0,53,11,return,        return TexlipseProperties.OUTPUT_FORMAT_PDF;,matched,163.6,660,218.79999999999998,680,191.2,670.0
253ce32a-d594-4707-96fa-57906ee76d30,17,90,435.0,435.0,53,21,TexlipseProperties,        return TexlipseProperties.OUTPUT_FORMAT_PDF;,matched,228.0,660,393.59999999999997,680,310.79999999999995,670.0
6f8d43a6-0001-400b-8f3d-c03f85a9f127,17,105,280.0,280.0,53,23,TexlipseProperties,        return TexlipseProperties.OUTPUT_FORMAT_PDF;,matched,228.0,660,393.59999999999997,680,310.79999999999995,670.0
6bd47a4b-57d7-4719-9de8-5f93437a935f,17,102,514.0,514.0,53,25,TexlipseProperties,        return TexlipseProperties.OUTPUT_FORMAT_PDF;,matched,228.0,660,393.59999999999997,680,310.79999999999995,670.0
56ebb308-7355-43c5-8137-fe6ea1595eec,17,78,589.0,589.0,53,26,TexlipseProperties,        return TexlipseProperties.OUTPUT_FORMAT_PDF;,matched,228.0,660,393.59999999999997,680,310.79999999999995,670.0
01397fcd-409f-490a-99e8-e8c9cd31a139,17,89,187.0,187.0,53,29,TexlipseProperties,        return TexlipseProperties.OUTPUT_FORMAT_PDF;,matched,228.0,660,393.59999999999997,680,310.79999999999995,670.0
8cfa7a1f-3c9a-40f2-b85c-56aeec09f413,17,106,123.0,123.0,53,30,TexlipseProperties,        return TexlipseProperties.OUTPUT_FORMAT_PDF;,matched,228.0,660,393.59999999999997,680,310.79999999999995,670.0
8302af6e-d2d8-4c89-ad53-ed572e6f36db,18,77,445.0,445.0,21,5,public, public class XelatexRunner extends LatexRunner {,matched,99.2,20,154.39999999999998,40,126.79999999999998,30.0
63836f1f-e3f4-4d1d-b314-d1eedb06fe1d,18,17,616.0,616.0,21,12,class, public class XelatexRunner extends LatexRunner {,matched,163.6,20,209.6,40,186.6,30.0
aa883df2-598e-49ac-a237-c6a79d868dbf,18,2,144.0,144.0,21,14,WHITESPACE, public class XelatexRunner extends LatexRunner {,approx_whitespace,531.5999999999999,20,540.8,40,536.1999999999999,30.0
28e801e8-94cc-44a4-8ee1-ba51e1500c94,18,80,1178.0,1178.0,21,17,XelatexRunner, public class XelatexRunner extends LatexRunner {,matched,218.79999999999998,20,338.4,40,278.59999999999997,30.0
3b908996-9942-4cc3-b4fd-c36c36b62fc5,18,15,2685.0,2685.0,21,18,XelatexRunner, public class XelatexRunner extends LatexRunner {,matched,218.79999999999998,20,338.4,40,278.59999999999997,30.0
fe0724fd-dd03-4f65-a9c9-91eb57ef9722,18,78,85.0,85.0,21,18,XelatexRunner, public class XelatexRunner extends LatexRunner {,matched,218.79999999999998,20,338.4,40,278.59999999999997,30.0
a3e7cd1e-52af-43ad-b721-bcbc5906e601,18,79,162.0,162.0,21,31,extends, public class XelatexRunner extends LatexRunner {,matched,347.59999999999997,20,412.0,40,379.79999999999995,30.0
4f12d272-41aa-496d-beb1-9580f5e96bbf,18,16,578.0,578.0,21,37,LatexRunner, public class XelatexRunner extends LatexRunner {,matched,237.2,20,338.4,40,287.79999999999995,30.0
cd1d9c8c-38a0-4a79-aae4-61ba8d27d469,18,18,374.0,374.0,21,40,LatexRunner, public class XelatexRunner extends LatexRunner {,matched,237.2,20,338.4,40,287.79999999999995,30.0
ff58b01a-b04a-4c0e-86ff-ab1d452f77e5,18,3,367.0,367.0,21,41,LatexRunner, public class XelatexRunner extends LatexRunner {,matched,421.2,20,522.4,40,471.79999999999995,30.0
248a2e89-d713-4a20-a850-412979853cf2,18,75,123.0,123.0,21,41,LatexRunner, public class XelatexRunner extends LatexRunner {,matched,421.2,20,522.4,40,471.79999999999995,30.0
e9fd380d-86a9-46ff-846c-e077014794bb,18,12,534.0,534.0,24,5,WHITESPACE,     * Create a new ProgramRunner.,approx_whitespace,182.0,80,191.2,100,186.6,90.0
2c72f508-d150-49f1-8de5-300c987c3c07,18,8,1397.0,1397.0,24,16,WHITESPACE,     * Create a new ProgramRunner.,approx_whitespace,393.59999999999997,80,402.79999999999995,100,398.19999999999993,90.0
868c71c8-3349-48b8-a3fc-3006e5e6057b,18,7,140.0,140.0,25,6,*/,     */,matched,136.0,100,154.39999999999998,120,145.2,110.0
3c07118b-7684-4604-b7f1-a51d5e838c6b,18,6,1004.0,1004.0,26,13,XelatexRunner,    public XelatexRunner() {,matched,191.2,120,310.79999999999995,140,250.99999999999997,130.0
55b89a14-a291-47ad-99af-d9ad56f5982d,18,54,118.0,118.0,26,14,XelatexRunner,    public XelatexRunner() {,matched,191.2,120,310.79999999999995,140,250.99999999999997,130.0
1817340c-a066-427a-be10-fa1ad661319a,18,55,140.0,140.0,26,14,XelatexRunner,    public XelatexRunner() {,matched,191.2,120,310.79999999999995,140,250.99999999999997,130.0
dd86f99c-514b-417f-8269-653bd7a82ca3,18,20,864.0,864.0,26,15,XelatexRunner,    public XelatexRunner() {,matched,191.2,120,310.79999999999995,140,250.99999999999997,130.0
b5ed893e-3aad-4dea-bf7a-f9de20acd8a4,18,19,707.0,707.0,26,18,XelatexRunner,    public XelatexRunner() {,matched,191.2,120,310.79999999999995,140,250.99999999999997,130.0
1e740486-fce5-4c79-b5ae-ac171c7a3050,18,76,200.0,200.0,26,20,XelatexRunner,    public XelatexRunner() {,matched,191.2,120,310.79999999999995,140,250.99999999999997,130.0
c28ae7cb-9d01-4e53-a3f4-7aced426d73d,18,31,416.0,416.0,27,11,super,        super();,matched,163.6,140,209.6,160,186.6,150.0
a8828055-4d6b-4601-8359-cab842eaa83e,18,53,862.0,862.0,27,11,super,        super();,matched,163.6,140,209.6,160,186.6,150.0
0cdc126a-4d9a-4e1a-9021-ba04f771a8b2,18,81,304.0,304.0,27,13,super,        super();,matched,163.6,140,209.6,160,186.6,150.0
bfeec0cd-4013-4402-a140-19ac32bbaee3,18,25,774.0,774.0,28,3,WHITESPACE,    },approx_whitespace,126.8,160,136.0,180,131.4,170.0
3fedb27d-762a-4461-862b-906ba3eb83a0,18,22,170.0,170.0,30,6,protected,    protected String getWindowsProgramName() {,matched,126.8,200,209.6,220,168.2,210.0
86e1d841-e997-44ed-bd6f-f4c28fbbe3e4,18,29,224.0,224.0,30,9,protected,    protected String getWindowsProgramName() {,matched,126.8,200,209.6,220,168.2,210.0
0ca016c7-e86b-4423-a605-9183c1fd4f76,18,5,91.0,91.0,30,13,protected,    protected String getWindowsProgramName() {,matched,126.8,200,209.6,220,168.2,210.0
3c9c3a55-c5ac-4055-94ab-3a1f9b71e0df,18,23,113.0,113.0,30,14,WHITESPACE,    protected String getWindowsProgramName() {,approx_whitespace,503.99999999999994,200,513.2,220,508.6,210.0
b2084e90-670d-41be-aaba-dbabf51204f6,18,28,385.0,385.0,30,15,String,    protected String getWindowsProgramName() {,matched,218.79999999999998,200,274.0,220,246.39999999999998,210.0
a276b62e-7bc5-495b-ad9b-e649f43056d3,18,11,114.0,114.0,30,16,String,    protected String getWindowsProgramName() {,matched,218.79999999999998,200,274.0,220,246.39999999999998,210.0
3fb3642b-b43e-4eec-a67f-d2c1850d7160,18,82,1433.0,1433.0,30,23,getWindowsProgramName,    protected String getWindowsProgramName() {,matched,283.2,200,476.4,220,379.79999999999995,210.0
0dc8bbbe-a34b-499a-b04a-df0e5bbb641f,18,30,797.0,797.0,30,26,getWindowsProgramName,    protected String getWindowsProgramName() {,matched,283.2,200,476.4,220,379.79999999999995,210.0
1a38f4ed-d0de-4223-851f-5e88788ab9a7,18,24,234.0,234.0,30,28,getWindowsProgramName,    protected String getWindowsProgramName() {,matched,283.2,200,476.4,220,379.79999999999995,210.0
ef5bfadf-1d47-48be-8a88-f092422ccb12,18,21,110.0,110.0,30,29,getWindowsProgramName,    protected String getWindowsProgramName() {,matched,283.2,200,476.4,220,379.79999999999995,210.0
e90eb018-42eb-4b93-93cc-397297038734,18,27,317.0,317.0,30,29,getWindowsProgramName,    protected String getWindowsProgramName() {,matched,283.2,200,476.4,220,379.79999999999995,210.0
66ff847d-173d-4696-90cb-28330ad0f9d0,18,74,703.0,703.0,31,13,return,"        return ""xelatex.exe"";",matched,163.6,220,218.79999999999998,240,191.2,230.0
85c37292-8d59-4e35-bb3c-16638f945b4f,18,56,114.0,114.0,31,30,WHITESPACE,"        return ""xelatex.exe"";",approx_whitespace,347.59999999999997,220,356.79999999999995,240,352.19999999999993,230.0
62b2b5bc-87ce-406a-8448-cd3e273795c7,18,88,1761.0,1761.0,34,14,WHITESPACE,    protected String getUnixProgramName() {,approx_whitespace,476.4,280,485.59999999999997,300,481.0,290.0
20253b6c-1e60-44f2-b103-792405feb210,18,90,127.0,127.0,34,18,String,    protected String getUnixProgramName() {,matched,218.79999999999998,280,274.0,300,246.39999999999998,290.0
8be9a256-7e02-49b0-a9cc-7b1d77e14f75,18,9,460.0,460.0,34,27,getUnixProgramName,    protected String getUnixProgramName() {,matched,283.2,280,448.79999999999995,300,366.0,290.0
8cd71253-ca47-4cf4-91c9-e9cfd09aafb5,18,10,114.0,114.0,34,36,getUnixProgramName,    protected String getUnixProgramName() {,matched,283.2,280,448.79999999999995,300,366.0,290.0
db22b09f-b904-4b32-944b-ad9ea3dc6f8f,18,4,307.0,307.0,34,39,getUnixProgramName,    protected String getUnixProgramName() {,matched,283.2,280,448.79999999999995,300,366.0,290.0
12a7de0c-5e2f-4ea8-9215-62d721bac1ba,18,85,364.0,364.0,35,9,return,"        return ""xelatex"";",matched,163.6,300,218.79999999999998,320,191.2,310.0
1e1141ae-084f-42a3-b84d-dc3eb4bd60e5,18,61,103.0,103.0,37,5,WHITESPACE,    ,approx_whitespace,117.6,340,126.8,360,122.19999999999999,350.0
fe7328ba-46a2-4567-a5af-aa93ce6dc3c1,18,52,187.0,187.0,38,8,public,    public String getDescription() {,matched,126.8,360,182.0,380,154.4,370.0
694ec647-7844-4a78-ab13-2bda4162daf9,18,58,504.0,504.0,38,17,String,    public String getDescription() {,matched,191.2,360,246.39999999999998,380,218.79999999999998,370.0
93f67138-6864-4b59-ac83-a6f48b82d727,18,51,1028.0,1028.0,38,18,WHITESPACE,    public String getDescription() {,approx_whitespace,412.0,360,421.2,380,416.6,370.0
1f9147bc-b1e4-4ab8-8968-19b8087a5f4c,18,57,468.0,468.0,38,25,getDescription,    public String getDescription() {,matched,255.6,360,384.4,380,320.0,370.0
6334cb39-d872-4f50-8ac8-482a8549eb77,18,59,304.0,304.0,38,29,getDescription,    public String getDescription() {,matched,255.6,360,384.4,380,320.0,370.0
5aa1df06-16a0-4bb0-8a9e-e220ffc44107,18,60,680.0,680.0,39,10,return,"        return ""XeLatex program"";",matched,163.6,380,218.79999999999998,400,191.2,390.0
b7551ac2-196a-4344-9dd0-cb44fd62b193,18,42,789.0,789.0,42,5,/**,    /**,matched,126.8,440,154.39999999999998,460,140.6,450.0
d20d937d-c0a1-4206-8cd5-e589f57ad352,18,35,922.0,922.0,42,8,WHITESPACE,    /**,approx_whitespace,145.2,440,154.39999999999998,460,149.79999999999998,450.0
3ed4fc59-270a-429f-b4f7-0b8b0024c416,18,87,4303.0,4303.0,43,9,Enable,     * Enable SyncTeX,matched,154.39999999999998,460,209.6,480,182.0,470.0
99702636-52c9-4a69-afb2-68e77dbcf083,18,89,1814.0,1814.0,43,12,Enable,     * Enable SyncTeX,matched,154.39999999999998,460,209.6,480,182.0,470.0
ab11aae5-d560-4806-bf75-f6a0df166b1a,18,86,170.0,170.0,43,13,Enable,     * Enable SyncTeX,matched,154.39999999999998,460,209.6,480,182.0,470.0
88e75332-d2f1-4cfe-8fa5-e1b99c223ab9,18,36,391.0,391.0,43,14,WHITESPACE,     * Enable SyncTeX,approx_whitespace,274.0,460,283.2,480,278.6,470.0
62fae197-da52-48f0-bb6c-159ed84ee9f8,18,84,6040.0,5000.0,43,14,WHITESPACE,     * Enable SyncTeX,approx_whitespace,274.0,460,283.2,480,278.6,470.0
1247825a-57a4-4f51-9f65-f71491812f13,18,62,143.0,143.0,43,15,SyncTeX,     * Enable SyncTeX,matched,218.79999999999998,460,283.2,480,251.0,470.0
fb7559cf-1d5a-4c1d-b246-d7c7370eafd3,18,37,169.0,169.0,44,5,WHITESPACE,     */,approx_whitespace,145.2,480,154.39999999999998,500,149.79999999999998,490.0
849033b9-eab7-4488-b438-7e3cea27bc78,18,70,138.0,138.0,45,2,WHITESPACE,    public String getDefaultArguments() {,approx_whitespace,108.4,500,117.6,520,113.0,510.0
3df06ae6-78dc-486d-8759-fb8e05a69a9f,18,49,456.0,456.0,45,10,public,    public String getDefaultArguments() {,matched,126.8,500,182.0,520,154.4,510.0
8e0886e6-ad46-4812-b880-4f0b9d92c13f,18,64,406.0,406.0,45,13,String,    public String getDefaultArguments() {,matched,191.2,500,246.39999999999998,520,218.79999999999998,510.0
0356fc79-aa1d-4e5f-8816-bf5fe75fcae4,18,38,344.0,344.0,45,20,getDefaultArguments,    public String getDefaultArguments() {,matched,255.6,500,430.4,520,343.0,510.0
1ebdc921-8b22-4ecf-8acb-acc6ef339837,18,50,596.0,596.0,45,23,getDefaultArguments,    public String getDefaultArguments() {,matched,255.6,500,430.4,520,343.0,510.0
ef3595c5-733a-4c21-a510-830e782d1670,18,63,491.0,491.0,45,40,WHITESPACE,    public String getDefaultArguments() {,approx_whitespace,458.0,500,467.2,520,462.6,510.0
966e7776-6ae8-4210-834f-24106c6d937e,18,39,932.0,932.0,49,6,/**,    /**,matched,126.8,580,154.39999999999998,600,140.6,590.0
1cd5d3ce-9274-4e7e-abd2-141c03068f94,18,66,1626.0,1626.0,49,8,WHITESPACE,    /**,approx_whitespace,145.2,580,154.39999999999998,600,149.79999999999998,590.0
c9a41e86-04c9-4751-87be-a1b213862308,18,46,120.0,120.0,50,8,@return,     * @return output file format (pdf),matched,154.39999999999998,600,218.79999999999998,620,186.59999999999997,610.0
dbb9455e-3983-4eab-92b3-18df3a5e63c2,18,65,212.0,212.0,50,17,output,     * @return output file format (pdf),matched,228.0,600,283.2,620,255.6,610.0
a04efed5-d96e-4f90-8183-2e68a8f4ba00,18,67,540.0,540.0,50,21,output,     * @return output file format (pdf),matched,228.0,600,283.2,620,255.6,610.0
65f6ff22-21b4-41e8-96b9-bd7203f8b7fb,18,68,195.0,195.0,50,27,WHITESPACE,     * @return output file format (pdf),approx_whitespace,439.59999999999997,600,448.79999999999995,620,444.19999999999993,610.0
a29126ca-8747-4c96-9fb8-96a5b60a7fe3,18,69,360.0,360.0,52,9,public,    public String getOutputFormat() {,matched,126.8,640,182.0,660,154.4,650.0
f2747d4c-d60c-4e55-adb6-672ccd1b8d45,18,45,1215.0,1215.0,52,21,getOutputFormat,    public String getOutputFormat() {,matched,255.6,640,393.59999999999997,660,324.59999999999997,650.0
ea79b951-3bff-45b1-aa20-bfb2bc08231f,18,47,106.0,106.0,53,11,return,        return TexlipseProperties.OUTPUT_FORMAT_PDF;,matched,163.6,660,218.79999999999998,680,191.2,670.0
33386c4d-1086-4a5d-aea3-2941da27f73f,18,71,107.0,107.0,53,12,return,        return TexlipseProperties.OUTPUT_FORMAT_PDF;,matched,163.6,660,218.79999999999998,680,191.2,670.0
c40237b2-fa20-4ce9-be01-75cb5b68fea4,18,48,180.0,180.0,53,18,TexlipseProperties,        return TexlipseProperties.OUTPUT_FORMAT_PDF;,matched,228.0,660,393.59999999999997,680,310.79999999999995,670.0
a3ff9ed4-1ffb-43ed-9916-5d39765d17f5,18,72,92.0,92.0,53,34,.,        return TexlipseProperties.OUTPUT_FORMAT_PDF;,matched,393.59999999999997,660,402.79999999999995,680,398.19999999999993,670.0
76d3f8d1-2396-4d47-aa0e-05d78bc2ff4c,18,44,2186.0,2186.0,53,38,OUTPUT_FORMAT_PDF;,        return TexlipseProperties.OUTPUT_FORMAT_PDF;,matched,402.79999999999995,660,568.4,680,485.59999999999997,670.0
651863d7-7a87-4eff-9d7e-68b902a4e869,18,43,142.0,142.0,55,2,WHITESPACE,},approx_whitespace,99.2,700,108.4,720,103.80000000000001,710.0
78fdadba-3e15-4ccc-82cf-82062acb6d8f,19,37,1769.0,1769.0,21,18,XelatexRunner, public class XelatexRunner extends LatexRunner {,matched,218.79999999999998,20,338.4,40,278.59999999999997,30.0
15a76d36-148c-4402-a87a-af356f494560,19,40,301.0,301.0,21,31,extends, public class XelatexRunner extends LatexRunner {,matched,347.59999999999997,20,412.0,40,379.79999999999995,30.0
02a9421a-e67c-4b1c-ace1-bf5056f72d97,19,43,170.0,170.0,21,32,extends, public class XelatexRunner extends LatexRunner {,matched,347.59999999999997,20,412.0,40,379.79999999999995,30.0
0380f9ec-aa76-488c-bf92-d7997db0800d,19,41,822.0,822.0,21,35,extends, public class XelatexRunner extends LatexRunner {,matched,347.59999999999997,20,412.0,40,379.79999999999995,30.0
cd1291f8-5ef0-438d-808d-dc0eafa594c9,19,42,151.0,151.0,21,40,LatexRunner, public class XelatexRunner extends LatexRunner {,matched,237.2,20,338.4,40,287.79999999999995,30.0
cc7cb919-f941-4212-8018-4cf26d500ce2,19,44,87.0,87.0,21,40,LatexRunner, public class XelatexRunner extends LatexRunner {,matched,237.2,20,338.4,40,287.79999999999995,30.0
042b9cbe-50a9-4846-90b4-a49163087c66,19,15,276.0,276.0,21,41,LatexRunner, public class XelatexRunner extends LatexRunner {,matched,421.2,20,522.4,40,471.79999999999995,30.0
8655ed25-7833-46f8-905c-ae50e026a1f2,19,47,343.0,343.0,24,20,WHITESPACE,     * Create a new ProgramRunner.,approx_whitespace,393.59999999999997,80,402.79999999999995,100,398.19999999999993,90.0
a0f0f7e0-bf86-4644-8294-d481bb7ab5fb,19,14,151.0,151.0,24,22,ProgramRunner.,     * Create a new ProgramRunner.,matched,274.0,80,402.79999999999995,100,338.4,90.0
8e438ca8-43fe-4fa7-ba30-6ae21277fbfb,19,48,240.0,240.0,26,12,XelatexRunner,    public XelatexRunner() {,matched,191.2,120,310.79999999999995,140,250.99999999999997,130.0
23773b15-d028-4e6e-9101-e1176710d4c9,19,49,507.0,507.0,26,24,XelatexRunner,    public XelatexRunner() {,matched,191.2,120,310.79999999999995,140,250.99999999999997,130.0
1484edbf-3f77-479b-8464-9d9b376b430c,19,4,120.0,120.0,27,13,super,        super();,matched,163.6,140,209.6,160,186.6,150.0
08d40d5a-9ad1-4a62-bdc5-b8e41bf53754,19,135,166.0,166.0,27,13,super,        super();,matched,163.6,140,209.6,160,186.6,150.0
320e5e6b-cd6a-4e2e-a92a-0966dcbd7934,19,20,333.0,333.0,27,14,(),        super();,matched,209.6,140,228.0,160,218.8,150.0
3f70e2ca-9fa0-481d-a925-0ce172219fd0,19,13,177.0,177.0,30,13,protected,    protected String getWindowsProgramName() {,matched,126.8,200,209.6,220,168.2,210.0
c943a304-ffe8-4b13-8742-0d7dc91eef56,19,38,708.0,708.0,30,13,protected,    protected String getWindowsProgramName() {,matched,126.8,200,209.6,220,168.2,210.0
bebc3288-100a-44a3-9c23-6a0701bce6df,19,2,2620.0,2620.0,30,18,String,    protected String getWindowsProgramName() {,matched,218.79999999999998,200,274.0,220,246.39999999999998,210.0
91796696-2176-4bd5-a2f4-59389fd6f1a1,19,9,359.0,359.0,30,18,String,    protected String getWindowsProgramName() {,matched,218.79999999999998,200,274.0,220,246.39999999999998,210.0
dd090977-fb35-4ead-92ec-f86a1d4321eb,19,68,142.0,142.0,30,21,WHITESPACE,    protected String getWindowsProgramName() {,approx_whitespace,503.99999999999994,200,513.2,220,508.6,210.0
1cf84fba-7dab-4aa7-ab63-fe2374cf8ad8,19,3,198.0,198.0,31,7,WHITESPACE,"        return ""xelatex.exe"";",approx_whitespace,347.59999999999997,220,356.79999999999995,240,352.19999999999993,230.0
6f1d9b1f-2fb5-4c1b-ae6e-130cce9a367a,19,19,224.0,224.0,31,11,return,"        return ""xelatex.exe"";",matched,163.6,220,218.79999999999998,240,191.2,230.0
f90d36b3-7e53-4233-bf09-eda723371ae9,19,39,4038.0,4038.0,31,11,return,"        return ""xelatex.exe"";",matched,163.6,220,218.79999999999998,240,191.2,230.0
094ce4d2-d414-4dc1-acfe-74abf8d4de6d,19,84,151.0,151.0,31,24,.,"        return ""xelatex.exe"";",matched,301.6,220,310.79999999999995,240,306.2,230.0
72733482-23e4-4db2-b2ff-5083f8a1d4de,19,96,253.0,253.0,34,11,protected,    protected String getUnixProgramName() {,matched,126.8,280,209.6,300,168.2,290.0
7f9dc6ee-c908-49bf-8b32-1b759abd90ae,19,97,318.0,318.0,34,19,String,    protected String getUnixProgramName() {,matched,218.79999999999998,280,274.0,300,246.39999999999998,290.0
605f3186-b3a1-437e-9116-13ab80f440d5,19,45,109.0,109.0,34,20,String,    protected String getUnixProgramName() {,matched,218.79999999999998,280,274.0,300,246.39999999999998,290.0
14852840-59ab-4c20-9370-d1c1afcd9ebf,19,50,198.0,198.0,34,23,getUnixProgramName,    protected String getUnixProgramName() {,matched,283.2,280,448.79999999999995,300,366.0,290.0
699061a5-de8e-4ad3-880b-feea841cb731,19,86,490.0,490.0,34,34,getUnixProgramName,    protected String getUnixProgramName() {,matched,283.2,280,448.79999999999995,300,366.0,290.0
cabf2601-a773-4cbb-86d9-37800076c397,19,132,148.0,148.0,35,10,return,"        return ""xelatex"";",matched,163.6,300,218.79999999999998,320,191.2,310.0
1d145aa6-daf0-434c-b56e-bf10b98ad9c7,19,18,221.0,221.0,35,11,return,"        return ""xelatex"";",matched,163.6,300,218.79999999999998,320,191.2,310.0
951a2dab-7592-4b76-afc8-6b5db8891afb,19,5,312.0,312.0,35,12,return,"        return ""xelatex"";",matched,163.6,300,218.79999999999998,320,191.2,310.0
3ae13c08-719c-4c7e-ba24-94652b6ad9eb,19,21,170.0,170.0,35,14,return,"        return ""xelatex"";",matched,163.6,300,218.79999999999998,320,191.2,310.0
83437b61-6d16-44e7-b6c4-e1319242eac2,19,95,444.0,444.0,38,9,public,    public String getDescription() {,matched,126.8,360,182.0,380,154.4,370.0
ed6a31dd-edc8-4619-9722-f2eaecc0dca6,19,89,880.0,880.0,38,16,String,    public String getDescription() {,matched,191.2,360,246.39999999999998,380,218.79999999999998,370.0
aab882b2-489e-4273-955d-38972c0aba01,19,63,414.0,414.0,38,18,WHITESPACE,    public String getDescription() {,approx_whitespace,246.39999999999998,360,255.6,380,251.0,370.0
b1544080-c8cd-4000-8d93-512cb37a783c,19,17,1358.0,1358.0,38,20,getDescription,    public String getDescription() {,matched,255.6,360,384.4,380,320.0,370.0
44b44c9c-8f18-40a7-aa2e-60c7e080f56f,19,98,303.0,303.0,38,22,getDescription,    public String getDescription() {,matched,255.6,360,384.4,380,320.0,370.0
18ff1394-b657-4298-8af1-36b45768c11d,19,91,198.0,198.0,38,23,getDescription,    public String getDescription() {,matched,255.6,360,384.4,380,320.0,370.0
07efac4f-f2ec-4b96-81ac-777d495d2231,19,136,718.0,718.0,38,23,getDescription,    public String getDescription() {,matched,255.6,360,384.4,380,320.0,370.0
375f9a96-b91c-4a4c-8b84-4907998887dc,19,87,1699.0,1699.0,38,36,{,    public String getDescription() {,matched,412.0,360,421.2,380,416.6,370.0
1dc3b1bb-888c-4ed3-ad98-500bde6bba51,19,93,146.0,146.0,38,37,WHITESPACE,    public String getDescription() {,approx_whitespace,412.0,360,421.2,380,416.6,370.0
2620fadf-27fc-424f-9f56-999ef2634197,19,32,236.0,236.0,39,10,return,"        return ""XeLatex program"";",matched,163.6,380,218.79999999999998,400,191.2,390.0
bb021978-843b-4ca5-8d4b-47b721ee1126,19,131,2837.0,2837.0,39,10,return,"        return ""XeLatex program"";",matched,163.6,380,218.79999999999998,400,191.2,390.0
e6687021-9df1-4b60-97fe-4321310e45b5,19,6,153.0,153.0,42,7,/**,    /**,matched,126.8,440,154.39999999999998,460,140.6,450.0
77bfe251-fdd6-43ab-8726-c0e6a38bb4a3,19,31,564.0,564.0,43,11,Enable,     * Enable SyncTeX,matched,154.39999999999998,460,209.6,480,182.0,470.0
0650e8c4-175d-4bcf-b01e-69f3df07a260,19,138,133.0,133.0,43,12,Enable,     * Enable SyncTeX,matched,154.39999999999998,460,209.6,480,182.0,470.0
605c1afd-bb9a-419b-949d-47b05aa1377b,19,137,1053.0,1053.0,43,21,SyncTeX,     * Enable SyncTeX,matched,218.79999999999998,460,283.2,480,251.0,470.0
4fe364e6-0127-4e09-8217-53845d25b9fa,19,115,778.0,778.0,45,10,public,    public String getDefaultArguments() {,matched,126.8,500,182.0,520,154.4,510.0
b4ff6235-8fbd-49d3-887e-bc188dbad086,19,26,2307.0,2307.0,45,13,String,    public String getDefaultArguments() {,matched,191.2,500,246.39999999999998,520,218.79999999999998,510.0
b9777df7-1944-446a-98be-1165c1b27979,19,100,2702.0,2702.0,45,23,getDefaultArguments,    public String getDefaultArguments() {,matched,255.6,500,430.4,520,343.0,510.0
ec9085b3-60d6-439b-a5ad-8dd5bac5cf03,19,80,109.0,109.0,45,27,getDefaultArguments,    public String getDefaultArguments() {,matched,255.6,500,430.4,520,343.0,510.0
feb23fb1-ed85-4f97-b81c-ea47514d25af,19,139,128.0,128.0,45,33,getDefaultArguments,    public String getDefaultArguments() {,matched,255.6,500,430.4,520,343.0,510.0
4e3a335f-0dcb-4227-a073-e6763738927f,19,141,267.0,267.0,45,39,(),    public String getDefaultArguments() {,matched,430.4,500,448.79999999999995,520,439.59999999999997,510.0
29ff4f29-daa7-4998-acec-9e12d31667e6,19,103,246.0,246.0,46,8,WHITESPACE,"        return ""-synctex=1 ""+super.getDefaultArguments();",approx_whitespace,366.0,520,375.2,540,370.6,530.0
65bdb571-8b19-4f5f-9993-575d03701a40,19,54,291.0,291.0,46,9,return,"        return ""-synctex=1 ""+super.getDefaultArguments();",matched,163.6,520,218.79999999999998,540,191.2,530.0
d2ec81ea-a325-47c7-a45a-bae358f3ca78,19,69,302.0,302.0,46,9,return,"        return ""-synctex=1 ""+super.getDefaultArguments();",matched,163.6,520,218.79999999999998,540,191.2,530.0
8c56e12e-e1fd-4091-a09b-eb32ca5142b2,19,125,336.0,336.0,46,12,return,"        return ""-synctex=1 ""+super.getDefaultArguments();",matched,163.6,520,218.79999999999998,540,191.2,530.0
ffdc90e6-2d04-4760-b29f-3a74e8488ff5,19,145,2994.0,2994.0,46,14,return,"        return ""-synctex=1 ""+super.getDefaultArguments();",matched,163.6,520,218.79999999999998,540,191.2,530.0
fc6b1935-c41d-4c4c-bc29-589f379c9172,19,102,274.0,274.0,46,15,WHITESPACE,"        return ""-synctex=1 ""+super.getDefaultArguments();",approx_whitespace,605.1999999999999,520,614.4,540,609.8,530.0
7572060c-dc07-43e3-85cf-020e8c288c75,19,104,521.0,521.0,46,15,WHITESPACE,"        return ""-synctex=1 ""+super.getDefaultArguments();",approx_whitespace,605.1999999999999,520,614.4,540,609.8,530.0
b7186d2b-bff9-4804-b0b5-8765eaae545b,19,22,1059.0,1059.0,46,17,-,"        return ""-synctex=1 ""+super.getDefaultArguments();",matched,237.2,520,246.39999999999998,540,241.79999999999998,530.0
a42bd4ce-28d2-44f9-92ab-94c98a5cc7e0,19,77,421.0,421.0,46,17,-,"        return ""-synctex=1 ""+super.getDefaultArguments();",matched,237.2,520,246.39999999999998,540,241.79999999999998,530.0
c29f9dfc-168e-4153-a1f1-b3f549316745,19,27,174.0,174.0,46,23,synctex,"        return ""-synctex=1 ""+super.getDefaultArguments();",matched,246.39999999999998,520,310.79999999999995,540,278.59999999999997,530.0
d3407818-5bb3-4274-8faf-e587897dad27,19,78,1796.0,1796.0,46,23,synctex,"        return ""-synctex=1 ""+super.getDefaultArguments();",matched,246.39999999999998,520,310.79999999999995,540,278.59999999999997,530.0
f1682162-75e8-4544-b94e-c273fa133df8,19,105,989.0,989.0,46,23,synctex,"        return ""-synctex=1 ""+super.getDefaultArguments();",matched,246.39999999999998,520,310.79999999999995,540,278.59999999999997,530.0
f5ee965d-cad4-4074-95db-4750f8bfb146,19,101,1229.0,1229.0,46,31,super,"        return ""-synctex=1 ""+super.getDefaultArguments();",matched,356.79999999999995,520,402.79999999999995,540,379.79999999999995,530.0
728fcd1c-4d1d-472a-8977-c174c3c2c55a,19,79,390.0,390.0,46,33,super,"        return ""-synctex=1 ""+super.getDefaultArguments();",matched,356.79999999999995,520,402.79999999999995,540,379.79999999999995,530.0
9a6ebba0-7e4f-4602-86e5-2681d63d7847,19,99,184.0,184.0,46,45,getDefaultArguments,"        return ""-synctex=1 ""+super.getDefaultArguments();",matched,412.0,520,586.8,540,499.4,530.0
0b325d4b-24b0-4563-bc71-93509206c828,19,140,154.0,154.0,46,46,getDefaultArguments,"        return ""-synctex=1 ""+super.getDefaultArguments();",matched,412.0,520,586.8,540,499.4,530.0
309dd45b-9c68-44f5-8639-8ea928fbf00a,19,142,400.0,400.0,46,53,getDefaultArguments,"        return ""-synctex=1 ""+super.getDefaultArguments();",matched,412.0,520,586.8,540,499.4,530.0
125dab56-d9e5-475a-b3d3-f25280f47968,19,73,424.0,424.0,50,9,@return,     * @return output file format (pdf),matched,154.39999999999998,600,218.79999999999998,620,186.59999999999997,610.0
d0702acb-c351-4979-b0aa-bc72f37324ab,19,76,240.0,240.0,50,11,@return,     * @return output file format (pdf),matched,154.39999999999998,600,218.79999999999998,620,186.59999999999997,610.0
9f001500-b954-4b13-9f19-f01d640ffaa6,19,70,332.0,332.0,50,12,@return,     * @return output file format (pdf),matched,154.39999999999998,600,218.79999999999998,620,186.59999999999997,610.0
1899a0f4-ae68-4976-98c8-f592adb093be,19,117,1173.0,1173.0,50,12,@return,     * @return output file format (pdf),matched,154.39999999999998,600,218.79999999999998,620,186.59999999999997,610.0
f284995d-63c1-43fd-99db-a2ac76ae4853,19,120,712.0,712.0,50,13,@return,     * @return output file format (pdf),matched,154.39999999999998,600,218.79999999999998,620,186.59999999999997,610.0
6b8718bb-120b-473a-83d7-0f91d5ca0d85,19,74,267.0,267.0,50,18,output,     * @return output file format (pdf),matched,228.0,600,283.2,620,255.6,610.0
450004e5-42b1-4468-8fc8-6155efe4794f,19,129,86.0,86.0,50,20,output,     * @return output file format (pdf),matched,228.0,600,283.2,620,255.6,610.0
afeed448-0b13-46de-89bc-68792529911d,19,75,208.0,208.0,50,21,output,     * @return output file format (pdf),matched,228.0,600,283.2,620,255.6,610.0
65518f21-c017-46aa-bdd7-d4372f06d261,19,52,623.0,623.0,50,23,file,     * @return output file format (pdf),matched,292.4,600,329.2,620,310.79999999999995,610.0
e36cf25c-8f7c-44b8-8f45-fc72ac337285,19,109,1046.0,1046.0,52,9,public,    public String getOutputFormat() {,matched,126.8,640,182.0,660,154.4,650.0
5c9a23b1-799c-49f1-bb0b-2eb39d84d611,19,116,216.0,216.0,52,9,public,    public String getOutputFormat() {,matched,126.8,640,182.0,660,154.4,650.0
b0797156-36ff-4457-b58a-a4140241b1a3,19,124,266.0,266.0,52,9,public,    public String getOutputFormat() {,matched,126.8,640,182.0,660,154.4,650.0
391f055c-e760-47de-af15-bd3111419b6b,19,7,484.0,484.0,52,11,WHITESPACE,    public String getOutputFormat() {,approx_whitespace,191.2,640,200.39999999999998,660,195.79999999999998,650.0
82e3d26f-4758-4e4c-9a44-6ea62e71eeaa,19,82,2228.0,2228.0,52,11,WHITESPACE,    public String getOutputFormat() {,approx_whitespace,191.2,640,200.39999999999998,660,195.79999999999998,650.0
329bbad6-3747-48b6-a3cf-438ed8386777,19,71,570.0,570.0,52,12,String,    public String getOutputFormat() {,matched,191.2,640,246.39999999999998,660,218.79999999999998,650.0
6e71dce5-0a15-4d69-a94d-7735eedabb07,19,107,313.0,313.0,52,12,String,    public String getOutputFormat() {,matched,191.2,640,246.39999999999998,660,218.79999999999998,650.0
d6c641a7-1fa9-4035-97ca-12e44c9644c4,19,114,850.0,850.0,52,12,String,    public String getOutputFormat() {,matched,191.2,640,246.39999999999998,660,218.79999999999998,650.0
bca7e1fc-c592-43b9-af37-eda1deec26ed,19,8,365.0,365.0,52,18,WHITESPACE,    public String getOutputFormat() {,approx_whitespace,255.6,640,264.79999999999995,660,260.2,650.0
2f8a73f8-a3dc-4b4e-b831-bc2df6b64ca1,19,56,348.0,348.0,52,20,getOutputFormat,    public String getOutputFormat() {,matched,255.6,640,393.59999999999997,660,324.59999999999997,650.0
4d872e73-90ca-4d25-8dac-40b0b22767de,19,83,106.0,106.0,52,20,getOutputFormat,    public String getOutputFormat() {,matched,255.6,640,393.59999999999997,660,324.59999999999997,650.0
0e7efa4d-614d-4be4-9e58-9e71ecc178aa,19,108,889.0,889.0,52,22,getOutputFormat,    public String getOutputFormat() {,matched,255.6,640,393.59999999999997,660,324.59999999999997,650.0
bc80aea9-4bb9-41ef-85e0-4adcf9436c5c,19,28,3490.0,3490.0,52,23,getOutputFormat,    public String getOutputFormat() {,matched,255.6,640,393.59999999999997,660,324.59999999999997,650.0
86cadd3c-82e8-4e6f-8499-752e207fa5a4,19,34,587.0,587.0,52,25,getOutputFormat,    public String getOutputFormat() {,matched,255.6,640,393.59999999999997,660,324.59999999999997,650.0
eb400592-ed2c-43a4-8250-e527443da546,19,126,1649.0,1649.0,52,25,getOutputFormat,    public String getOutputFormat() {,matched,255.6,640,393.59999999999997,660,324.59999999999997,650.0
e693aa25-a82b-49f1-b2f0-4653ca747013,19,119,295.0,295.0,52,29,getOutputFormat,    public String getOutputFormat() {,matched,255.6,640,393.59999999999997,660,324.59999999999997,650.0
10833ac8-7ad8-4857-9eec-a24414c024ff,19,130,236.0,236.0,52,29,getOutputFormat,    public String getOutputFormat() {,matched,255.6,640,393.59999999999997,660,324.59999999999997,650.0
dc309dba-330a-4af1-95ce-1263e38bd414,19,123,545.0,545.0,52,30,getOutputFormat,    public String getOutputFormat() {,matched,255.6,640,393.59999999999997,660,324.59999999999997,650.0
c8cf1a41-fecb-43bc-9b88-64c16afcea08,19,53,207.0,207.0,52,34,(),    public String getOutputFormat() {,matched,393.59999999999997,640,412.0,660,402.79999999999995,650.0
027ce4d2-8aed-48e8-8da0-f0fce778f391,19,57,3635.0,3635.0,52,36,WHITESPACE,    public String getOutputFormat() {,approx_whitespace,421.2,640,430.4,660,425.79999999999995,650.0
56c905de-8c8b-4e4c-b5ea-bc740cbbed1c,19,58,996.0,996.0,53,8,WHITESPACE,        return TexlipseProperties.OUTPUT_FORMAT_PDF;,approx_whitespace,559.2,660,568.4,680,563.8,670.0
9050f47e-0ba5-4267-9c52-8a44a0640161,19,62,224.0,224.0,53,10,return,        return TexlipseProperties.OUTPUT_FORMAT_PDF;,matched,163.6,660,218.79999999999998,680,191.2,670.0
acac8498-e64a-4d6e-afec-5471794c9fe8,19,30,387.0,387.0,53,12,return,        return TexlipseProperties.OUTPUT_FORMAT_PDF;,matched,163.6,660,218.79999999999998,680,191.2,670.0
b997da09-af8e-487d-9714-5430426c2ef9,19,143,1562.0,1562.0,53,12,return,        return TexlipseProperties.OUTPUT_FORMAT_PDF;,matched,163.6,660,218.79999999999998,680,191.2,670.0
53c0d9df-e88a-4ee8-bcf1-232d07dc3ae2,19,55,497.0,497.0,53,13,return,        return TexlipseProperties.OUTPUT_FORMAT_PDF;,matched,163.6,660,218.79999999999998,680,191.2,670.0
a6390907-b706-4198-bd38-21a5eb6303a7,19,122,425.0,425.0,53,14,return,        return TexlipseProperties.OUTPUT_FORMAT_PDF;,matched,163.6,660,218.79999999999998,680,191.2,670.0
51d62b77-8b3a-4413-9a53-4aa207586021,19,59,150.0,150.0,53,17,TexlipseProperties,        return TexlipseProperties.OUTPUT_FORMAT_PDF;,matched,228.0,660,393.59999999999997,680,310.79999999999995,670.0
6098b351-15b7-4d3f-ab3e-5c3138a338ac,19,144,314.0,314.0,53,21,TexlipseProperties,        return TexlipseProperties.OUTPUT_FORMAT_PDF;,matched,228.0,660,393.59999999999997,680,310.79999999999995,670.0
3baf9524-9235-4c5f-9215-c1d11a5ec6cd,19,60,579.0,579.0,53,22,TexlipseProperties,        return TexlipseProperties.OUTPUT_FORMAT_PDF;,matched,228.0,660,393.59999999999997,680,310.79999999999995,670.0
e2871582-6f56-46f7-85b4-ffb70064eaaf,19,110,607.0,607.0,53,23,TexlipseProperties,        return TexlipseProperties.OUTPUT_FORMAT_PDF;,matched,228.0,660,393.59999999999997,680,310.79999999999995,670.0
4525f8e7-91cb-4d5e-8102-a82a43d3fc6b,19,146,332.0,332.0,53,23,TexlipseProperties,        return TexlipseProperties.OUTPUT_FORMAT_PDF;,matched,228.0,660,393.59999999999997,680,310.79999999999995,670.0
6027a8f6-2cbd-4c74-b21d-51c426f5a14a,19,106,333.0,333.0,53,28,TexlipseProperties,        return TexlipseProperties.OUTPUT_FORMAT_PDF;,matched,228.0,660,393.59999999999997,680,310.79999999999995,670.0
f9e87682-47ba-4cff-b8f7-d3c86d666d87,19,72,805.0,805.0,53,29,TexlipseProperties,        return TexlipseProperties.OUTPUT_FORMAT_PDF;,matched,228.0,660,393.59999999999997,680,310.79999999999995,670.0
21f76bb1-7060-40e8-96b5-e1c568d5713c,19,29,266.0,266.0,53,30,TexlipseProperties,        return TexlipseProperties.OUTPUT_FORMAT_PDF;,matched,228.0,660,393.59999999999997,680,310.79999999999995,670.0
25cccfae-e39f-469d-a5ff-1a95fa754a9c,19,61,286.0,286.0,53,30,TexlipseProperties,        return TexlipseProperties.OUTPUT_FORMAT_PDF;,matched,228.0,660,393.59999999999997,680,310.79999999999995,670.0
0684231d-08e7-48f1-84d9-3e15f0cc9cb3,19,111,280.0,280.0,53,30,TexlipseProperties,        return TexlipseProperties.OUTPUT_FORMAT_PDF;,matched,228.0,660,393.59999999999997,680,310.79999999999995,670.0
8092650d-1daf-42fb-9679-a0b059cf66de,19,118,183.0,183.0,53,37,OUTPUT_FORMAT_PDF;,        return TexlipseProperties.OUTPUT_FORMAT_PDF;,matched,402.79999999999995,660,568.4,680,485.59999999999997,670.0
dee2116a-35b1-4b34-83ce-4740919eb71a,19,112,328.0,328.0,53,41,OUTPUT_FORMAT_PDF;,        return TexlipseProperties.OUTPUT_FORMAT_PDF;,matched,402.79999999999995,660,568.4,680,485.59999999999997,670.0
753e0392-472e-4ab3-afd0-b85acadeb73e,19,128,823.0,823.0,53,41,OUTPUT_FORMAT_PDF;,        return TexlipseProperties.OUTPUT_FORMAT_PDF;,matched,402.79999999999995,660,568.4,680,485.59999999999997,670.0
f54bb5ed-ce68-4b37-a76f-e9aa0350ff30,20,2,238.0,238.0,21,8,WHITESPACE, public class XelatexRunner extends LatexRunner {,approx_whitespace,531.5999999999999,20,540.8,40,536.1999999999999,30.0
3e8ba226-4a06-46f1-a957-c35f9c21a979,20,6,253.0,253.0,21,21,XelatexRunner, public class XelatexRunner extends LatexRunner {,matched,218.79999999999998,20,338.4,40,278.59999999999997,30.0
0b705930-08e6-4ad7-a0fe-ffcffaad2ae6,20,40,359.0,359.0,21,21,XelatexRunner, public class XelatexRunner extends LatexRunner {,matched,218.79999999999998,20,338.4,40,278.59999999999997,30.0
e36e9454-6df2-49fd-90c7-0dcf97742a6a,20,10,255.0,255.0,21,26,XelatexRunner, public class XelatexRunner extends LatexRunner {,matched,218.79999999999998,20,338.4,40,278.59999999999997,30.0
49ac44b3-d096-4802-a360-6fcd1f0e3b6d,20,17,142.0,142.0,21,39,LatexRunner, public class XelatexRunner extends LatexRunner {,matched,237.2,20,338.4,40,287.79999999999995,30.0
931d8fbe-95c4-4172-8f7d-564aec6ba4a8,20,85,259.0,259.0,21,40,LatexRunner, public class XelatexRunner extends LatexRunner {,matched,237.2,20,338.4,40,287.79999999999995,30.0
6cee47c8-da7e-4df5-b516-e6ed58929e72,20,87,2091.0,2091.0,21,42,LatexRunner, public class XelatexRunner extends LatexRunner {,matched,421.2,20,522.4,40,471.79999999999995,30.0
2d54a2fe-a588-43e1-ad72-4650afe4adc1,20,9,428.0,428.0,24,9,Create,     * Create a new ProgramRunner.,matched,154.39999999999998,80,209.6,100,182.0,90.0
8f978086-ef8e-4a68-9adb-b49fc4215ee4,20,33,209.0,209.0,24,9,Create,     * Create a new ProgramRunner.,matched,154.39999999999998,80,209.6,100,182.0,90.0
837f4528-5c49-43b4-a1e7-db38f0791d4e,20,8,235.0,235.0,24,15,a,     * Create a new ProgramRunner.,matched,182.0,80,191.2,100,186.6,90.0
fbb7f2b2-cc68-4d60-9889-c3f9fe281997,20,84,398.0,398.0,24,16,WHITESPACE,     * Create a new ProgramRunner.,approx_whitespace,393.59999999999997,80,402.79999999999995,100,398.19999999999993,90.0
9df10ae9-b1ee-405d-a650-ce617b1fe323,20,34,357.0,357.0,24,17,new,     * Create a new ProgramRunner.,matched,237.2,80,264.79999999999995,100,250.99999999999997,90.0
34cd13d0-ead7-447b-b8dd-fceb5d031a34,20,35,843.0,843.0,24,28,ProgramRunner.,     * Create a new ProgramRunner.,matched,274.0,80,402.79999999999995,100,338.4,90.0
0a042190-ef6d-4d42-bf1e-d758d8f23d72,20,1,258.0,258.0,26,11,WHITESPACE,    public XelatexRunner() {,approx_whitespace,338.4,120,347.59999999999997,140,343.0,130.0
eac40a6b-5d86-465a-84c2-4baf73e7c0d0,20,18,980.0,980.0,26,13,XelatexRunner,    public XelatexRunner() {,matched,191.2,120,310.79999999999995,140,250.99999999999997,130.0
224a5ca2-f461-4c44-9688-3683b9b82fe8,20,32,1143.0,1143.0,26,13,XelatexRunner,    public XelatexRunner() {,matched,191.2,120,310.79999999999995,140,250.99999999999997,130.0
ea4e1c80-0395-4fb4-98f9-e21e2d6bd90e,20,36,1753.0,1753.0,26,14,XelatexRunner,    public XelatexRunner() {,matched,191.2,120,310.79999999999995,140,250.99999999999997,130.0
6a8b0254-1d51-40b9-9a5f-43e8260641f0,20,13,130.0,130.0,26,18,XelatexRunner,    public XelatexRunner() {,matched,191.2,120,310.79999999999995,140,250.99999999999997,130.0
baf6ca2a-783d-4969-95a6-e5b90697b93e,20,88,620.0,620.0,26,20,XelatexRunner,    public XelatexRunner() {,matched,191.2,120,310.79999999999995,140,250.99999999999997,130.0
f656f074-9caf-45f2-885b-5fcf1fe02c6d,20,11,139.0,139.0,26,23,XelatexRunner,    public XelatexRunner() {,matched,191.2,120,310.79999999999995,140,250.99999999999997,130.0
d4f91378-f2fc-4538-9f6b-abd7df537a7f,20,38,322.0,322.0,27,13,super,        super();,matched,163.6,140,209.6,160,186.6,150.0
6ba67a5a-958d-414b-9491-586e008f883f,20,30,146.0,146.0,27,15,(),        super();,matched,209.6,140,228.0,160,218.8,150.0
54ed0f22-042b-44d8-b158-b06c8d3ccbc9,20,25,361.0,361.0,30,13,protected,    protected String getWindowsProgramName() {,matched,126.8,200,209.6,220,168.2,210.0
fce2a946-964e-4a5a-a67d-72a419978563,20,21,600.0,600.0,30,17,String,    protected String getWindowsProgramName() {,matched,218.79999999999998,200,274.0,220,246.39999999999998,210.0
36b7cc4d-626a-480b-adec-d1bc5819a1ad,20,37,175.0,175.0,30,22,getWindowsProgramName,    protected String getWindowsProgramName() {,matched,283.2,200,476.4,220,379.79999999999995,210.0
eb1e469d-ac73-4543-929c-8fdf6ca1d5e2,20,29,301.0,301.0,30,24,getWindowsProgramName,    protected String getWindowsProgramName() {,matched,283.2,200,476.4,220,379.79999999999995,210.0
bafb9155-3ef9-4ada-8372-6a024bb9f149,20,22,530.0,530.0,30,25,getWindowsProgramName,    protected String getWindowsProgramName() {,matched,283.2,200,476.4,220,379.79999999999995,210.0
12880700-637f-4b87-befc-87d7a6fdbfbe,20,24,480.0,480.0,30,29,getWindowsProgramName,    protected String getWindowsProgramName() {,matched,283.2,200,476.4,220,379.79999999999995,210.0
a77e6564-f868-451d-a205-46a22c3f57dc,20,93,150.0,150.0,30,30,getWindowsProgramName,    protected String getWindowsProgramName() {,matched,283.2,200,476.4,220,379.79999999999995,210.0
8bf4c232-284e-4819-9d84-ccd0c31de17d,20,151,515.0,515.0,30,32,getWindowsProgramName,    protected String getWindowsProgramName() {,matched,283.2,200,476.4,220,379.79999999999995,210.0
2070f902-dac1-4f86-a3ef-65d5fb2505c7,20,23,286.0,286.0,30,34,getWindowsProgramName,    protected String getWindowsProgramName() {,matched,283.2,200,476.4,220,379.79999999999995,210.0
c7d2f275-3612-4007-bbe1-29cb2e0131c0,20,124,176.0,176.0,30,44,(),    protected String getWindowsProgramName() {,matched,476.4,200,494.79999999999995,220,485.59999999999997,210.0
c709120c-552d-460e-a945-5b6f800ac3e5,20,133,109.0,109.0,31,9,return,"        return ""xelatex.exe"";",matched,163.6,220,218.79999999999998,240,191.2,230.0
8f8de31b-a6c4-4d70-9c18-462132587aac,20,92,245.0,245.0,31,10,return,"        return ""xelatex.exe"";",matched,163.6,220,218.79999999999998,240,191.2,230.0
ffe4c86b-a2f9-41ac-bb36-230c4ef88098,20,20,433.0,433.0,31,11,return,"        return ""xelatex.exe"";",matched,163.6,220,218.79999999999998,240,191.2,230.0
9f60c90b-d9b5-415e-96d0-edbf8147b5fd,20,132,169.0,169.0,31,13,return,"        return ""xelatex.exe"";",matched,163.6,220,218.79999999999998,240,191.2,230.0
f04a5cd8-87c2-48db-978e-696528d987ca,20,43,188.0,188.0,31,24,.,"        return ""xelatex.exe"";",matched,301.6,220,310.79999999999995,240,306.2,230.0
89bb38ab-efb4-43a6-a18a-cdeefb6d90b2,20,96,1410.0,1410.0,34,19,String,    protected String getUnixProgramName() {,matched,218.79999999999998,280,274.0,300,246.39999999999998,290.0
f4d248f0-65fb-412d-9abc-9a11498a9a06,20,106,267.0,267.0,34,19,String,    protected String getUnixProgramName() {,matched,218.79999999999998,280,274.0,300,246.39999999999998,290.0
6c542c7d-a5c7-4348-9577-f689fa429f87,20,161,784.0,784.0,34,21,WHITESPACE,    protected String getUnixProgramName() {,approx_whitespace,476.4,280,485.59999999999997,300,481.0,290.0
088520e9-c438-4424-aced-9886b2b33242,20,123,814.0,814.0,34,22,getUnixProgramName,    protected String getUnixProgramName() {,matched,283.2,280,448.79999999999995,300,366.0,290.0
8c77fa0d-5003-4796-8e1a-10cba7e47f2e,20,134,127.0,127.0,34,22,getUnixProgramName,    protected String getUnixProgramName() {,matched,283.2,280,448.79999999999995,300,366.0,290.0
d608640c-681f-4737-a946-68ce2f0709c6,20,12,103.0,103.0,34,26,getUnixProgramName,    protected String getUnixProgramName() {,matched,283.2,280,448.79999999999995,300,366.0,290.0
cd740988-a22e-4645-88c2-1de47dc1e0d5,20,42,645.0,645.0,34,28,getUnixProgramName,    protected String getUnixProgramName() {,matched,283.2,280,448.79999999999995,300,366.0,290.0
7d876c7e-abb8-46a6-b01e-c98a5595281d,20,26,1458.0,1458.0,34,29,getUnixProgramName,    protected String getUnixProgramName() {,matched,283.2,280,448.79999999999995,300,366.0,290.0
9c541de7-4e66-4f4c-ab04-a716dae8659e,20,97,135.0,135.0,34,30,getUnixProgramName,    protected String getUnixProgramName() {,matched,283.2,280,448.79999999999995,300,366.0,290.0
154af8ce-eeb7-4e6d-9add-408dd151cc53,20,27,115.0,115.0,34,32,getUnixProgramName,    protected String getUnixProgramName() {,matched,283.2,280,448.79999999999995,300,366.0,290.0
d3833486-57c0-4828-b394-bdd984256501,20,104,804.0,804.0,35,12,return,"        return ""xelatex"";",matched,163.6,300,218.79999999999998,320,191.2,310.0
84bc7713-a834-4f4b-b691-f257bc31742b,20,41,1028.0,1028.0,35,14,return,"        return ""xelatex"";",matched,163.6,300,218.79999999999998,320,191.2,310.0
072b334a-f229-4da2-b5a6-d1007d949bb9,20,31,725.0,725.0,35,15,WHITESPACE,"        return ""xelatex"";",approx_whitespace,310.79999999999995,300,320.0,320,315.4,310.0
2173b89c-2a80-4c06-bd04-203a8b8aef9b,20,128,933.0,933.0,38,12,String,    public String getDescription() {,matched,191.2,360,246.39999999999998,380,218.79999999999998,370.0
703c1273-4d9e-4782-b645-3b7e6ccb574e,20,138,897.0,897.0,38,12,String,    public String getDescription() {,matched,191.2,360,246.39999999999998,380,218.79999999999998,370.0
c25346ac-76f9-4e1e-b4f1-a0144871b8b8,20,141,197.0,197.0,38,12,String,    public String getDescription() {,matched,191.2,360,246.39999999999998,380,218.79999999999998,370.0
a8aed378-52eb-42f0-8f8a-dfbb92fd8964,20,135,314.0,314.0,38,13,String,    public String getDescription() {,matched,191.2,360,246.39999999999998,380,218.79999999999998,370.0
470488d0-ab5e-4a9d-bb74-a0be02fbf3a2,20,129,460.0,460.0,38,15,String,    public String getDescription() {,matched,191.2,360,246.39999999999998,380,218.79999999999998,370.0
d5dfda8d-c1ab-4f02-8ec3-393452c525d8,20,149,143.0,143.0,38,15,String,    public String getDescription() {,matched,191.2,360,246.39999999999998,380,218.79999999999998,370.0
c718a411-fd54-4e39-a8fe-5303ea9a7e80,20,140,1930.0,1930.0,38,16,String,    public String getDescription() {,matched,191.2,360,246.39999999999998,380,218.79999999999998,370.0
5a267a34-363a-4024-8bcf-e2d9a9e5470f,20,160,638.0,638.0,38,16,String,    public String getDescription() {,matched,191.2,360,246.39999999999998,380,218.79999999999998,370.0
b8c95afd-ea86-4524-bbe3-616a3b2eaaee,20,105,4008.0,4008.0,38,18,WHITESPACE,    public String getDescription() {,approx_whitespace,412.0,360,421.2,380,416.6,370.0
60a40cf7-6a80-41d1-9333-71b79bf6b450,20,107,2145.0,2145.0,38,28,getDescription,    public String getDescription() {,matched,255.6,360,384.4,380,320.0,370.0
cc1ee074-18b3-4b78-af8d-5c837fdc4196,20,100,97.0,97.0,39,10,return,"        return ""XeLatex program"";",matched,163.6,380,218.79999999999998,400,191.2,390.0
00c1695b-48c6-436b-b979-eaa85b495330,20,144,695.0,695.0,39,12,return,"        return ""XeLatex program"";",matched,163.6,380,218.79999999999998,400,191.2,390.0
d7af228f-3b55-4e00-a8f9-4801af7e0af3,20,103,403.0,403.0,39,13,return,"        return ""XeLatex program"";",matched,163.6,380,218.79999999999998,400,191.2,390.0
cb69a4bc-cdcb-429b-8fff-8ddebda4e9c8,20,95,531.0,531.0,39,15,WHITESPACE,"        return ""XeLatex program"";",approx_whitespace,384.4,380,393.59999999999997,400,389.0,390.0
7e49812f-afbf-4890-883d-c5407e36e499,20,5,1185.0,1185.0,43,11,Enable,     * Enable SyncTeX,matched,154.39999999999998,460,209.6,480,182.0,470.0
2b2567d8-2745-4bee-bee6-0c68d9e4cb1a,20,90,5298.0,5000.0,43,11,Enable,     * Enable SyncTeX,matched,154.39999999999998,460,209.6,480,182.0,470.0
56a21453-2058-48b0-a380-a63195fa4a89,20,108,366.0,366.0,43,11,Enable,     * Enable SyncTeX,matched,154.39999999999998,460,209.6,480,182.0,470.0
ff287b31-baa5-4e6d-a8bd-72fbad9f69da,20,139,200.0,200.0,43,14,WHITESPACE,     * Enable SyncTeX,approx_whitespace,209.6,460,218.79999999999998,480,214.2,470.0
1e7762ce-50e6-4a23-95bb-efbc74e1cf0d,20,142,1253.0,1253.0,43,14,WHITESPACE,     * Enable SyncTeX,approx_whitespace,209.6,460,218.79999999999998,480,214.2,470.0
1c61126c-4de9-4ec2-b855-939f521fc245,20,101,3986.0,3986.0,43,15,SyncTeX,     * Enable SyncTeX,matched,218.79999999999998,460,283.2,480,251.0,470.0
a26ed793-c224-4194-a609-92b0ba3b10d4,20,122,90.0,90.0,43,16,SyncTeX,     * Enable SyncTeX,matched,218.79999999999998,460,283.2,480,251.0,470.0
7939faa7-457f-4e81-9263-c48e031fd8ee,20,45,280.0,280.0,43,21,SyncTeX,     * Enable SyncTeX,matched,218.79999999999998,460,283.2,480,251.0,470.0
96c1315b-cf62-4819-84bf-258dffd7fe11,20,102,6345.0,5000.0,43,22,WHITESPACE,     * Enable SyncTeX,approx_whitespace,274.0,460,283.2,480,278.6,470.0
624ed699-4804-4d83-962a-e0b371b9b675,20,154,117.0,117.0,45,10,public,    public String getDefaultArguments() {,matched,126.8,500,182.0,520,154.4,510.0
36e44dc4-ebef-4f48-84ca-067459ef5386,20,115,168.0,168.0,45,15,String,    public String getDefaultArguments() {,matched,191.2,500,246.39999999999998,520,218.79999999999998,510.0
e069c64e-06d9-486d-afcf-3b0a4885d7f0,20,127,668.0,668.0,45,15,String,    public String getDefaultArguments() {,matched,191.2,500,246.39999999999998,520,218.79999999999998,510.0
de5591f1-4fdf-4aa3-a69c-92b8089695cf,20,70,394.0,394.0,45,16,String,    public String getDefaultArguments() {,matched,191.2,500,246.39999999999998,520,218.79999999999998,510.0
10511087-c982-4d9c-95c4-90193db66175,20,121,2853.0,2853.0,45,17,String,    public String getDefaultArguments() {,matched,191.2,500,246.39999999999998,520,218.79999999999998,510.0
acf040be-b176-4d86-9ba1-a80365d7133c,20,125,116.0,116.0,45,19,getDefaultArguments,    public String getDefaultArguments() {,matched,255.6,500,430.4,520,343.0,510.0
4cb1c080-aece-4012-a2ea-995654b52235,20,136,94.0,94.0,45,19,getDefaultArguments,    public String getDefaultArguments() {,matched,255.6,500,430.4,520,343.0,510.0
735c0e6e-e22a-4736-b2d6-1ef0ace3ca04,20,145,105.0,105.0,45,20,getDefaultArguments,    public String getDefaultArguments() {,matched,255.6,500,430.4,520,343.0,510.0
78adf282-cbce-4ec9-89f4-1de7b078a5db,20,49,145.0,145.0,45,23,getDefaultArguments,    public String getDefaultArguments() {,matched,255.6,500,430.4,520,343.0,510.0
f1e7e7a3-eedf-46d5-b136-cd93915e2dbd,20,52,181.0,181.0,45,27,getDefaultArguments,    public String getDefaultArguments() {,matched,255.6,500,430.4,520,343.0,510.0
ffb33a12-cbc2-41da-a3bb-11d9a0e20978,20,116,599.0,599.0,45,27,getDefaultArguments,    public String getDefaultArguments() {,matched,255.6,500,430.4,520,343.0,510.0
15c6532c-d40f-42cf-8e08-a03f1810d34c,20,146,131.0,131.0,45,31,getDefaultArguments,    public String getDefaultArguments() {,matched,255.6,500,430.4,520,343.0,510.0
a3f44f2c-93cf-437c-b8b8-405a1ae2ee21,20,156,87.0,87.0,45,31,getDefaultArguments,    public String getDefaultArguments() {,matched,255.6,500,430.4,520,343.0,510.0
36cae31b-5dbc-45a3-a581-1d582712a53e,20,126,218.0,218.0,45,36,getDefaultArguments,    public String getDefaultArguments() {,matched,255.6,500,430.4,520,343.0,510.0
19d71c01-558d-4c5a-b1fc-48307b2c442a,20,68,510.0,510.0,46,8,WHITESPACE,"        return ""-synctex=1 ""+super.getDefaultArguments();",approx_whitespace,246.39999999999998,520,255.6,540,251.0,530.0
b8939a87-970a-41fe-be4b-287dccc8701a,20,147,600.0,600.0,46,12,return,"        return ""-synctex=1 ""+super.getDefaultArguments();",matched,163.6,520,218.79999999999998,540,191.2,530.0
ecd94253-dc00-4467-b026-329eb3dca617,20,46,1419.0,1419.0,46,13,return,"        return ""-synctex=1 ""+super.getDefaultArguments();",matched,163.6,520,218.79999999999998,540,191.2,530.0
14265d08-e444-4b64-b21c-b475527d7485,20,48,1006.0,1006.0,46,17,-,"        return ""-synctex=1 ""+super.getDefaultArguments();",matched,237.2,520,246.39999999999998,540,241.79999999999998,530.0
1ff05464-0d57-41e7-92d0-24ab76c1673f,20,79,1096.0,1096.0,46,18,synctex,"        return ""-synctex=1 ""+super.getDefaultArguments();",matched,246.39999999999998,520,310.79999999999995,540,278.59999999999997,530.0
9cffd99c-2e62-43f6-8386-d6a38d124fc3,20,51,177.0,177.0,46,20,synctex,"        return ""-synctex=1 ""+super.getDefaultArguments();",matched,246.39999999999998,520,310.79999999999995,540,278.59999999999997,530.0
fca1fdfd-6fe8-4b28-b642-da6df2e68359,20,53,1684.0,1684.0,46,20,synctex,"        return ""-synctex=1 ""+super.getDefaultArguments();",matched,246.39999999999998,520,310.79999999999995,540,278.59999999999997,530.0
48ccc990-a915-4d89-b938-228515b0b263,20,110,159.0,159.0,46,22,synctex,"        return ""-synctex=1 ""+super.getDefaultArguments();",matched,246.39999999999998,520,310.79999999999995,540,278.59999999999997,530.0
22c98c93-cf10-4b32-8fd3-01231d984c11,20,153,350.0,350.0,46,23,synctex,"        return ""-synctex=1 ""+super.getDefaultArguments();",matched,246.39999999999998,520,310.79999999999995,540,278.59999999999997,530.0
5823a97d-2732-4b02-aa44-048c8b073112,20,78,356.0,356.0,46,26,1,"        return ""-synctex=1 ""+super.getDefaultArguments();",matched,320.0,520,329.2,540,324.6,530.0
b8302fd6-47f1-4a0e-a827-0adca320d7bb,20,150,277.0,277.0,46,26,1,"        return ""-synctex=1 ""+super.getDefaultArguments();",matched,320.0,520,329.2,540,324.6,530.0
b9878e7e-06d4-47d0-b94b-5ef7153c934d,20,158,83.0,83.0,46,27,WHITESPACE,"        return ""-synctex=1 ""+super.getDefaultArguments();",approx_whitespace,605.1999999999999,520,614.4,540,609.8,530.0
ab99f163-e18d-46bc-8999-7e1392a9ae5d,20,155,507.0,507.0,46,30,super,"        return ""-synctex=1 ""+super.getDefaultArguments();",matched,356.79999999999995,520,402.79999999999995,540,379.79999999999995,530.0
53bb0fd3-c92b-44bd-beb7-8bd91e18c019,20,54,284.0,284.0,46,31,super,"        return ""-synctex=1 ""+super.getDefaultArguments();",matched,356.79999999999995,520,402.79999999999995,540,379.79999999999995,530.0
909d46f7-c602-4e86-9818-51df6caa490e,20,118,115.0,115.0,46,31,super,"        return ""-synctex=1 ""+super.getDefaultArguments();",matched,356.79999999999995,520,402.79999999999995,540,379.79999999999995,530.0
d7e3065a-aabc-452f-97a3-13e4c062988c,20,157,127.0,127.0,46,31,super,"        return ""-synctex=1 ""+super.getDefaultArguments();",matched,356.79999999999995,520,402.79999999999995,540,379.79999999999995,530.0
765871a8-3507-4791-a8f5-83a83513cedb,20,152,3976.0,3976.0,46,32,super,"        return ""-synctex=1 ""+super.getDefaultArguments();",matched,356.79999999999995,520,402.79999999999995,540,379.79999999999995,530.0
0723c1a3-9238-400b-92cf-90a02b10ba6b,20,69,220.0,220.0,46,33,super,"        return ""-synctex=1 ""+super.getDefaultArguments();",matched,356.79999999999995,520,402.79999999999995,540,379.79999999999995,530.0
4f82a29a-9339-4238-aab7-3641e002d2a6,20,111,266.0,266.0,46,34,super,"        return ""-synctex=1 ""+super.getDefaultArguments();",matched,356.79999999999995,520,402.79999999999995,540,379.79999999999995,530.0
bfdc9f7e-79fb-4aab-86b6-690b912d962b,20,117,456.0,456.0,46,37,getDefaultArguments,"        return ""-synctex=1 ""+super.getDefaultArguments();",matched,412.0,520,586.8,540,499.4,530.0
f3c76b45-f143-4dd0-892d-d1525f89d407,20,112,323.0,323.0,46,39,getDefaultArguments,"        return ""-synctex=1 ""+super.getDefaultArguments();",matched,412.0,520,586.8,540,499.4,530.0
433aba81-cff4-4426-b258-f0ad284b8c99,20,159,3299.0,3299.0,46,43,getDefaultArguments,"        return ""-synctex=1 ""+super.getDefaultArguments();",matched,412.0,520,586.8,540,499.4,530.0
ccf182ae-464f-4bf3-9007-baa036bf5d8e,20,113,451.0,451.0,46,48,getDefaultArguments,"        return ""-synctex=1 ""+super.getDefaultArguments();",matched,412.0,520,586.8,540,499.4,530.0
ef7bc2e4-18d5-4202-a208-d2123ddc28c2,20,66,340.0,340.0,50,9,@return,     * @return output file format (pdf),matched,154.39999999999998,600,218.79999999999998,620,186.59999999999997,610.0
72b91c72-3533-4b88-af37-3ed2854324be,20,114,137.0,137.0,50,16,output,     * @return output file format (pdf),matched,228.0,600,283.2,620,255.6,610.0
d1921113-9050-4f8f-a188-18be2516add9,20,58,327.0,327.0,50,24,file,     * @return output file format (pdf),matched,292.4,600,329.2,620,310.79999999999995,610.0
3209bccc-103f-43b9-80fc-d423afe27b78,20,71,261.0,261.0,50,32,format,     * @return output file format (pdf),matched,338.4,600,393.59999999999997,620,366.0,610.0
0ecc7a66-37f0-44bc-a3b4-f3830a9c1215,20,74,197.0,197.0,52,10,public,    public String getOutputFormat() {,matched,126.8,640,182.0,660,154.4,650.0
a190dc4c-1bab-4c88-a785-12664af427cb,20,64,272.0,272.0,52,11,WHITESPACE,    public String getOutputFormat() {,approx_whitespace,191.2,640,200.39999999999998,660,195.79999999999998,650.0
755c03dc-0d0c-4418-8ac1-0aaba8657d3f,20,119,385.0,385.0,52,23,getOutputFormat,    public String getOutputFormat() {,matched,255.6,640,393.59999999999997,660,324.59999999999997,650.0
ead4ef1f-031d-42d0-aa1d-d250816cc3bd,20,73,259.0,259.0,52,26,getOutputFormat,    public String getOutputFormat() {,matched,255.6,640,393.59999999999997,660,324.59999999999997,650.0
381c6059-facc-4904-9af5-b062503923eb,20,57,346.0,346.0,52,27,getOutputFormat,    public String getOutputFormat() {,matched,255.6,640,393.59999999999997,660,324.59999999999997,650.0
17ad6ea8-97aa-47fe-a375-d8f2850fa79b,20,59,401.0,401.0,52,36,WHITESPACE,    public String getOutputFormat() {,approx_whitespace,421.2,640,430.4,660,425.79999999999995,650.0
249f2c7a-ffdd-4be2-a26c-f8729aa10a0d,20,65,272.0,272.0,53,13,return,        return TexlipseProperties.OUTPUT_FORMAT_PDF;,matched,163.6,660,218.79999999999998,680,191.2,670.0
4ec5ef33-8ae3-46ac-905d-1f72ae21f6d4,20,62,226.0,226.0,53,14,return,        return TexlipseProperties.OUTPUT_FORMAT_PDF;,matched,163.6,660,218.79999999999998,680,191.2,670.0
431a031c-245f-465a-ad92-4d7b440e36d7,20,75,151.0,151.0,53,18,TexlipseProperties,        return TexlipseProperties.OUTPUT_FORMAT_PDF;,matched,228.0,660,393.59999999999997,680,310.79999999999995,670.0
d7f51800-c9f4-4632-a9e9-83ed31f28c51,20,56,170.0,170.0,53,20,TexlipseProperties,        return TexlipseProperties.OUTPUT_FORMAT_PDF;,matched,228.0,660,393.59999999999997,680,310.79999999999995,670.0
dc4aa197-19d5-4f33-9692-dd6cb943c517,20,72,323.0,323.0,53,20,TexlipseProperties,        return TexlipseProperties.OUTPUT_FORMAT_PDF;,matched,228.0,660,393.59999999999997,680,310.79999999999995,670.0
c66b070b-81e2-4767-98d7-deb0433baa4e,20,76,4989.0,4989.0,53,25,TexlipseProperties,        return TexlipseProperties.OUTPUT_FORMAT_PDF;,matched,228.0,660,393.59999999999997,680,310.79999999999995,670.0
d10832b2-5cde-45d2-964c-380817233ae0,20,77,702.0,702.0,53,26,TexlipseProperties,        return TexlipseProperties.OUTPUT_FORMAT_PDF;,matched,228.0,660,393.59999999999997,680,310.79999999999995,670.0
b859853a-ecb0-413b-a53c-177a2a58df21,20,63,776.0,776.0,53,28,TexlipseProperties,        return TexlipseProperties.OUTPUT_FORMAT_PDF;,matched,228.0,660,393.59999999999997,680,310.79999999999995,670.0
9636f255-bb52-4589-a50a-92e7381c4728,20,55,90.0,90.0,53,29,TexlipseProperties,        return TexlipseProperties.OUTPUT_FORMAT_PDF;,matched,228.0,660,393.59999999999997,680,310.79999999999995,670.0
83ded57b-e798-4591-8e56-ee7486455dab,20,47,438.0,438.0,53,33,TexlipseProperties,        return TexlipseProperties.OUTPUT_FORMAT_PDF;,matched,228.0,660,393.59999999999997,680,310.79999999999995,670.0
50a0abde-80cb-4d62-b581-2b7304c041a2,20,61,163.0,163.0,53,35,OUTPUT_FORMAT_PDF;,        return TexlipseProperties.OUTPUT_FORMAT_PDF;,matched,402.79999999999995,660,568.4,680,485.59999999999997,670.0
528a2755-e6e9-4b10-8eaf-d9e34ca20652,20,60,169.0,169.0,53,46,OUTPUT_FORMAT_PDF;,        return TexlipseProperties.OUTPUT_FORMAT_PDF;,matched,402.79999999999995,660,568.4,680,485.59999999999997,670.0
405b55f6-c079-4b7b-afa0-eb54c7c29fcd,22,90,169.0,169.0,21,11,class, public class XelatexRunner extends LatexRunner {,matched,163.6,20,209.6,40,186.6,30.0
e876e49e-e2a8-44fb-9276-df0f36f8a519,22,9,197.0,197.0,21,12,class, public class XelatexRunner extends LatexRunner {,matched,163.6,20,209.6,40,186.6,30.0
bcdb9821-9ea1-4856-b3d6-4b358ae19edf,22,24,363.0,363.0,21,12,class, public class XelatexRunner extends LatexRunner {,matched,163.6,20,209.6,40,186.6,30.0
085aa950-e00b-488d-9a58-6bf79de7ce61,22,8,218.0,218.0,21,18,XelatexRunner, public class XelatexRunner extends LatexRunner {,matched,218.79999999999998,20,338.4,40,278.59999999999997,30.0
4ccf42a2-f763-4862-a1d6-3e917c47a22c,22,25,498.0,498.0,21,18,XelatexRunner, public class XelatexRunner extends LatexRunner {,matched,218.79999999999998,20,338.4,40,278.59999999999997,30.0
40c3bed1-4db9-4c01-baf6-4980e2225fdb,22,31,200.0,200.0,21,19,XelatexRunner, public class XelatexRunner extends LatexRunner {,matched,218.79999999999998,20,338.4,40,278.59999999999997,30.0
5830e570-85e2-4819-a413-3897f9d4192e,22,2,161.0,161.0,21,20,XelatexRunner, public class XelatexRunner extends LatexRunner {,matched,218.79999999999998,20,338.4,40,278.59999999999997,30.0
e394b2ef-bb9d-44e7-a211-1acc1150a13d,22,4,838.0,838.0,21,20,XelatexRunner, public class XelatexRunner extends LatexRunner {,matched,218.79999999999998,20,338.4,40,278.59999999999997,30.0
c8cdbb72-4cba-446a-9c31-d5acf0a2611b,22,35,90.0,90.0,21,20,XelatexRunner, public class XelatexRunner extends LatexRunner {,matched,218.79999999999998,20,338.4,40,278.59999999999997,30.0
a933b07c-6cb8-41be-aa14-583283be73fd,22,39,146.0,146.0,21,21,XelatexRunner, public class XelatexRunner extends LatexRunner {,matched,218.79999999999998,20,338.4,40,278.59999999999997,30.0
7e175670-217a-4025-8425-ea723a8cce42,22,5,97.0,97.0,21,26,XelatexRunner, public class XelatexRunner extends LatexRunner {,matched,218.79999999999998,20,338.4,40,278.59999999999997,30.0
28ba692c-3adf-408e-a113-fe3c6da0be89,22,3,134.0,134.0,21,31,extends, public class XelatexRunner extends LatexRunner {,matched,347.59999999999997,20,412.0,40,379.79999999999995,30.0
6ee0bdc1-fe89-48e0-8437-17cf21ee8ce9,22,37,248.0,248.0,21,33,extends, public class XelatexRunner extends LatexRunner {,matched,347.59999999999997,20,412.0,40,379.79999999999995,30.0
a5fab29a-3a99-4883-a2a6-6389bf9cd018,22,38,92.0,92.0,21,40,LatexRunner, public class XelatexRunner extends LatexRunner {,matched,237.2,20,338.4,40,287.79999999999995,30.0
a330afaa-b9c2-4049-b065-244d7f85b49a,22,7,473.0,473.0,21,41,LatexRunner, public class XelatexRunner extends LatexRunner {,matched,421.2,20,522.4,40,471.79999999999995,30.0
69e62062-f31c-43bd-adde-0348edfe734e,22,36,757.0,757.0,21,41,LatexRunner, public class XelatexRunner extends LatexRunner {,matched,421.2,20,522.4,40,471.79999999999995,30.0
3e17436f-38f6-407f-af14-7296e6540db1,22,99,749.0,749.0,23,7,/**,    /**,matched,126.8,60,154.39999999999998,80,140.6,70.0
b6825b01-3ee9-4d3a-99c6-79d6a9956032,22,59,282.0,282.0,24,6,*,     * Create a new ProgramRunner.,matched,136.0,80,145.2,100,140.6,90.0
b84bfffa-3439-41c5-af87-ceaf1f8cd3b4,22,61,1650.0,1650.0,24,6,*,     * Create a new ProgramRunner.,matched,136.0,80,145.2,100,140.6,90.0
caff3c10-1d9f-48dc-9a3c-15749b6f95df,22,60,406.0,406.0,24,7,WHITESPACE,     * Create a new ProgramRunner.,approx_whitespace,200.39999999999998,80,209.6,100,205.0,90.0
1a9ad91c-5183-4619-91b1-d72572449b42,22,98,802.0,802.0,24,12,Create,     * Create a new ProgramRunner.,matched,154.39999999999998,80,209.6,100,182.0,90.0
9b36b038-d377-421f-b89d-4d76e687be21,22,58,166.0,166.0,24,13,Create,     * Create a new ProgramRunner.,matched,154.39999999999998,80,209.6,100,182.0,90.0
3bb0b1c0-b067-4353-bcc5-5eec879b431f,22,20,943.0,943.0,24,16,WHITESPACE,     * Create a new ProgramRunner.,approx_whitespace,329.2,80,338.4,100,333.79999999999995,90.0
046f4773-5587-4894-8b3c-6506a4e45627,22,57,481.0,481.0,24,20,WHITESPACE,     * Create a new ProgramRunner.,approx_whitespace,393.59999999999997,80,402.79999999999995,100,398.19999999999993,90.0
351a41e0-bcca-494a-a34b-94c4948acab7,22,34,479.0,479.0,24,21,ProgramRunner.,     * Create a new ProgramRunner.,matched,274.0,80,402.79999999999995,100,338.4,90.0
6315e567-b8f5-429c-a4d8-51a3e1ed42aa,22,13,237.0,237.0,24,24,ProgramRunner.,     * Create a new ProgramRunner.,matched,274.0,80,402.79999999999995,100,338.4,90.0
273a777d-6c1a-4077-b78d-b25787031ab9,22,89,109.0,109.0,24,24,ProgramRunner.,     * Create a new ProgramRunner.,matched,274.0,80,402.79999999999995,100,338.4,90.0
cca82ba3-b265-45d8-8054-3d13106b30e5,22,30,160.0,160.0,26,10,public,    public XelatexRunner() {,matched,126.8,120,182.0,140,154.4,130.0
469dd0ab-1a3c-4edd-82f9-31166680d794,22,6,173.0,173.0,26,11,WHITESPACE,    public XelatexRunner() {,approx_whitespace,338.4,120,347.59999999999997,140,343.0,130.0
d7b33eff-ada5-47fb-b779-54d28cc62021,22,1,175.0,175.0,26,12,XelatexRunner,    public XelatexRunner() {,matched,191.2,120,310.79999999999995,140,250.99999999999997,130.0
282faccb-ccb7-4666-8dcb-e689159bf87b,22,26,269.0,269.0,26,14,XelatexRunner,    public XelatexRunner() {,matched,191.2,120,310.79999999999995,140,250.99999999999997,130.0
c2f8dd74-ad21-48bf-8e26-49cad818ae81,22,10,105.0,105.0,26,16,XelatexRunner,    public XelatexRunner() {,matched,191.2,120,310.79999999999995,140,250.99999999999997,130.0
6c46a795-7688-4967-9abe-d1c2f777b1dd,22,29,536.0,536.0,26,16,XelatexRunner,    public XelatexRunner() {,matched,191.2,120,310.79999999999995,140,250.99999999999997,130.0
ad6a7044-5c49-4a90-ae1e-7aed0fa65a8b,22,44,155.0,155.0,26,16,XelatexRunner,    public XelatexRunner() {,matched,191.2,120,310.79999999999995,140,250.99999999999997,130.0
5baefeeb-dd45-4e5a-95be-16fa08f55027,22,78,615.0,615.0,26,17,XelatexRunner,    public XelatexRunner() {,matched,191.2,120,310.79999999999995,140,250.99999999999997,130.0
50078e8a-431d-4815-ab94-8251eadf8fbe,22,28,189.0,189.0,26,18,XelatexRunner,    public XelatexRunner() {,matched,191.2,120,310.79999999999995,140,250.99999999999997,130.0
bdb1036f-019e-46e7-88e6-ab8f80c1298d,22,79,130.0,130.0,26,18,XelatexRunner,    public XelatexRunner() {,matched,191.2,120,310.79999999999995,140,250.99999999999997,130.0
717aa36d-12fe-4916-b0c6-7c5c439bc176,22,33,90.0,90.0,26,23,XelatexRunner,    public XelatexRunner() {,matched,191.2,120,310.79999999999995,140,250.99999999999997,130.0
a34a866d-73d9-4031-a432-81c2ad58bb9d,22,45,156.0,156.0,26,23,XelatexRunner,    public XelatexRunner() {,matched,191.2,120,310.79999999999995,140,250.99999999999997,130.0
81bd9979-6841-4d25-b409-6a9c3f2da2de,22,14,270.0,270.0,27,9,super,        super();,matched,163.6,140,209.6,160,186.6,150.0
f2ab4ea0-6fb4-4fda-8509-953603075a96,22,32,145.0,145.0,27,9,super,        super();,matched,163.6,140,209.6,160,186.6,150.0
d3133df5-2d1e-419c-b5de-2e366bb83459,22,11,476.0,476.0,27,10,super,        super();,matched,163.6,140,209.6,160,186.6,150.0
26ba6792-312b-4512-9460-50427a4004c0,22,43,131.0,131.0,27,11,super,        super();,matched,163.6,140,209.6,160,186.6,150.0
b3b496c1-015f-43a3-a15f-ab633b8832ae,22,12,498.0,498.0,27,12,super,        super();,matched,163.6,140,209.6,160,186.6,150.0
cf8b27d4-8a2d-46e1-806e-910cdb6e0ed5,22,27,377.0,377.0,27,14,(),        super();,matched,209.6,140,228.0,160,218.8,150.0
092ff4fe-6a52-4cbf-a3c4-d0eb0b3c6a97,22,75,105.0,105.0,30,12,protected,    protected String getWindowsProgramName() {,matched,126.8,200,209.6,220,168.2,210.0
a0d46779-448c-4a17-b746-6206ecc6b5f7,22,77,286.0,286.0,30,21,WHITESPACE,    protected String getWindowsProgramName() {,approx_whitespace,503.99999999999994,200,513.2,220,508.6,210.0
dd22a92a-3ff6-48c4-a725-a18dc16b0e49,22,56,116.0,116.0,30,27,getWindowsProgramName,    protected String getWindowsProgramName() {,matched,283.2,200,476.4,220,379.79999999999995,210.0
ba4cb1cf-4976-4e17-98ef-312ff4a30852,22,76,100.0,100.0,30,27,getWindowsProgramName,    protected String getWindowsProgramName() {,matched,283.2,200,476.4,220,379.79999999999995,210.0
bfbdb6ae-dc68-4128-b8a8-109c4fa8438d,22,41,447.0,447.0,31,2,WHITESPACE,"        return ""xelatex.exe"";",approx_whitespace,347.59999999999997,220,356.79999999999995,240,352.19999999999993,230.0
4c5854f3-9096-419f-89c2-c4a491ad081b,22,42,127.0,127.0,31,10,return,"        return ""xelatex.exe"";",matched,163.6,220,218.79999999999998,240,191.2,230.0
c5411135-a08e-4403-b2df-9e59589d154b,22,73,10267.0,5000.0,31,10,return,"        return ""xelatex.exe"";",matched,163.6,220,218.79999999999998,240,191.2,230.0
2ac4ff24-825d-4d9b-b2cd-8b895a9fa8d2,22,40,1210.0,1210.0,31,11,return,"        return ""xelatex.exe"";",matched,163.6,220,218.79999999999998,240,191.2,230.0
9df3f1f2-ccf4-4a57-8b95-ac79fcbbf7ce,22,87,349.0,349.0,31,11,return,"        return ""xelatex.exe"";",matched,163.6,220,218.79999999999998,240,191.2,230.0
38b43ab5-221e-4f02-a71e-ff10adb5fe45,22,91,126.0,126.0,32,2,WHITESPACE,    },approx_whitespace,126.8,240,136.0,260,131.4,250.0
a4449d59-742b-429d-9b88-ef7202728a65,22,72,370.0,370.0,34,13,protected,    protected String getUnixProgramName() {,matched,126.8,280,209.6,300,168.2,290.0
b68870e1-f6b6-47cd-a427-86a155e8baa2,22,101,163.0,163.0,34,13,protected,    protected String getUnixProgramName() {,matched,126.8,280,209.6,300,168.2,290.0
734f64bd-0b65-4972-b5dd-69d4e9859a9c,22,46,148.0,148.0,34,14,WHITESPACE,    protected String getUnixProgramName() {,approx_whitespace,347.59999999999997,280,356.79999999999995,300,352.19999999999993,290.0
e37ba14a-6321-4b89-92e0-4af0e5ad96be,22,68,122.0,122.0,34,15,String,    protected String getUnixProgramName() {,matched,218.79999999999998,280,274.0,300,246.39999999999998,290.0
3da7f1da-47b5-400c-bab0-7027e9be327f,22,74,133.0,133.0,34,16,String,    protected String getUnixProgramName() {,matched,218.79999999999998,280,274.0,300,246.39999999999998,290.0
8ee13dca-4e8d-4fe7-88e1-0b057d1e5ad6,22,66,4333.0,4333.0,34,21,WHITESPACE,    protected String getUnixProgramName() {,approx_whitespace,476.4,280,485.59999999999997,300,481.0,290.0
63d2591f-280c-4a11-aaf2-b3ef22e59582,22,100,733.0,733.0,34,23,getUnixProgramName,    protected String getUnixProgramName() {,matched,283.2,280,448.79999999999995,300,366.0,290.0
477bc76c-2c13-4428-8554-de79017f8b59,22,70,176.0,176.0,34,25,getUnixProgramName,    protected String getUnixProgramName() {,matched,283.2,280,448.79999999999995,300,366.0,290.0
c4afb1af-7869-4fdb-81da-5adf233973a9,22,71,178.0,178.0,34,29,getUnixProgramName,    protected String getUnixProgramName() {,matched,283.2,280,448.79999999999995,300,366.0,290.0
2621d716-26b1-4d24-ae83-c1feaa2c411e,22,67,6437.0,5000.0,34,34,getUnixProgramName,    protected String getUnixProgramName() {,matched,283.2,280,448.79999999999995,300,366.0,290.0
a9029a0a-f84b-4140-80e6-e72fdf2e7075,22,64,212.0,212.0,34,36,getUnixProgramName,    protected String getUnixProgramName() {,matched,283.2,280,448.79999999999995,300,366.0,290.0
52b29041-6a09-44f8-9ae7-d2db160390e4,22,69,120.0,120.0,34,40,(),    protected String getUnixProgramName() {,matched,448.79999999999995,280,467.2,300,458.0,290.0
223409c5-e954-4cb9-9456-0aaef7f641be,22,15,273.0,273.0,36,5,},    },matched,126.8,320,136.0,340,131.4,330.0
504d6a76-2f99-4ea2-9a04-c85ed32dd67d,22,80,517.0,517.0,38,21,getDescription,    public String getDescription() {,matched,255.6,360,384.4,380,320.0,370.0
8ea594ea-da74-4286-93ef-ae282a13f983,22,103,227.0,227.0,38,22,getDescription,    public String getDescription() {,matched,255.6,360,384.4,380,320.0,370.0
d7f49f32-438b-4ed2-bcc3-c2760f5e07fc,22,55,520.0,520.0,38,26,getDescription,    public String getDescription() {,matched,255.6,360,384.4,380,320.0,370.0
a888afeb-6ab2-499f-86ad-0fe65b3c04ff,22,16,652.0,652.0,43,15,SyncTeX,     * Enable SyncTeX,matched,218.79999999999998,460,283.2,480,251.0,470.0
0467a6c0-0a79-4ab4-aa1c-29d38314304c,22,86,314.0,314.0,45,6,public,    public String getDefaultArguments() {,matched,126.8,500,182.0,520,154.4,510.0
562ba149-901f-46cf-8ebc-640fb7818408,22,81,253.0,253.0,45,16,String,    public String getDefaultArguments() {,matched,191.2,500,246.39999999999998,520,218.79999999999998,510.0
87a21a34-389d-4e55-bf3c-278ddc806db8,22,104,756.0,756.0,45,18,WHITESPACE,    public String getDefaultArguments() {,approx_whitespace,458.0,500,467.2,520,462.6,510.0
f99eb875-8d98-47b7-b0e7-afcc1cf01ed1,22,49,917.0,917.0,45,19,getDefaultArguments,    public String getDefaultArguments() {,matched,255.6,500,430.4,520,343.0,510.0
d9f39e44-5efa-4e3c-ba5e-b7372dadf85d,22,50,544.0,544.0,45,19,getDefaultArguments,    public String getDefaultArguments() {,matched,255.6,500,430.4,520,343.0,510.0
c1ca040f-5d62-4e9b-870a-f6ec20a990d1,22,17,1533.0,1533.0,45,20,getDefaultArguments,    public String getDefaultArguments() {,matched,255.6,500,430.4,520,343.0,510.0
fcfea952-a6b4-40db-a042-e1c35fb9bc7b,22,108,82.0,82.0,45,21,getDefaultArguments,    public String getDefaultArguments() {,matched,255.6,500,430.4,520,343.0,510.0
d1b700a7-d7ce-46e7-9492-ba183cc75b57,22,19,337.0,337.0,46,3,WHITESPACE,"        return ""-synctex=1 ""+super.getDefaultArguments();",approx_whitespace,605.1999999999999,520,614.4,540,609.8,530.0
5af92236-047c-4cb9-bce9-aa853ca9766b,22,95,489.0,489.0,46,23,synctex,"        return ""-synctex=1 ""+super.getDefaultArguments();",matched,246.39999999999998,520,310.79999999999995,540,278.59999999999997,530.0
0135ef11-60b4-4311-a0e6-347b89f84e87,22,94,173.0,173.0,46,29,+,"        return ""-synctex=1 ""+super.getDefaultArguments();",matched,347.59999999999997,520,356.79999999999995,540,352.19999999999993,530.0
27dc9063-ea56-4123-9ac0-6368274a8a98,22,106,951.0,951.0,50,11,@return,     * @return output file format (pdf),matched,154.39999999999998,600,218.79999999999998,620,186.59999999999997,610.0
1d0bdc00-aa33-4268-bf81-56281a11df5b,22,107,967.0,967.0,50,13,@return,     * @return output file format (pdf),matched,154.39999999999998,600,218.79999999999998,620,186.59999999999997,610.0
bb47bc7b-fe0f-45c0-8494-25120b6367e0,22,105,212.0,212.0,50,24,file,     * @return output file format (pdf),matched,292.4,600,329.2,620,310.79999999999995,610.0
47729a1d-855b-4e4e-aa4c-1b80da7597c6,22,54,172.0,172.0,50,32,format,     * @return output file format (pdf),matched,338.4,600,393.59999999999997,620,366.0,610.0
93d68f07-5c84-40e0-b97f-36ae704ea817,22,82,96.0,96.0,52,10,public,    public String getOutputFormat() {,matched,126.8,640,182.0,660,154.4,650.0
6d173cef-50cf-4a78-b9f2-fd8ddf322235,22,83,415.0,415.0,52,20,getOutputFormat,    public String getOutputFormat() {,matched,255.6,640,393.59999999999997,660,324.59999999999997,650.0
b753acc0-8920-4ff8-ac36-1253a9300a3b,22,53,1142.0,1142.0,52,23,getOutputFormat,    public String getOutputFormat() {,matched,255.6,640,393.59999999999997,660,324.59999999999997,650.0
ffd0aeed-63b3-4c49-b2c6-30683853bce9,22,51,860.0,860.0,52,26,getOutputFormat,    public String getOutputFormat() {,matched,255.6,640,393.59999999999997,660,324.59999999999997,650.0
75ab935f-df8b-4fce-912c-30f7a1eb6446,22,52,284.0,284.0,53,21,TexlipseProperties,        return TexlipseProperties.OUTPUT_FORMAT_PDF;,matched,228.0,660,393.59999999999997,680,310.79999999999995,670.0
9422fee9-0926-44e7-a41f-d7469139efa3,22,18,156.0,156.0,53,29,TexlipseProperties,        return TexlipseProperties.OUTPUT_FORMAT_PDF;,matched,228.0,660,393.59999999999997,680,310.79999999999995,670.0
f883a65d-2d4e-47fe-88d1-31d0d5b5ef32,22,84,301.0,301.0,53,30,TexlipseProperties,        return TexlipseProperties.OUTPUT_FORMAT_PDF;,matched,228.0,660,393.59999999999997,680,310.79999999999995,670.0
d0c52fa8-6402-4f2d-b093-ce25a91344c8,23,30,151.0,151.0,21,5,public, public class XelatexRunner extends LatexRunner {,matched,99.2,20,154.39999999999998,40,126.79999999999998,30.0
21119658-ef32-4185-991c-93e8f44be95d,23,104,377.0,377.0,21,11,class, public class XelatexRunner extends LatexRunner {,matched,163.6,20,209.6,40,186.6,30.0
9f9ee672-152a-4935-b607-5d1aab7ca4e7,23,54,294.0,294.0,21,17,XelatexRunner, public class XelatexRunner extends LatexRunner {,matched,218.79999999999998,20,338.4,40,278.59999999999997,30.0
21b21ad8-b393-4067-9888-c662636cc8a2,23,33,844.0,844.0,21,18,XelatexRunner, public class XelatexRunner extends LatexRunner {,matched,218.79999999999998,20,338.4,40,278.59999999999997,30.0
ebb52d70-9812-4774-b4d1-743b2949dee5,23,36,236.0,236.0,21,18,XelatexRunner, public class XelatexRunner extends LatexRunner {,matched,218.79999999999998,20,338.4,40,278.59999999999997,30.0
4de4f0d0-dc6c-4dc6-b0b3-b384c4c5feef,23,103,120.0,120.0,21,18,XelatexRunner, public class XelatexRunner extends LatexRunner {,matched,218.79999999999998,20,338.4,40,278.59999999999997,30.0
37fb96aa-d71a-4376-bf80-d3706b892ca4,23,31,2640.0,2640.0,21,19,XelatexRunner, public class XelatexRunner extends LatexRunner {,matched,218.79999999999998,20,338.4,40,278.59999999999997,30.0
da912c4f-fd7a-4a35-89e4-af544c530e95,23,37,627.0,627.0,21,19,XelatexRunner, public class XelatexRunner extends LatexRunner {,matched,218.79999999999998,20,338.4,40,278.59999999999997,30.0
7650686f-10a9-4f74-9d95-bb0fb742db49,23,101,126.0,126.0,21,20,XelatexRunner, public class XelatexRunner extends LatexRunner {,matched,218.79999999999998,20,338.4,40,278.59999999999997,30.0
84f4319c-8e78-4204-8fe2-5a0b47b834ff,23,35,1926.0,1926.0,21,22,XelatexRunner, public class XelatexRunner extends LatexRunner {,matched,218.79999999999998,20,338.4,40,278.59999999999997,30.0
d541f627-343c-4bc0-8e13-e142fa2b3aca,23,146,193.0,193.0,21,28,WHITESPACE, public class XelatexRunner extends LatexRunner {,approx_whitespace,531.5999999999999,20,540.8,40,536.1999999999999,30.0
588c95bb-cb51-4304-8051-0d29543d59dc,23,124,327.0,327.0,21,32,extends, public class XelatexRunner extends LatexRunner {,matched,347.59999999999997,20,412.0,40,379.79999999999995,30.0
99a17e26-662b-465e-84ad-f63eb3843d48,23,32,1248.0,1248.0,21,40,LatexRunner, public class XelatexRunner extends LatexRunner {,matched,237.2,20,338.4,40,287.79999999999995,30.0
67bb8c8f-1dfa-4ee7-91b6-2324526a51c1,23,34,579.0,579.0,21,40,LatexRunner, public class XelatexRunner extends LatexRunner {,matched,237.2,20,338.4,40,287.79999999999995,30.0
8fbb8c7f-c299-438e-b31d-17b46bf972c2,23,145,397.0,397.0,21,41,LatexRunner, public class XelatexRunner extends LatexRunner {,matched,237.2,20,338.4,40,287.79999999999995,30.0
00666bbf-a473-4814-ac1c-f2cbe308008e,23,38,126.0,126.0,21,42,LatexRunner, public class XelatexRunner extends LatexRunner {,matched,421.2,20,522.4,40,471.79999999999995,30.0
c68fa8af-53ca-4b1e-a4e2-270eac44ef8e,23,27,841.0,841.0,23,8,WHITESPACE,    /**,approx_whitespace,145.2,60,154.39999999999998,80,149.79999999999998,70.0
ea1f6bfa-c600-4d32-8d57-a819ce079f6e,23,102,150.0,150.0,24,11,Create,     * Create a new ProgramRunner.,matched,154.39999999999998,80,209.6,100,182.0,90.0
1819c0fd-6410-41fa-955a-0c14d80fbd76,23,177,107.0,107.0,24,12,Create,     * Create a new ProgramRunner.,matched,154.39999999999998,80,209.6,100,182.0,90.0
0d03e221-cd92-4a2a-9fba-94afd0fbc19e,23,39,153.0,153.0,24,22,ProgramRunner.,     * Create a new ProgramRunner.,matched,274.0,80,402.79999999999995,100,338.4,90.0
a71d171f-4072-4537-888a-af33fc185c67,23,178,229.0,229.0,24,22,ProgramRunner.,     * Create a new ProgramRunner.,matched,274.0,80,402.79999999999995,100,338.4,90.0
4d07cab3-f04a-406a-9e0c-89afb4aa6905,23,155,4562.0,4562.0,24,25,ProgramRunner.,     * Create a new ProgramRunner.,matched,274.0,80,402.79999999999995,100,338.4,90.0
4cbfc63c-448c-4df8-84b3-57a873aeeab9,23,41,1239.0,1239.0,26,10,public,    public XelatexRunner() {,matched,126.8,120,182.0,140,154.4,130.0
712109ec-d0a5-4639-b2f0-0781cd12c081,23,1,167.0,167.0,26,14,XelatexRunner,    public XelatexRunner() {,matched,191.2,120,310.79999999999995,140,250.99999999999997,130.0
e85cbf96-a7db-456d-ac4a-8eb933794d02,23,62,371.0,371.0,26,14,XelatexRunner,    public XelatexRunner() {,matched,191.2,120,310.79999999999995,140,250.99999999999997,130.0
97cfe972-24e6-42ff-a19e-af4113663211,23,40,2172.0,2172.0,26,15,XelatexRunner,    public XelatexRunner() {,matched,191.2,120,310.79999999999995,140,250.99999999999997,130.0
c47fb707-b28c-434e-a395-ba80f15d2965,23,154,188.0,188.0,26,15,XelatexRunner,    public XelatexRunner() {,matched,191.2,120,310.79999999999995,140,250.99999999999997,130.0
7779a92a-8ad8-4e84-a2a7-5747c64dd05f,23,123,282.0,282.0,26,17,XelatexRunner,    public XelatexRunner() {,matched,191.2,120,310.79999999999995,140,250.99999999999997,130.0
4ea79cad-81c1-4941-8a5f-16c16d25fa28,23,122,93.0,93.0,26,22,XelatexRunner,    public XelatexRunner() {,matched,191.2,120,310.79999999999995,140,250.99999999999997,130.0
4bb1a000-ec87-482e-9a48-f4b7beb56ad0,23,151,168.0,168.0,26,23,XelatexRunner,    public XelatexRunner() {,matched,191.2,120,310.79999999999995,140,250.99999999999997,130.0
b144e3a1-2a48-4813-a173-2aa7324e716c,23,184,408.0,408.0,26,24,XelatexRunner,    public XelatexRunner() {,matched,191.2,120,310.79999999999995,140,250.99999999999997,130.0
fe343e67-9c0f-4527-bbb8-3d998bef6acc,23,148,726.0,726.0,26,26,(),    public XelatexRunner() {,matched,310.79999999999995,120,329.2,140,320.0,130.0
63e1071f-63a9-4a8e-90a0-4f837e6536bc,23,152,189.0,189.0,26,28,{,    public XelatexRunner() {,matched,338.4,120,347.59999999999997,140,343.0,130.0
c699931d-de1b-4b39-a88f-55684ba52ba3,23,43,134.0,134.0,27,9,super,        super();,matched,163.6,140,209.6,160,186.6,150.0
f968fb48-6f27-4092-bf43-eeab6a48990f,23,42,179.0,179.0,27,10,super,        super();,matched,163.6,140,209.6,160,186.6,150.0
0d7ac38a-9e1b-4844-a217-39ec2cbecfd1,23,175,285.0,285.0,27,12,super,        super();,matched,163.6,140,209.6,160,186.6,150.0
c62193be-d259-4fa2-b981-79a83393ab07,23,74,125.0,125.0,27,13,super,        super();,matched,163.6,140,209.6,160,186.6,150.0
8b2c22cb-35a2-4e57-a8e2-95252e40e4eb,23,153,286.0,286.0,27,13,super,        super();,matched,163.6,140,209.6,160,186.6,150.0
e2163a96-659b-4b86-bbc9-b25c46d7c450,23,121,593.0,593.0,27,14,(),        super();,matched,209.6,140,228.0,160,218.8,150.0
69b36007-0c4e-4780-b0a9-c5f77b48acb7,23,149,160.0,160.0,27,14,(),        super();,matched,209.6,140,228.0,160,218.8,150.0
f9aee46c-45f8-4e1c-a7f4-e98f5de4ef87,23,147,214.0,214.0,27,17,WHITESPACE,        super();,approx_whitespace,228.0,140,237.2,160,232.6,150.0
f7d3315b-09b3-41e3-9b56-98ed28669844,23,44,159.0,159.0,30,11,protected,    protected String getWindowsProgramName() {,matched,126.8,200,209.6,220,168.2,210.0
94edb50b-cb28-45df-b3d7-ff0d1a2bb431,23,106,1622.0,1622.0,30,13,protected,    protected String getWindowsProgramName() {,matched,126.8,200,209.6,220,168.2,210.0
6c47a41d-bd19-4de3-a341-db1d382cb60e,23,129,273.0,273.0,30,14,WHITESPACE,    protected String getWindowsProgramName() {,approx_whitespace,503.99999999999994,200,513.2,220,508.6,210.0
bad9e76e-8911-4d10-801a-3e5428a93033,23,53,158.0,158.0,30,15,String,    protected String getWindowsProgramName() {,matched,218.79999999999998,200,274.0,220,246.39999999999998,210.0
c7287497-6815-4019-aa04-986d2c5eb9fa,23,126,393.0,393.0,30,15,String,    protected String getWindowsProgramName() {,matched,218.79999999999998,200,274.0,220,246.39999999999998,210.0
48eea527-09b2-44ec-86ae-3a83abc2cc65,23,105,4910.0,4910.0,30,16,String,    protected String getWindowsProgramName() {,matched,218.79999999999998,200,274.0,220,246.39999999999998,210.0
1029d9ed-36d0-464b-b5f2-d25ea25234e5,23,150,197.0,197.0,30,16,String,    protected String getWindowsProgramName() {,matched,218.79999999999998,200,274.0,220,246.39999999999998,210.0
7dc82fe1-656f-4934-9e5c-735fd8f26752,23,120,174.0,174.0,30,20,String,    protected String getWindowsProgramName() {,matched,218.79999999999998,200,274.0,220,246.39999999999998,210.0
a1a9faa9-366a-48af-b16c-798d2084ee86,23,125,971.0,971.0,30,23,getWindowsProgramName,    protected String getWindowsProgramName() {,matched,283.2,200,476.4,220,379.79999999999995,210.0
b0084d78-b14e-463a-b543-f03d2a72af68,23,127,120.0,120.0,30,24,getWindowsProgramName,    protected String getWindowsProgramName() {,matched,283.2,200,476.4,220,379.79999999999995,210.0
5d3c95a7-535b-4347-85af-5519fef68eb0,23,65,122.0,122.0,30,34,getWindowsProgramName,    protected String getWindowsProgramName() {,matched,283.2,200,476.4,220,379.79999999999995,210.0
1d1b6f81-3f79-4731-9a0d-ad515b51e3e7,23,128,23641.0,5000.0,30,38,getWindowsProgramName,    protected String getWindowsProgramName() {,matched,283.2,200,476.4,220,379.79999999999995,210.0
31d3a900-ffda-41b7-b1e5-646fc2687178,23,45,335.0,335.0,31,12,return,"        return ""xelatex.exe"";",matched,163.6,220,218.79999999999998,240,191.2,230.0
97a1ff22-da41-476c-b633-f9bd2d21d097,23,185,237.0,237.0,31,14,return,"        return ""xelatex.exe"";",matched,163.6,220,218.79999999999998,240,191.2,230.0
911476ee-bc2b-4814-a390-15a5b518fe80,23,187,154.0,154.0,31,24,.,"        return ""xelatex.exe"";",matched,301.6,220,310.79999999999995,240,306.2,230.0
bbce3a21-4899-4395-a302-c5bc8533d35d,23,179,95.0,95.0,34,11,protected,    protected String getUnixProgramName() {,matched,126.8,280,209.6,300,168.2,290.0
e3b37a25-0d45-43ee-854a-bcc6f1d5a49e,23,46,860.0,860.0,34,20,String,    protected String getUnixProgramName() {,matched,218.79999999999998,280,274.0,300,246.39999999999998,290.0
93b0d663-2793-4b8e-9445-be1d1f95d940,23,63,91.0,91.0,34,20,String,    protected String getUnixProgramName() {,matched,218.79999999999998,280,274.0,300,246.39999999999998,290.0
be1cfafc-31db-4659-87b5-789bb0f26130,23,56,224.0,224.0,34,25,getUnixProgramName,    protected String getUnixProgramName() {,matched,283.2,280,448.79999999999995,300,366.0,290.0
f8b40502-ce94-401e-8733-02d7c1730fbc,23,98,119.0,119.0,34,26,getUnixProgramName,    protected String getUnixProgramName() {,matched,283.2,280,448.79999999999995,300,366.0,290.0
85d6b77a-0af7-4136-9242-07d884907d22,23,186,1639.0,1639.0,34,42,WHITESPACE,    protected String getUnixProgramName() {,approx_whitespace,476.4,280,485.59999999999997,300,481.0,290.0
7e0085b8-340c-42b2-9a74-031efc52d550,23,60,284.0,284.0,35,7,WHITESPACE,"        return ""xelatex"";",approx_whitespace,191.2,300,200.39999999999998,320,195.79999999999998,310.0
23376907-ef29-4f26-9e70-53900cc525c3,23,181,232.0,232.0,35,15,WHITESPACE,"        return ""xelatex"";",approx_whitespace,310.79999999999995,300,320.0,320,315.4,310.0
b258cd03-a9d8-48a9-9f70-de8af5b3e1d8,23,61,764.0,764.0,38,16,String,    public String getDescription() {,matched,191.2,360,246.39999999999998,380,218.79999999999998,370.0
f79f382f-be66-4170-9ee8-1e5e412528ca,23,119,461.0,461.0,38,16,String,    public String getDescription() {,matched,191.2,360,246.39999999999998,380,218.79999999999998,370.0
01eb1cc8-75ea-49e2-8a0d-04c2d8523be6,23,140,1194.0,1194.0,38,21,getDescription,    public String getDescription() {,matched,255.6,360,384.4,380,320.0,370.0
c7e2b634-370a-4a2b-bae6-de703437d333,23,59,183.0,183.0,39,12,return,"        return ""XeLatex program"";",matched,163.6,380,218.79999999999998,400,191.2,390.0
e9653094-e192-48d5-9107-e1617cec4962,23,99,120.0,120.0,39,14,return,"        return ""XeLatex program"";",matched,163.6,380,218.79999999999998,400,191.2,390.0
cad50bff-2aee-444b-9f13-72614ba56987,23,47,167.0,167.0,39,15,WHITESPACE,"        return ""XeLatex program"";",approx_whitespace,384.4,380,393.59999999999997,400,389.0,390.0
fabbd64c-b3b4-4737-89aa-c89a764dfd8e,23,115,613.0,613.0,43,10,Enable,     * Enable SyncTeX,matched,154.39999999999998,460,209.6,480,182.0,470.0
f803c9b5-bd80-49f8-a538-ac6994883111,23,3,270.0,270.0,43,13,Enable,     * Enable SyncTeX,matched,154.39999999999998,460,209.6,480,182.0,470.0
5b3646d4-10c0-4417-8a6a-1a48914d78ee,23,173,106.0,106.0,43,13,Enable,     * Enable SyncTeX,matched,154.39999999999998,460,209.6,480,182.0,470.0
ea4b391d-1d18-4f7b-b874-816f0c010378,23,136,416.0,416.0,43,18,SyncTeX,     * Enable SyncTeX,matched,218.79999999999998,460,283.2,480,251.0,470.0
4e4bcc30-fcfb-4b6f-bf0e-30f319173899,23,141,153.0,153.0,43,21,SyncTeX,     * Enable SyncTeX,matched,218.79999999999998,460,283.2,480,251.0,470.0
3b3677c7-9d9b-4cda-a014-dbf8d0f17805,23,79,89.0,89.0,45,14,String,    public String getDefaultArguments() {,matched,191.2,500,246.39999999999998,520,218.79999999999998,510.0
8c215f73-d044-468e-bafb-625e9e154547,23,135,457.0,457.0,45,14,String,    public String getDefaultArguments() {,matched,191.2,500,246.39999999999998,520,218.79999999999998,510.0
caf16aaf-9217-4516-bb52-0ca703f921cd,23,67,2668.0,2668.0,45,18,WHITESPACE,    public String getDefaultArguments() {,approx_whitespace,458.0,500,467.2,520,462.6,510.0
87feeb6c-a7a6-4518-89a3-624203ef202d,23,107,101.0,101.0,45,18,WHITESPACE,    public String getDefaultArguments() {,approx_whitespace,458.0,500,467.2,520,462.6,510.0
82ee0342-7147-4b98-922e-c8a453961ab3,23,48,777.0,777.0,45,21,getDefaultArguments,    public String getDefaultArguments() {,matched,255.6,500,430.4,520,343.0,510.0
c8206132-e4b4-4677-acaa-59ef4361acb1,23,114,266.0,266.0,45,22,getDefaultArguments,    public String getDefaultArguments() {,matched,255.6,500,430.4,520,343.0,510.0
0b701542-3712-4101-b824-c670b38f9e34,23,75,120.0,120.0,45,24,getDefaultArguments,    public String getDefaultArguments() {,matched,255.6,500,430.4,520,343.0,510.0
daadda8e-eefb-4c5f-aefb-84e78eadd2e6,23,174,210.0,210.0,45,30,getDefaultArguments,    public String getDefaultArguments() {,matched,255.6,500,430.4,520,343.0,510.0
d63d95d6-740d-4f32-9140-4842ba848332,23,159,766.0,766.0,45,33,getDefaultArguments,    public String getDefaultArguments() {,matched,255.6,500,430.4,520,343.0,510.0
74401e29-85a7-4191-803a-375199da86fd,23,113,266.0,266.0,46,13,return,"        return ""-synctex=1 ""+super.getDefaultArguments();",matched,163.6,520,218.79999999999998,540,191.2,530.0
4e61f9c1-85ec-4e09-8a85-f2af2d0100e7,23,137,253.0,253.0,46,17,-,"        return ""-synctex=1 ""+super.getDefaultArguments();",matched,237.2,520,246.39999999999998,540,241.79999999999998,530.0
b03567c0-74b3-44e6-9dcf-91ccbe60f9fc,23,132,401.0,401.0,46,19,synctex,"        return ""-synctex=1 ""+super.getDefaultArguments();",matched,246.39999999999998,520,310.79999999999995,540,278.59999999999997,530.0
37a2be48-41d3-4f7c-9a20-a9c15ec95956,23,134,190.0,190.0,46,19,synctex,"        return ""-synctex=1 ""+super.getDefaultArguments();",matched,246.39999999999998,520,310.79999999999995,540,278.59999999999997,530.0
eced23d9-fd1a-4385-9c9c-8b8e30638eee,23,66,132.0,132.0,46,20,synctex,"        return ""-synctex=1 ""+super.getDefaultArguments();",matched,246.39999999999998,520,310.79999999999995,540,278.59999999999997,530.0
6b864921-a70c-4beb-b74f-57001ba225b5,23,76,353.0,353.0,46,20,synctex,"        return ""-synctex=1 ""+super.getDefaultArguments();",matched,246.39999999999998,520,310.79999999999995,540,278.59999999999997,530.0
9b6aac13-e419-4ae9-87cb-5a0738b7581d,23,158,346.0,346.0,46,20,synctex,"        return ""-synctex=1 ""+super.getDefaultArguments();",matched,246.39999999999998,520,310.79999999999995,540,278.59999999999997,530.0
ee22b15f-e5be-4f40-ab94-5896ffaa3a0b,23,111,834.0,834.0,46,22,synctex,"        return ""-synctex=1 ""+super.getDefaultArguments();",matched,246.39999999999998,520,310.79999999999995,540,278.59999999999997,530.0
bf65da18-c186-4f46-8ee6-254be340c16b,23,97,109.0,109.0,46,29,+,"        return ""-synctex=1 ""+super.getDefaultArguments();",matched,347.59999999999997,520,356.79999999999995,540,352.19999999999993,530.0
d169064f-d945-4238-b9ce-54643b6607fc,23,96,164.0,164.0,46,30,super,"        return ""-synctex=1 ""+super.getDefaultArguments();",matched,356.79999999999995,520,402.79999999999995,540,379.79999999999995,530.0
4d760bf9-b305-4c7a-bc64-8c27e5156cae,23,133,1373.0,1373.0,46,30,super,"        return ""-synctex=1 ""+super.getDefaultArguments();",matched,356.79999999999995,520,402.79999999999995,540,379.79999999999995,530.0
3ab982cc-f2e6-471b-9f09-59be8b9e8560,23,108,151.0,151.0,46,31,super,"        return ""-synctex=1 ""+super.getDefaultArguments();",matched,356.79999999999995,520,402.79999999999995,540,379.79999999999995,530.0
5d8ded89-4326-4e8e-9961-c729316a9016,23,138,278.0,278.0,46,33,super,"        return ""-synctex=1 ""+super.getDefaultArguments();",matched,356.79999999999995,520,402.79999999999995,540,379.79999999999995,530.0
8f63ffe4-f887-4b60-ad35-13981aa892be,23,109,228.0,228.0,46,40,getDefaultArguments,"        return ""-synctex=1 ""+super.getDefaultArguments();",matched,412.0,520,586.8,540,499.4,530.0
9b1933fb-d277-428f-8ff2-0fcb57cdf141,23,139,421.0,421.0,46,40,getDefaultArguments,"        return ""-synctex=1 ""+super.getDefaultArguments();",matched,412.0,520,586.8,540,499.4,530.0
0adb5dc9-d9a1-4569-9dc8-4159056c4305,23,160,479.0,479.0,46,47,getDefaultArguments,"        return ""-synctex=1 ""+super.getDefaultArguments();",matched,412.0,520,586.8,540,499.4,530.0
20c885e9-2b87-4b7a-a6d9-68d16b2d41e7,23,110,175.0,175.0,46,49,getDefaultArguments,"        return ""-synctex=1 ""+super.getDefaultArguments();",matched,412.0,520,586.8,540,499.4,530.0
ce44ae9f-12e0-4cdb-8e2c-e55cbc37f669,23,112,1102.0,1102.0,50,11,@return,     * @return output file format (pdf),matched,154.39999999999998,600,218.79999999999998,620,186.59999999999997,610.0
ccbe9bb0-75b3-46b2-b530-e2abde5f4812,23,49,292.0,292.0,50,14,@return,     * @return output file format (pdf),matched,154.39999999999998,600,218.79999999999998,620,186.59999999999997,610.0
c79a0693-d403-44cc-8df2-5c0f03a9d4bd,23,171,358.0,358.0,50,14,@return,     * @return output file format (pdf),matched,154.39999999999998,600,218.79999999999998,620,186.59999999999997,610.0
b7b5ed16-4a87-47f0-a209-5bbfcc58213d,23,91,291.0,291.0,52,13,String,    public String getOutputFormat() {,matched,191.2,640,246.39999999999998,660,218.79999999999998,650.0
d2b669e9-6ef1-4b22-b888-200b6d4c9036,23,116,83.0,83.0,52,13,String,    public String getOutputFormat() {,matched,191.2,640,246.39999999999998,660,218.79999999999998,650.0
6776ea2b-45c2-4f50-8577-b81d821b83c7,23,80,477.0,477.0,52,19,getOutputFormat,    public String getOutputFormat() {,matched,255.6,640,393.59999999999997,660,324.59999999999997,650.0
077edb90-1586-4bef-9298-0ce6e172a034,23,78,161.0,161.0,52,20,getOutputFormat,    public String getOutputFormat() {,matched,255.6,640,393.59999999999997,660,324.59999999999997,650.0
d0998576-938c-482e-96b3-49ceeee9b5f7,23,90,127.0,127.0,52,21,getOutputFormat,    public String getOutputFormat() {,matched,255.6,640,393.59999999999997,660,324.59999999999997,650.0
ec452a8d-48b2-4018-b3e3-5b1f018ec768,23,117,2201.0,2201.0,52,22,getOutputFormat,    public String getOutputFormat() {,matched,255.6,640,393.59999999999997,660,324.59999999999997,650.0
f50563a8-8bab-4c60-abb7-5202112d1c2e,23,118,204.0,204.0,52,25,getOutputFormat,    public String getOutputFormat() {,matched,255.6,640,393.59999999999997,660,324.59999999999997,650.0
135fb49c-5b65-4012-9028-46fa49bba079,23,81,248.0,248.0,52,26,getOutputFormat,    public String getOutputFormat() {,matched,255.6,640,393.59999999999997,660,324.59999999999997,650.0
11f6001d-68b6-43fe-9f08-e5c4a7e86eca,23,161,202.0,202.0,52,32,getOutputFormat,    public String getOutputFormat() {,matched,255.6,640,393.59999999999997,660,324.59999999999997,650.0
bf9da863-8170-49f8-8fcb-4ac5a7b49931,23,166,3421.0,3421.0,52,35,(),    public String getOutputFormat() {,matched,393.59999999999997,640,412.0,660,402.79999999999995,650.0
0693fbd7-982c-466a-9b02-f87180fb17d1,23,167,254.0,254.0,53,13,return,        return TexlipseProperties.OUTPUT_FORMAT_PDF;,matched,163.6,660,218.79999999999998,680,191.2,670.0
cdfdacb1-a853-4a8b-b491-8a0ba1bbd1d5,23,77,470.0,470.0,53,14,return,        return TexlipseProperties.OUTPUT_FORMAT_PDF;,matched,163.6,660,218.79999999999998,680,191.2,670.0
352d4291-8b7d-496e-b575-764675dd0d84,23,164,256.0,256.0,53,14,return,        return TexlipseProperties.OUTPUT_FORMAT_PDF;,matched,163.6,660,218.79999999999998,680,191.2,670.0
5ba0d207-fc00-401c-9a39-c75fc0ed68c4,23,156,487.0,487.0,53,15,WHITESPACE,        return TexlipseProperties.OUTPUT_FORMAT_PDF;,approx_whitespace,559.2,660,568.4,680,563.8,670.0
9087b47f-e4de-43fc-ac8c-10fe296e1c2a,23,82,1851.0,1851.0,53,18,TexlipseProperties,        return TexlipseProperties.OUTPUT_FORMAT_PDF;,matched,228.0,660,393.59999999999997,680,310.79999999999995,670.0
73bb489d-3bf4-41ae-9f4f-e0f49c04e8bc,23,88,92.0,92.0,53,18,TexlipseProperties,        return TexlipseProperties.OUTPUT_FORMAT_PDF;,matched,228.0,660,393.59999999999997,680,310.79999999999995,670.0
dc627bd6-552e-4366-9d81-081f20fec31e,23,89,320.0,320.0,53,18,TexlipseProperties,        return TexlipseProperties.OUTPUT_FORMAT_PDF;,matched,228.0,660,393.59999999999997,680,310.79999999999995,670.0
2d004a72-1d7a-4836-9309-5c782ebc3b59,23,93,469.0,469.0,53,19,TexlipseProperties,        return TexlipseProperties.OUTPUT_FORMAT_PDF;,matched,228.0,660,393.59999999999997,680,310.79999999999995,670.0
88a6fcff-cc7b-439c-af0f-42621621f8a4,23,143,2665.0,2665.0,53,19,TexlipseProperties,        return TexlipseProperties.OUTPUT_FORMAT_PDF;,matched,228.0,660,393.59999999999997,680,310.79999999999995,670.0
aef548e2-f31f-4739-9bc5-f0830c66eef4,23,157,86.0,86.0,53,20,TexlipseProperties,        return TexlipseProperties.OUTPUT_FORMAT_PDF;,matched,228.0,660,393.59999999999997,680,310.79999999999995,670.0
bc70a99f-e2f6-49ff-852d-72ec28994352,23,162,227.0,227.0,53,20,TexlipseProperties,        return TexlipseProperties.OUTPUT_FORMAT_PDF;,matched,228.0,660,393.59999999999997,680,310.79999999999995,670.0
f5aadfe1-29dc-4058-a38f-b459a49bf300,23,83,384.0,384.0,53,22,TexlipseProperties,        return TexlipseProperties.OUTPUT_FORMAT_PDF;,matched,228.0,660,393.59999999999997,680,310.79999999999995,670.0
aff71d62-75fd-400a-b07b-3221ad31821b,23,92,345.0,345.0,53,22,TexlipseProperties,        return TexlipseProperties.OUTPUT_FORMAT_PDF;,matched,228.0,660,393.59999999999997,680,310.79999999999995,670.0
a341210d-3695-437f-a721-de93f537b13d,23,95,84.0,84.0,53,24,TexlipseProperties,        return TexlipseProperties.OUTPUT_FORMAT_PDF;,matched,228.0,660,393.59999999999997,680,310.79999999999995,670.0
a83bfb70-f322-4830-91f7-b019679a1883,23,94,153.0,153.0,53,28,TexlipseProperties,        return TexlipseProperties.OUTPUT_FORMAT_PDF;,matched,228.0,660,393.59999999999997,680,310.79999999999995,670.0
fc1fdcaa-9c8e-4ada-88f8-80d7497450a2,23,131,405.0,405.0,53,33,TexlipseProperties,        return TexlipseProperties.OUTPUT_FORMAT_PDF;,matched,228.0,660,393.59999999999997,680,310.79999999999995,670.0
1e1e3633-6eb6-42f2-ba35-df0d6f0f5d5d,23,163,271.0,271.0,53,36,OUTPUT_FORMAT_PDF;,        return TexlipseProperties.OUTPUT_FORMAT_PDF;,matched,402.79999999999995,660,568.4,680,485.59999999999997,670.0
ad3b187f-6072-4def-b9fc-d731d41b4eef,23,84,123.0,123.0,53,38,OUTPUT_FORMAT_PDF;,        return TexlipseProperties.OUTPUT_FORMAT_PDF;,matched,402.79999999999995,660,568.4,680,485.59999999999997,670.0
43f507f7-c526-4ced-aa88-b6ada72c07d1,23,165,4929.0,4929.0,53,48,OUTPUT_FORMAT_PDF;,        return TexlipseProperties.OUTPUT_FORMAT_PDF;,matched,402.79999999999995,660,568.4,680,485.59999999999997,670.0
ef2172de-e0fb-430f-a3a7-b2c6f746cb55,23,168,95.0,95.0,53,49,OUTPUT_FORMAT_PDF;,        return TexlipseProperties.OUTPUT_FORMAT_PDF;,matched,402.79999999999995,660,568.4,680,485.59999999999997,670.0
cff43962-d936-47b9-8944-649ae819ed2f,23,142,139.0,139.0,53,52,OUTPUT_FORMAT_PDF;,        return TexlipseProperties.OUTPUT_FORMAT_PDF;,matched,402.79999999999995,660,568.4,680,485.59999999999997,670.0
3cb96694-00c8-450a-8b9c-3a2f06247d4e,24,120,917.0,917.0,21,18,XelatexRunner, public class XelatexRunner extends LatexRunner {,matched,218.79999999999998,20,338.4,40,278.59999999999997,30.0
1c460a05-12d4-4161-9aa6-912a95ab907f,24,150,403.0,403.0,21,21,XelatexRunner, public class XelatexRunner extends LatexRunner {,matched,218.79999999999998,20,338.4,40,278.59999999999997,30.0
ac1d77d7-0a9f-429b-a4fc-1c50b4778c03,24,106,113.0,113.0,21,28,WHITESPACE, public class XelatexRunner extends LatexRunner {,approx_whitespace,531.5999999999999,20,540.8,40,536.1999999999999,30.0
763c410c-c6a5-45a7-a2e5-33c4e2a26a3a,24,107,224.0,224.0,21,37,LatexRunner, public class XelatexRunner extends LatexRunner {,matched,237.2,20,338.4,40,287.79999999999995,30.0
573a22f7-e4a1-4250-a5ff-697f1281b1ae,24,8,93.0,93.0,23,8,WHITESPACE,    /**,approx_whitespace,145.2,60,154.39999999999998,80,149.79999999999998,70.0
461919bd-f054-419c-87d5-179c7489569f,24,32,388.0,388.0,24,5,WHITESPACE,     * Create a new ProgramRunner.,approx_whitespace,182.0,80,191.2,100,186.6,90.0
7c7a1cb9-2b07-4837-8667-dea89e71877e,24,18,127.0,127.0,24,9,Create,     * Create a new ProgramRunner.,matched,154.39999999999998,80,209.6,100,182.0,90.0
dfd20fba-2a8f-4f9c-921b-3a95a5a7633a,24,12,174.0,174.0,24,11,Create,     * Create a new ProgramRunner.,matched,154.39999999999998,80,209.6,100,182.0,90.0
bd1e1511-2bb6-4dfe-9a1d-5f295a5c6b83,24,88,117.0,117.0,24,13,Create,     * Create a new ProgramRunner.,matched,154.39999999999998,80,209.6,100,182.0,90.0
e0b588bb-ed7b-43e0-8bd0-8dfcd5586fa5,24,42,373.0,373.0,24,16,WHITESPACE,     * Create a new ProgramRunner.,approx_whitespace,393.59999999999997,80,402.79999999999995,100,398.19999999999993,90.0
dc036fd1-9b5e-415e-b2b9-4a5ae6101227,24,37,247.0,247.0,24,19,new,     * Create a new ProgramRunner.,matched,237.2,80,264.79999999999995,100,250.99999999999997,90.0
aa3333a5-6342-4dea-85d6-913ee31febe7,24,87,222.0,222.0,24,21,ProgramRunner.,     * Create a new ProgramRunner.,matched,274.0,80,402.79999999999995,100,338.4,90.0
0b30507c-e536-45b4-8a18-d3b72aaae762,24,43,272.0,272.0,24,23,ProgramRunner.,     * Create a new ProgramRunner.,matched,274.0,80,402.79999999999995,100,338.4,90.0
d7393de6-f05b-46a9-999f-c18badab4d10,24,7,116.0,116.0,24,24,ProgramRunner.,     * Create a new ProgramRunner.,matched,274.0,80,402.79999999999995,100,338.4,90.0
80103a08-c52e-4489-9767-039de85985b4,24,137,97.0,97.0,24,24,ProgramRunner.,     * Create a new ProgramRunner.,matched,274.0,80,402.79999999999995,100,338.4,90.0
bbef4fe9-ebf0-474c-b56b-1071a7ef345d,24,85,199.0,199.0,24,25,ProgramRunner.,     * Create a new ProgramRunner.,matched,274.0,80,402.79999999999995,100,338.4,90.0
3a0c18a6-012b-42b9-b9de-4e67c4c7fa37,24,135,594.0,594.0,24,25,ProgramRunner.,     * Create a new ProgramRunner.,matched,274.0,80,402.79999999999995,100,338.4,90.0
3a893a8e-738b-4b34-8cf3-f0ccc6dfa873,24,86,454.0,454.0,24,27,ProgramRunner.,     * Create a new ProgramRunner.,matched,274.0,80,402.79999999999995,100,338.4,90.0
c3fefd4d-e2b9-421d-a107-ff7299a99342,24,66,150.0,150.0,24,29,ProgramRunner.,     * Create a new ProgramRunner.,matched,274.0,80,402.79999999999995,100,338.4,90.0
1dd3f7f8-2576-4f90-a7da-3d3826a3a747,24,34,182.0,182.0,24,31,ProgramRunner.,     * Create a new ProgramRunner.,matched,274.0,80,402.79999999999995,100,338.4,90.0
de9e316e-2fe4-4bef-a34b-925a75074238,24,84,204.0,204.0,24,32,ProgramRunner.,     * Create a new ProgramRunner.,matched,274.0,80,402.79999999999995,100,338.4,90.0
5b0d0abf-f209-49ff-865d-2dcca957958a,24,36,363.0,363.0,24,33,ProgramRunner.,     * Create a new ProgramRunner.,matched,274.0,80,402.79999999999995,100,338.4,90.0
e9924db0-c573-4ee4-aeed-fbefa80c040d,24,14,227.0,227.0,26,10,public,    public XelatexRunner() {,matched,126.8,120,182.0,140,154.4,130.0
ac0b8597-09df-4633-99c3-4bd7cdc02167,24,158,193.0,193.0,26,10,public,    public XelatexRunner() {,matched,126.8,120,182.0,140,154.4,130.0
7bb96016-f44c-4529-a856-6dee321104c4,24,17,173.0,173.0,26,11,WHITESPACE,    public XelatexRunner() {,approx_whitespace,191.2,120,200.39999999999998,140,195.79999999999998,130.0
beea0043-fc5e-4121-b6df-ed42851e3fe9,24,152,237.0,237.0,26,11,WHITESPACE,    public XelatexRunner() {,approx_whitespace,191.2,120,200.39999999999998,140,195.79999999999998,130.0
275c1173-cde5-4439-a883-5c6d930323cf,24,94,713.0,713.0,26,12,XelatexRunner,    public XelatexRunner() {,matched,191.2,120,310.79999999999995,140,250.99999999999997,130.0
9c42d046-e407-4a95-992a-539075a9851a,24,149,436.0,436.0,26,13,XelatexRunner,    public XelatexRunner() {,matched,191.2,120,310.79999999999995,140,250.99999999999997,130.0
77d9affc-11db-473a-b3de-bde8e4d813bc,24,92,260.0,260.0,26,14,XelatexRunner,    public XelatexRunner() {,matched,191.2,120,310.79999999999995,140,250.99999999999997,130.0
75f61df3-6e12-4ae8-9fe8-66b9b29a2830,24,3,184.0,184.0,26,16,XelatexRunner,    public XelatexRunner() {,matched,191.2,120,310.79999999999995,140,250.99999999999997,130.0
1082dac8-4296-4c27-8f61-c9a06fbbf783,24,19,644.0,644.0,26,16,XelatexRunner,    public XelatexRunner() {,matched,191.2,120,310.79999999999995,140,250.99999999999997,130.0
5b8eb5b2-97fe-4e83-a754-6857ac61368c,24,15,133.0,133.0,26,19,XelatexRunner,    public XelatexRunner() {,matched,191.2,120,310.79999999999995,140,250.99999999999997,130.0
a8ffa9b0-0408-4993-98fd-9183dba631f4,24,104,345.0,345.0,26,20,XelatexRunner,    public XelatexRunner() {,matched,191.2,120,310.79999999999995,140,250.99999999999997,130.0
426d1347-d75b-4c4f-9f00-16fc37fc35a3,24,2,250.0,250.0,26,22,XelatexRunner,    public XelatexRunner() {,matched,191.2,120,310.79999999999995,140,250.99999999999997,130.0
1d5673e7-e9e3-4259-a0a5-c784934d1f1f,24,13,534.0,534.0,26,22,XelatexRunner,    public XelatexRunner() {,matched,191.2,120,310.79999999999995,140,250.99999999999997,130.0
06fb62b0-1b7d-46be-abb7-4275826cbced,24,89,203.0,203.0,26,23,XelatexRunner,    public XelatexRunner() {,matched,191.2,120,310.79999999999995,140,250.99999999999997,130.0
f17eb83c-360d-4b97-b8ed-277d4789bf7a,24,4,463.0,463.0,26,25,(),    public XelatexRunner() {,matched,310.79999999999995,120,329.2,140,320.0,130.0
ed438f35-56e7-4d89-aa2e-d091156ea744,24,64,206.0,206.0,26,27,WHITESPACE,    public XelatexRunner() {,approx_whitespace,338.4,120,347.59999999999997,140,343.0,130.0
5bd38587-8d94-4690-8039-8e04020df758,24,91,203.0,203.0,27,8,WHITESPACE,        super();,approx_whitespace,154.39999999999998,140,163.6,160,159.0,150.0
6fbd65c9-f4ed-43ee-ad07-6ff6044efbf4,24,16,3406.0,3406.0,27,9,super,        super();,matched,163.6,140,209.6,160,186.6,150.0
ed0e5239-7e3d-415c-a287-6fe1f6e7e557,24,65,698.0,698.0,27,10,super,        super();,matched,163.6,140,209.6,160,186.6,150.0
853fd248-af5e-4182-a63d-892998a3f2c0,24,90,224.0,224.0,27,10,super,        super();,matched,163.6,140,209.6,160,186.6,150.0
03346032-2df6-4d2e-b888-5b1c8f62f7d2,24,9,180.0,180.0,27,12,super,        super();,matched,163.6,140,209.6,160,186.6,150.0
43698b08-5f58-4d8a-8371-7d213459b6ff,24,33,123.0,123.0,27,12,super,        super();,matched,163.6,140,209.6,160,186.6,150.0
224d344c-4577-4c3d-a035-360e575357fa,24,1,1716.0,1716.0,27,13,super,        super();,matched,163.6,140,209.6,160,186.6,150.0
a6f6b043-956d-416d-8fc4-c08ed6030520,24,44,143.0,143.0,27,13,super,        super();,matched,163.6,140,209.6,160,186.6,150.0
44239853-8347-4ac8-880e-afc5d15ae3b6,24,153,731.0,731.0,27,17,WHITESPACE,        super();,approx_whitespace,228.0,140,237.2,160,232.6,150.0
3351c733-a2ba-4c13-81b2-7114917c2075,24,10,127.0,127.0,30,18,String,    protected String getWindowsProgramName() {,matched,218.79999999999998,200,274.0,220,246.39999999999998,210.0
c09dc7a1-421c-4286-b8f1-0f8afe4b4032,24,119,496.0,496.0,30,18,String,    protected String getWindowsProgramName() {,matched,218.79999999999998,200,274.0,220,246.39999999999998,210.0
227e2ca4-e630-4c4b-a54b-6a327720d0e3,24,148,233.0,233.0,30,20,String,    protected String getWindowsProgramName() {,matched,218.79999999999998,200,274.0,220,246.39999999999998,210.0
368131c4-00ea-490c-8e0a-d58a1740bfac,24,41,127.0,127.0,30,21,WHITESPACE,    protected String getWindowsProgramName() {,approx_whitespace,503.99999999999994,200,513.2,220,508.6,210.0
b8697ad4-5357-4300-b04b-78f3145c13c5,24,98,100.0,100.0,30,21,WHITESPACE,    protected String getWindowsProgramName() {,approx_whitespace,503.99999999999994,200,513.2,220,508.6,210.0
13a63c7a-e550-46b0-9258-7e58657517e6,24,93,80.0,80.0,30,25,getWindowsProgramName,    protected String getWindowsProgramName() {,matched,283.2,200,476.4,220,379.79999999999995,210.0
810f4693-8987-4d16-8f4d-e0135b508496,24,99,84.0,84.0,30,27,getWindowsProgramName,    protected String getWindowsProgramName() {,matched,283.2,200,476.4,220,379.79999999999995,210.0
85dc84e0-b73e-41d2-81a9-9c8baa55b45c,24,31,320.0,320.0,31,8,WHITESPACE,"        return ""xelatex.exe"";",approx_whitespace,347.59999999999997,220,356.79999999999995,240,352.19999999999993,230.0
9f475cb0-3242-484a-8a04-abddf0abacfa,24,40,200.0,200.0,31,13,return,"        return ""xelatex.exe"";",matched,163.6,220,218.79999999999998,240,191.2,230.0
7f1a2abe-7725-4fa5-9ce8-824d2d92d9a5,24,46,217.0,217.0,34,18,String,    protected String getUnixProgramName() {,matched,218.79999999999998,280,274.0,300,246.39999999999998,290.0
db6884d4-736c-4f43-8634-6600a7754ef0,24,140,244.0,244.0,34,21,WHITESPACE,    protected String getUnixProgramName() {,approx_whitespace,476.4,280,485.59999999999997,300,481.0,290.0
e6bb9602-ce4e-43c7-929e-8b557f5096c1,24,39,2770.0,2770.0,34,23,getUnixProgramName,    protected String getUnixProgramName() {,matched,283.2,280,448.79999999999995,300,366.0,290.0
e815a733-e015-4107-af4e-393da0a22682,24,100,689.0,689.0,34,43,{,    protected String getUnixProgramName() {,matched,476.4,280,485.59999999999997,300,481.0,290.0
efcad9ba-12ce-47b6-82a7-217bac6fc56b,24,45,186.0,186.0,35,10,return,"        return ""xelatex"";",matched,163.6,300,218.79999999999998,320,191.2,310.0
61d0f18b-85c1-40ba-a4e6-44fd193060c7,24,63,377.0,377.0,35,10,return,"        return ""xelatex"";",matched,163.6,300,218.79999999999998,320,191.2,310.0
92e9b2d9-93b0-4ea8-b14f-9aad9063781e,24,102,174.0,174.0,35,11,return,"        return ""xelatex"";",matched,163.6,300,218.79999999999998,320,191.2,310.0
ed086098-6777-4a89-a31e-d72a1883703c,24,103,130.0,130.0,35,12,return,"        return ""xelatex"";",matched,163.6,300,218.79999999999998,320,191.2,310.0
f329ab83-afbc-45c2-90ad-ab839c309be1,24,38,94.0,94.0,35,26,WHITESPACE,"        return ""xelatex"";",approx_whitespace,310.79999999999995,300,320.0,320,315.4,310.0
8ec80624-c9ae-49e6-8599-5a4de45af6c3,24,166,333.0,333.0,36,5,},    },matched,126.8,320,136.0,340,131.4,330.0
5b4a9cd8-ac8b-4f4f-86cc-aaff071d5664,24,20,234.0,234.0,38,9,public,    public String getDescription() {,matched,126.8,360,182.0,380,154.4,370.0
87778495-875b-49c1-a248-42cd6640d663,24,68,280.0,280.0,38,19,getDescription,    public String getDescription() {,matched,255.6,360,384.4,380,320.0,370.0
9fbc95f4-3dcb-4973-9b8c-e39bd2ffb161,24,80,457.0,457.0,38,20,getDescription,    public String getDescription() {,matched,255.6,360,384.4,380,320.0,370.0
88725e23-2f1f-4741-97fc-0d8b6b1dd67f,24,115,571.0,571.0,43,7,WHITESPACE,     * Enable SyncTeX,approx_whitespace,182.0,460,191.2,480,186.6,470.0
189ac8d2-a0ed-4aaa-9392-f3b543c50f82,24,114,357.0,357.0,43,10,Enable,     * Enable SyncTeX,matched,154.39999999999998,460,209.6,480,182.0,470.0
2a53ec28-1bbc-4f13-ba4f-e5df13252c98,24,81,6250.0,5000.0,43,12,Enable,     * Enable SyncTeX,matched,154.39999999999998,460,209.6,480,182.0,470.0
e2677912-ba7a-45db-9f9a-16115b8575bf,24,116,163.0,163.0,43,13,Enable,     * Enable SyncTeX,matched,154.39999999999998,460,209.6,480,182.0,470.0
75ab62fe-21c5-4dac-9e44-43c5617846af,24,163,217.0,217.0,43,13,Enable,     * Enable SyncTeX,matched,154.39999999999998,460,209.6,480,182.0,470.0
45d58513-fe63-4dff-b746-01f3ba41a508,24,82,1723.0,1723.0,43,14,WHITESPACE,     * Enable SyncTeX,approx_whitespace,274.0,460,283.2,480,278.6,470.0
83be9fa0-6806-475e-8684-49beaf1bd5a2,24,159,1112.0,1112.0,43,17,SyncTeX,     * Enable SyncTeX,matched,218.79999999999998,460,283.2,480,251.0,470.0
418224e3-9c37-4c35-a3dd-05dbc1cf7abc,24,72,100.0,100.0,43,19,SyncTeX,     * Enable SyncTeX,matched,218.79999999999998,460,283.2,480,251.0,470.0
ef87480f-5f30-4db2-8f01-22ce9bb81072,24,146,316.0,316.0,45,11,WHITESPACE,    public String getDefaultArguments() {,approx_whitespace,458.0,500,467.2,520,462.6,510.0
7aa810dc-1d89-4be1-bcb6-e1fc65ef60cb,24,118,127.0,127.0,45,14,String,    public String getDefaultArguments() {,matched,191.2,500,246.39999999999998,520,218.79999999999998,510.0
b7a5564f-c9e8-41f2-a18b-9aa93241c008,24,134,483.0,483.0,45,14,String,    public String getDefaultArguments() {,matched,191.2,500,246.39999999999998,520,218.79999999999998,510.0
eec5c053-7bd7-4452-b38e-646654cfb122,24,21,956.0,956.0,46,7,WHITESPACE,"        return ""-synctex=1 ""+super.getDefaultArguments();",approx_whitespace,329.2,520,338.4,540,333.79999999999995,530.0
e0456153-7d78-4fae-86eb-88dbe3f5101a,24,165,303.0,303.0,46,9,return,"        return ""-synctex=1 ""+super.getDefaultArguments();",matched,163.6,520,218.79999999999998,540,191.2,530.0
80b0f844-d80f-4691-9897-c1fe9b489c4e,24,70,130.0,130.0,46,12,return,"        return ""-synctex=1 ""+super.getDefaultArguments();",matched,163.6,520,218.79999999999998,540,191.2,530.0
911fe81e-8919-4f07-963b-17109f6c09bb,24,22,277.0,277.0,46,13,return,"        return ""-synctex=1 ""+super.getDefaultArguments();",matched,163.6,520,218.79999999999998,540,191.2,530.0
56dff7c4-bf3a-4fa7-a8d1-b9ee3305206c,24,143,256.0,256.0,46,13,return,"        return ""-synctex=1 ""+super.getDefaultArguments();",matched,163.6,520,218.79999999999998,540,191.2,530.0
34277d36-a91c-45f2-b9f5-5a20ebd33225,24,164,250.0,250.0,46,14,return,"        return ""-synctex=1 ""+super.getDefaultArguments();",matched,163.6,520,218.79999999999998,540,191.2,530.0
6b7502d3-c4d6-4e19-b98e-860f967e9f0a,24,58,666.0,666.0,46,15,WHITESPACE,"        return ""-synctex=1 ""+super.getDefaultArguments();",approx_whitespace,605.1999999999999,520,614.4,540,609.8,530.0
509c39a0-70e0-49a3-876f-f05b07b5f370,24,145,126.0,126.0,46,15,WHITESPACE,"        return ""-synctex=1 ""+super.getDefaultArguments();",approx_whitespace,605.1999999999999,520,614.4,540,609.8,530.0
702d697d-16a8-424c-8073-accfebde50d7,24,147,840.0,840.0,46,15,WHITESPACE,"        return ""-synctex=1 ""+super.getDefaultArguments();",approx_whitespace,605.1999999999999,520,614.4,540,609.8,530.0
e7250462-c60f-4dd0-9eb8-d4a738860866,24,47,717.0,717.0,46,17,-,"        return ""-synctex=1 ""+super.getDefaultArguments();",matched,237.2,520,246.39999999999998,540,241.79999999999998,530.0
4cdeeb39-e99f-45a0-b58a-e796ee9acf22,24,167,485.0,485.0,46,17,-,"        return ""-synctex=1 ""+super.getDefaultArguments();",matched,237.2,520,246.39999999999998,540,241.79999999999998,530.0
322aa536-e8cd-43f6-b190-f694d4552488,24,113,131.0,131.0,46,22,synctex,"        return ""-synctex=1 ""+super.getDefaultArguments();",matched,246.39999999999998,520,310.79999999999995,540,278.59999999999997,530.0
d0843f6c-7df1-4b61-a5a1-8c90c541d36e,24,117,199.0,199.0,46,22,synctex,"        return ""-synctex=1 ""+super.getDefaultArguments();",matched,246.39999999999998,520,310.79999999999995,540,278.59999999999997,530.0
97408c91-4da1-404d-88b0-41ffd16fcf01,24,48,636.0,636.0,46,23,synctex,"        return ""-synctex=1 ""+super.getDefaultArguments();",matched,246.39999999999998,520,310.79999999999995,540,278.59999999999997,530.0
69fc81a8-9588-4faa-9fac-22bfd8cdb9f5,24,160,220.0,220.0,50,11,@return,     * @return output file format (pdf),matched,154.39999999999998,600,218.79999999999998,620,186.59999999999997,610.0
ccf1aa43-66da-4483-9601-ef18c31594b2,24,127,147.0,147.0,50,20,output,     * @return output file format (pdf),matched,228.0,600,283.2,620,255.6,610.0
89b713e4-75fd-40ff-b494-5e82d9abb475,24,133,180.0,180.0,50,20,output,     * @return output file format (pdf),matched,228.0,600,283.2,620,255.6,610.0
1a630151-5b7d-4c88-ae2a-098f3821dd26,24,97,696.0,696.0,50,21,output,     * @return output file format (pdf),matched,228.0,600,283.2,620,255.6,610.0
daf8b484-164e-4801-a3da-818694c2fc04,24,23,148.0,148.0,50,26,file,     * @return output file format (pdf),matched,292.4,600,329.2,620,310.79999999999995,610.0
51a92686-8af7-4395-b41a-570ca1f6a5f8,24,53,230.0,230.0,50,34,WHITESPACE,     * @return output file format (pdf),approx_whitespace,439.59999999999997,600,448.79999999999995,620,444.19999999999993,610.0
e87c1b3a-16cb-4d47-bb65-d712de27bf1c,24,29,457.0,457.0,52,4,WHITESPACE,    public String getOutputFormat() {,approx_whitespace,163.6,640,172.8,660,168.2,650.0
6705414f-297f-450b-a927-78a3266a929b,24,27,250.0,250.0,52,11,WHITESPACE,    public String getOutputFormat() {,approx_whitespace,292.4,640,301.6,660,297.0,650.0
fcb6d74c-e248-4213-83e9-153478b9c904,24,130,773.0,773.0,52,11,WHITESPACE,    public String getOutputFormat() {,approx_whitespace,292.4,640,301.6,660,297.0,650.0
15791f6a-ecb0-418e-b34b-7c437e860b4e,24,108,353.0,353.0,52,14,String,    public String getOutputFormat() {,matched,191.2,640,246.39999999999998,660,218.79999999999998,650.0
e733be93-d227-43e2-9683-055879ed406e,24,61,325.0,325.0,52,15,String,    public String getOutputFormat() {,matched,191.2,640,246.39999999999998,660,218.79999999999998,650.0
e8bf8ea6-a53d-47bf-bdc2-32406a9b4435,24,110,130.0,130.0,52,16,String,    public String getOutputFormat() {,matched,191.2,640,246.39999999999998,660,218.79999999999998,650.0
a40b268b-ca25-434a-99ee-89b8f6cc481d,24,59,177.0,177.0,52,17,String,    public String getOutputFormat() {,matched,191.2,640,246.39999999999998,660,218.79999999999998,650.0
16b55789-a59d-495d-aa93-2fc18815536a,24,74,200.0,200.0,52,18,WHITESPACE,    public String getOutputFormat() {,approx_whitespace,421.2,640,430.4,660,425.79999999999995,650.0
566299a6-0e8d-4c2c-96a7-52f72f0f902b,24,30,274.0,274.0,52,20,getOutputFormat,    public String getOutputFormat() {,matched,255.6,640,393.59999999999997,660,324.59999999999997,650.0
4f3842fe-2091-40f0-95c8-b79d2f00b02d,24,131,199.0,199.0,52,20,getOutputFormat,    public String getOutputFormat() {,matched,255.6,640,393.59999999999997,660,324.59999999999997,650.0
f437e98b-2b16-4c3b-957a-f1fb0d324e2c,24,76,153.0,153.0,52,21,getOutputFormat,    public String getOutputFormat() {,matched,255.6,640,393.59999999999997,660,324.59999999999997,650.0
5d94aafc-1869-45d5-a9eb-00fcebe9e5db,24,111,134.0,134.0,52,22,getOutputFormat,    public String getOutputFormat() {,matched,255.6,640,393.59999999999997,660,324.59999999999997,650.0
d0f1ea0c-5153-4a9c-b169-8e9aa9844d12,24,162,177.0,177.0,52,22,getOutputFormat,    public String getOutputFormat() {,matched,255.6,640,393.59999999999997,660,324.59999999999997,650.0
6b07b56f-5e9b-4a88-a15f-5a5db9246fd9,24,25,400.0,400.0,52,23,getOutputFormat,    public String getOutputFormat() {,matched,255.6,640,393.59999999999997,660,324.59999999999997,650.0
e0dcb601-8098-4e9b-9e07-b1696435344f,24,55,490.0,490.0,52,23,getOutputFormat,    public String getOutputFormat() {,matched,255.6,640,393.59999999999997,660,324.59999999999997,650.0
2b6eb8ad-5b26-4912-aa7c-015dcbe84d72,24,109,583.0,583.0,52,23,getOutputFormat,    public String getOutputFormat() {,matched,255.6,640,393.59999999999997,660,324.59999999999997,650.0
fb373740-481f-44a5-8be8-206597b52baf,24,126,94.0,94.0,52,23,getOutputFormat,    public String getOutputFormat() {,matched,255.6,640,393.59999999999997,660,324.59999999999997,650.0
aa501cfc-6625-42b6-802c-a9a7ed1b988a,24,172,503.0,503.0,52,24,getOutputFormat,    public String getOutputFormat() {,matched,255.6,640,393.59999999999997,660,324.59999999999997,650.0
0b076464-fa93-42ea-b161-705d09b35a43,24,62,280.0,280.0,52,27,getOutputFormat,    public String getOutputFormat() {,matched,255.6,640,393.59999999999997,660,324.59999999999997,650.0
f43e9858-e234-467e-92de-3d9ffd2c11d8,24,60,476.0,476.0,52,28,getOutputFormat,    public String getOutputFormat() {,matched,255.6,640,393.59999999999997,660,324.59999999999997,650.0
79771458-befc-495a-a01b-4977228b30a6,24,77,201.0,201.0,52,28,getOutputFormat,    public String getOutputFormat() {,matched,255.6,640,393.59999999999997,660,324.59999999999997,650.0
d9f1ffa9-4419-4561-8708-f713ac802315,24,132,303.0,303.0,52,28,getOutputFormat,    public String getOutputFormat() {,matched,255.6,640,393.59999999999997,660,324.59999999999997,650.0
58302479-9c58-4f04-8480-b4d5deb37d9d,24,112,200.0,200.0,52,29,getOutputFormat,    public String getOutputFormat() {,matched,255.6,640,393.59999999999997,660,324.59999999999997,650.0
ec1f6661-482a-477a-88cf-c19125e4e0fd,24,78,103.0,103.0,52,33,getOutputFormat,    public String getOutputFormat() {,matched,255.6,640,393.59999999999997,660,324.59999999999997,650.0
2260ffdf-c621-444c-a73b-f017b752673c,24,26,355.0,355.0,52,34,(),    public String getOutputFormat() {,matched,393.59999999999997,640,412.0,660,402.79999999999995,650.0
01f772d0-b77c-4e17-814a-8bd1faf4db19,24,75,130.0,130.0,53,9,return,        return TexlipseProperties.OUTPUT_FORMAT_PDF;,matched,163.6,660,218.79999999999998,680,191.2,670.0
7cacf339-5822-4c0b-90ed-36301eed4ec4,24,24,406.0,406.0,53,13,return,        return TexlipseProperties.OUTPUT_FORMAT_PDF;,matched,163.6,660,218.79999999999998,680,191.2,670.0
954a78fa-1886-4505-9562-7a34e18a0910,24,138,3038.0,3038.0,53,13,return,        return TexlipseProperties.OUTPUT_FORMAT_PDF;,matched,163.6,660,218.79999999999998,680,191.2,670.0
ba5e2d17-7ad0-47b2-b83d-bdaf453fde57,24,169,392.0,392.0,53,13,return,        return TexlipseProperties.OUTPUT_FORMAT_PDF;,matched,163.6,660,218.79999999999998,680,191.2,670.0
325f51ec-a635-4289-8a12-5bd403644d9a,24,50,177.0,177.0,53,14,return,        return TexlipseProperties.OUTPUT_FORMAT_PDF;,matched,163.6,660,218.79999999999998,680,191.2,670.0
1ff1223d-521f-467a-9d88-ef6bdfe19b11,24,171,257.0,257.0,53,14,return,        return TexlipseProperties.OUTPUT_FORMAT_PDF;,matched,163.6,660,218.79999999999998,680,191.2,670.0
71e3cbee-ce44-4047-834f-cc39a7ada804,24,168,391.0,391.0,53,20,TexlipseProperties,        return TexlipseProperties.OUTPUT_FORMAT_PDF;,matched,228.0,660,393.59999999999997,680,310.79999999999995,670.0
a129638d-644a-4d45-a152-a7d8f4427481,24,73,303.0,303.0,53,21,TexlipseProperties,        return TexlipseProperties.OUTPUT_FORMAT_PDF;,matched,228.0,660,393.59999999999997,680,310.79999999999995,670.0
6b871354-9e7d-4e7b-add0-4deaa889b2ee,24,51,224.0,224.0,53,22,TexlipseProperties,        return TexlipseProperties.OUTPUT_FORMAT_PDF;,matched,228.0,660,393.59999999999997,680,310.79999999999995,670.0
4b3d54d7-968e-49b0-9a34-d75071748fba,24,96,826.0,826.0,53,22,TexlipseProperties,        return TexlipseProperties.OUTPUT_FORMAT_PDF;,matched,228.0,660,393.59999999999997,680,310.79999999999995,670.0
dfabac03-c646-4525-bed3-8500850aee49,24,128,313.0,313.0,53,24,TexlipseProperties,        return TexlipseProperties.OUTPUT_FORMAT_PDF;,matched,228.0,660,393.59999999999997,680,310.79999999999995,670.0
4b79b3ef-1dcc-42f3-9363-46b0af2f2199,24,54,224.0,224.0,53,26,TexlipseProperties,        return TexlipseProperties.OUTPUT_FORMAT_PDF;,matched,228.0,660,393.59999999999997,680,310.79999999999995,670.0
74a4ce29-d048-4bc2-ad49-810182976ec6,24,170,784.0,784.0,53,26,TexlipseProperties,        return TexlipseProperties.OUTPUT_FORMAT_PDF;,matched,228.0,660,393.59999999999997,680,310.79999999999995,670.0
25a4af3b-fb64-4685-b2b3-311a6768c050,24,52,250.0,250.0,53,28,TexlipseProperties,        return TexlipseProperties.OUTPUT_FORMAT_PDF;,matched,228.0,660,393.59999999999997,680,310.79999999999995,670.0
d0aafb7d-f7e2-44c1-a187-a52efcddf164,24,129,230.0,230.0,53,29,TexlipseProperties,        return TexlipseProperties.OUTPUT_FORMAT_PDF;,matched,228.0,660,393.59999999999997,680,310.79999999999995,670.0
45350c7a-556c-47e1-b15d-2a425e67173c,25,1,544.0,544.0,21,18,XelatexRunner, public class XelatexRunner extends LatexRunner {,matched,218.79999999999998,20,338.4,40,278.59999999999997,30.0
b65addf1-79a7-4afa-a19e-27ad825df855,25,88,184.0,184.0,21,33,extends, public class XelatexRunner extends LatexRunner {,matched,347.59999999999997,20,412.0,40,379.79999999999995,30.0
ccf1a580-6b46-4725-a7f4-6ab6b255b231,25,100,123.0,123.0,21,33,extends, public class XelatexRunner extends LatexRunner {,matched,347.59999999999997,20,412.0,40,379.79999999999995,30.0
e7116212-2630-4898-bc15-f17deeb1cec8,25,53,100.0,100.0,21,34,extends, public class XelatexRunner extends LatexRunner {,matched,347.59999999999997,20,412.0,40,379.79999999999995,30.0
62c07c66-603d-445d-8233-3ea403640369,25,101,582.0,582.0,21,34,extends, public class XelatexRunner extends LatexRunner {,matched,347.59999999999997,20,412.0,40,379.79999999999995,30.0
994325eb-eb30-4cc7-baa4-ef258de85bc5,25,2,109.0,109.0,21,35,extends, public class XelatexRunner extends LatexRunner {,matched,347.59999999999997,20,412.0,40,379.79999999999995,30.0
a1b689ad-5e5a-416f-9574-32da61864eb4,25,114,121.0,121.0,21,38,LatexRunner, public class XelatexRunner extends LatexRunner {,matched,237.2,20,338.4,40,287.79999999999995,30.0
f70974c0-9ae5-45a9-a9fe-d9213becb5fa,25,146,1421.0,1421.0,21,38,LatexRunner, public class XelatexRunner extends LatexRunner {,matched,237.2,20,338.4,40,287.79999999999995,30.0
b4d62a58-7e86-4193-b371-9ca54eac398b,25,89,280.0,280.0,21,40,LatexRunner, public class XelatexRunner extends LatexRunner {,matched,237.2,20,338.4,40,287.79999999999995,30.0
b75552bf-2d71-40e6-b548-99f661051cbb,25,124,110.0,110.0,21,40,LatexRunner, public class XelatexRunner extends LatexRunner {,matched,237.2,20,338.4,40,287.79999999999995,30.0
c6dbd2e3-fe0b-42bd-8980-2f24112b1c8b,25,3,164.0,164.0,21,41,LatexRunner, public class XelatexRunner extends LatexRunner {,matched,421.2,20,522.4,40,471.79999999999995,30.0
1182f569-49e2-4039-a9d0-b680457da1ab,25,5,208.0,208.0,24,14,WHITESPACE,     * Create a new ProgramRunner.,approx_whitespace,393.59999999999997,80,402.79999999999995,100,398.19999999999993,90.0
70a1483c-961f-4fcd-872c-3f04419cc39e,25,14,273.0,273.0,24,22,ProgramRunner.,     * Create a new ProgramRunner.,matched,274.0,80,402.79999999999995,100,338.4,90.0
bb8c2316-877d-4607-8b5e-6228819617bd,25,98,235.0,235.0,24,23,ProgramRunner.,     * Create a new ProgramRunner.,matched,274.0,80,402.79999999999995,100,338.4,90.0
bf85cf78-65ac-4a30-9014-ddfebb4f8fa7,25,6,260.0,260.0,24,26,ProgramRunner.,     * Create a new ProgramRunner.,matched,274.0,80,402.79999999999995,100,338.4,90.0
a1c69ffa-63cd-4f57-9c17-4e9d0d38d04e,25,123,86.0,86.0,24,30,ProgramRunner.,     * Create a new ProgramRunner.,matched,274.0,80,402.79999999999995,100,338.4,90.0
3ed8394e-41ba-46d4-b799-3fbeadf62a49,25,93,110.0,110.0,26,12,XelatexRunner,    public XelatexRunner() {,matched,191.2,120,310.79999999999995,140,250.99999999999997,130.0
de524e89-3dd1-4788-ba69-7a0cdf066d63,25,4,330.0,330.0,26,16,XelatexRunner,    public XelatexRunner() {,matched,191.2,120,310.79999999999995,140,250.99999999999997,130.0
8d5f5904-a34e-42a9-81a0-b56ac5949105,25,95,284.0,284.0,26,16,XelatexRunner,    public XelatexRunner() {,matched,191.2,120,310.79999999999995,140,250.99999999999997,130.0
0d02b2cf-0e35-4001-9532-f95951895148,25,128,244.0,244.0,26,16,XelatexRunner,    public XelatexRunner() {,matched,191.2,120,310.79999999999995,140,250.99999999999997,130.0
80e032c1-acd4-4afb-a565-fb065115abad,25,35,210.0,210.0,26,17,XelatexRunner,    public XelatexRunner() {,matched,191.2,120,310.79999999999995,140,250.99999999999997,130.0
3c0684d9-9f62-4a0d-b8a4-87cc881f2296,25,92,262.0,262.0,26,18,XelatexRunner,    public XelatexRunner() {,matched,191.2,120,310.79999999999995,140,250.99999999999997,130.0
9eb7dffa-1db6-407e-a257-37c7b8b7face,25,97,175.0,175.0,26,19,XelatexRunner,    public XelatexRunner() {,matched,191.2,120,310.79999999999995,140,250.99999999999997,130.0
defa5b01-8ee7-402d-af1f-eafb791e1dad,25,127,146.0,146.0,26,21,XelatexRunner,    public XelatexRunner() {,matched,191.2,120,310.79999999999995,140,250.99999999999997,130.0
f3a627a6-c41a-42f7-99a2-f95f5cea199d,25,57,83.0,83.0,26,23,XelatexRunner,    public XelatexRunner() {,matched,191.2,120,310.79999999999995,140,250.99999999999997,130.0
bccfbff9-ef2f-45e9-9042-5cf878b6cec3,25,113,1317.0,1317.0,26,25,(),    public XelatexRunner() {,matched,310.79999999999995,120,329.2,140,320.0,130.0
bb18450b-e33e-4a5f-a635-73283706f6a1,25,49,208.0,208.0,27,14,(),        super();,matched,209.6,140,228.0,160,218.8,150.0
e8ad7091-61d8-4c2c-b4f2-88873c4ae08c,25,96,141.0,141.0,27,15,(),        super();,matched,209.6,140,228.0,160,218.8,150.0
2663aebf-36d3-4a0b-afef-d1e6f27fad21,25,23,605.0,605.0,30,11,protected,    protected String getWindowsProgramName() {,matched,126.8,200,209.6,220,168.2,210.0
70b6e254-a329-4517-8bf8-b8d02178db84,25,15,493.0,493.0,30,14,WHITESPACE,    protected String getWindowsProgramName() {,approx_whitespace,503.99999999999994,200,513.2,220,508.6,210.0
330bf8e5-46e9-4bb9-a5bc-c1b31255febb,25,58,309.0,309.0,30,15,String,    protected String getWindowsProgramName() {,matched,218.79999999999998,200,274.0,220,246.39999999999998,210.0
33c301de-94a3-4333-b773-2f2360120395,25,7,279.0,279.0,30,18,String,    protected String getWindowsProgramName() {,matched,218.79999999999998,200,274.0,220,246.39999999999998,210.0
8310aeb0-5ddf-4872-9e2b-93aa25ea4133,25,24,139.0,139.0,30,19,String,    protected String getWindowsProgramName() {,matched,218.79999999999998,200,274.0,220,246.39999999999998,210.0
73963b56-26da-4315-b26a-eb3632af0c99,25,21,247.0,247.0,30,20,String,    protected String getWindowsProgramName() {,matched,218.79999999999998,200,274.0,220,246.39999999999998,210.0
107787a5-c4f9-42e5-8e6a-950ce30e3af4,25,112,586.0,586.0,30,24,getWindowsProgramName,    protected String getWindowsProgramName() {,matched,283.2,200,476.4,220,379.79999999999995,210.0
b97b0492-6b0c-40e3-b2e0-37a80a9c71f3,25,16,177.0,177.0,30,25,getWindowsProgramName,    protected String getWindowsProgramName() {,matched,283.2,200,476.4,220,379.79999999999995,210.0
2e1b8ba8-6d8d-4b33-af3f-e486779fb14f,25,50,314.0,314.0,30,25,getWindowsProgramName,    protected String getWindowsProgramName() {,matched,283.2,200,476.4,220,379.79999999999995,210.0
895b68ed-322a-49b6-a1ea-42cd4c209f05,25,22,182.0,182.0,30,27,getWindowsProgramName,    protected String getWindowsProgramName() {,matched,283.2,200,476.4,220,379.79999999999995,210.0
286cc71d-524e-4f57-b989-841a8143298b,25,25,507.0,507.0,30,27,getWindowsProgramName,    protected String getWindowsProgramName() {,matched,283.2,200,476.4,220,379.79999999999995,210.0
51974d35-7dc4-4d02-b4f2-21dbf6105a54,25,118,633.0,633.0,30,27,getWindowsProgramName,    protected String getWindowsProgramName() {,matched,283.2,200,476.4,220,379.79999999999995,210.0
e86bc28e-5c38-42a4-924d-5ae78cd9bd60,25,19,198.0,198.0,30,28,getWindowsProgramName,    protected String getWindowsProgramName() {,matched,283.2,200,476.4,220,379.79999999999995,210.0
29ec98a1-2e07-49c9-801d-36d0a904a5a9,25,51,172.0,172.0,30,28,getWindowsProgramName,    protected String getWindowsProgramName() {,matched,283.2,200,476.4,220,379.79999999999995,210.0
faf2781f-c379-4581-af0e-4a61109a04d7,25,17,143.0,143.0,30,31,getWindowsProgramName,    protected String getWindowsProgramName() {,matched,283.2,200,476.4,220,379.79999999999995,210.0
f6e75f75-dc6a-472e-b351-f923fc01eb39,25,116,1173.0,1173.0,30,32,getWindowsProgramName,    protected String getWindowsProgramName() {,matched,283.2,200,476.4,220,379.79999999999995,210.0
22eaa68a-402e-4f9a-8e44-9f27f537660c,25,20,342.0,342.0,30,35,getWindowsProgramName,    protected String getWindowsProgramName() {,matched,283.2,200,476.4,220,379.79999999999995,210.0
c994002a-cd9c-418b-9591-ed1da470401f,25,52,258.0,258.0,30,36,getWindowsProgramName,    protected String getWindowsProgramName() {,matched,283.2,200,476.4,220,379.79999999999995,210.0
e8ac8be4-d58d-4e26-87d9-fe013f497fdb,25,26,168.0,168.0,30,37,getWindowsProgramName,    protected String getWindowsProgramName() {,matched,283.2,200,476.4,220,379.79999999999995,210.0
a23576f8-5b19-4ce9-88da-9c0ce83b14a3,25,87,142.0,142.0,30,37,getWindowsProgramName,    protected String getWindowsProgramName() {,matched,283.2,200,476.4,220,379.79999999999995,210.0
81ab29b0-8f5a-4ad5-bd75-1851310a0acf,25,84,337.0,337.0,31,14,return,"        return ""xelatex.exe"";",matched,163.6,220,218.79999999999998,240,191.2,230.0
1f0e1564-47a6-4595-ada2-7088aa763748,25,29,206.0,206.0,31,24,.,"        return ""xelatex.exe"";",matched,301.6,220,310.79999999999995,240,306.2,230.0
54fc8b34-5048-4149-979b-17fc561f8b6b,25,86,401.0,401.0,31,24,.,"        return ""xelatex.exe"";",matched,301.6,220,310.79999999999995,240,306.2,230.0
2f3c6366-2ec5-4e05-af48-96b897cc0a54,25,117,171.0,171.0,31,24,.,"        return ""xelatex.exe"";",matched,301.6,220,310.79999999999995,240,306.2,230.0
c937b5cc-af0e-4ca1-bf52-1430f2ee2d6b,25,129,606.0,606.0,31,24,.,"        return ""xelatex.exe"";",matched,301.6,220,310.79999999999995,240,306.2,230.0
d4cfc713-64db-4a45-962d-55c89748bb2d,25,130,857.0,857.0,31,24,.,"        return ""xelatex.exe"";",matched,301.6,220,310.79999999999995,240,306.2,230.0
b42d14b6-12c6-4673-b922-ee9b94223ee8,25,37,103.0,103.0,34,13,protected,    protected String getUnixProgramName() {,matched,126.8,280,209.6,300,168.2,290.0
3c430cf8-304e-45a3-88c8-8f48608c2034,25,62,86.0,86.0,34,20,String,    protected String getUnixProgramName() {,matched,218.79999999999998,280,274.0,300,246.39999999999998,290.0
781c375a-73c7-4634-a4e7-255f364e94ca,25,34,174.0,174.0,34,21,WHITESPACE,    protected String getUnixProgramName() {,approx_whitespace,476.4,280,485.59999999999997,300,481.0,290.0
89497531-89ed-4093-9ea2-87ce3d3fc68a,25,18,94.0,94.0,34,22,getUnixProgramName,    protected String getUnixProgramName() {,matched,283.2,280,448.79999999999995,300,366.0,290.0
0a711396-4208-462c-b3a2-a5632eae73be,25,54,380.0,380.0,34,23,getUnixProgramName,    protected String getUnixProgramName() {,matched,283.2,280,448.79999999999995,300,366.0,290.0
0662c276-4156-4e2f-96de-1849a7139052,25,65,266.0,266.0,34,25,getUnixProgramName,    protected String getUnixProgramName() {,matched,283.2,280,448.79999999999995,300,366.0,290.0
524c753f-e628-468c-9019-8ccaee474cda,25,61,194.0,194.0,34,30,getUnixProgramName,    protected String getUnixProgramName() {,matched,283.2,280,448.79999999999995,300,366.0,290.0
58e57b0c-2ac6-41d8-8649-92ec90412cea,25,38,97.0,97.0,35,10,return,"        return ""xelatex"";",matched,163.6,300,218.79999999999998,320,191.2,310.0
2eeb67ab-4b49-4e40-845d-591bba757439,25,66,123.0,123.0,35,11,return,"        return ""xelatex"";",matched,163.6,300,218.79999999999998,320,191.2,310.0
6d3868a5-1b08-4aa1-ac07-10cd8529b3af,25,63,285.0,285.0,35,12,return,"        return ""xelatex"";",matched,163.6,300,218.79999999999998,320,191.2,310.0
35e63715-ffb9-43b5-ba5e-f19d9f283ec1,25,48,326.0,326.0,38,18,WHITESPACE,    public String getDescription() {,approx_whitespace,412.0,360,421.2,380,416.6,370.0
c06c2c60-b0aa-4e32-a0f7-c6a21e6be05c,25,31,816.0,816.0,38,22,getDescription,    public String getDescription() {,matched,255.6,360,384.4,380,320.0,370.0
985c5854-0aac-4b6f-a7d8-da4d03a3d544,25,64,167.0,167.0,38,31,getDescription,    public String getDescription() {,matched,255.6,360,384.4,380,320.0,370.0
92ed0e63-6177-40fc-ba86-5ec4e145de09,25,104,255.0,255.0,39,24,WHITESPACE,"        return ""XeLatex program"";",approx_whitespace,384.4,380,393.59999999999997,400,389.0,390.0
833bf65e-f574-448e-81d8-9e45e70850ac,25,109,309.0,309.0,39,24,WHITESPACE,"        return ""XeLatex program"";",approx_whitespace,384.4,380,393.59999999999997,400,389.0,390.0
f1f7ca12-e46f-41ed-9107-495d28640fe8,25,9,120.0,120.0,45,12,String,    public String getDefaultArguments() {,matched,191.2,500,246.39999999999998,520,218.79999999999998,510.0
2e48760e-a982-4315-a54f-e139d97d4efe,25,67,129.0,129.0,45,16,String,    public String getDefaultArguments() {,matched,191.2,500,246.39999999999998,520,218.79999999999998,510.0
fd155c22-795d-40c7-8ece-87d1ddcabbed,25,79,428.0,428.0,45,19,getDefaultArguments,    public String getDefaultArguments() {,matched,255.6,500,430.4,520,343.0,510.0
dd3b2e60-5da5-4d26-a43d-8c20e898ae07,25,73,237.0,237.0,45,20,getDefaultArguments,    public String getDefaultArguments() {,matched,255.6,500,430.4,520,343.0,510.0
e216bbb2-0c9a-48f0-96db-a862d5c6eb1d,25,55,253.0,253.0,45,25,getDefaultArguments,    public String getDefaultArguments() {,matched,255.6,500,430.4,520,343.0,510.0
bd19e3ff-75d6-41c9-9dbe-01100daf4a8c,25,74,139.0,139.0,45,26,getDefaultArguments,    public String getDefaultArguments() {,matched,255.6,500,430.4,520,343.0,510.0
02a16e69-ec6e-4d5b-a0eb-3ca535f47924,25,72,156.0,156.0,45,33,getDefaultArguments,    public String getDefaultArguments() {,matched,255.6,500,430.4,520,343.0,510.0
9b81a313-5033-4f88-8773-eb3db57ab93a,25,110,217.0,217.0,45,37,getDefaultArguments,    public String getDefaultArguments() {,matched,255.6,500,430.4,520,343.0,510.0
494244f4-0aea-41c5-ab3a-9c21e2cc260a,25,137,578.0,578.0,46,22,synctex,"        return ""-synctex=1 ""+super.getDefaultArguments();",matched,246.39999999999998,520,310.79999999999995,540,278.59999999999997,530.0
fd4b5d4b-575f-4891-a494-7bffebc3b995,25,42,471.0,471.0,46,23,synctex,"        return ""-synctex=1 ""+super.getDefaultArguments();",matched,246.39999999999998,520,310.79999999999995,540,278.59999999999997,530.0
d5679b1c-92ee-482d-b406-279bee7af882,25,39,793.0,793.0,46,25,=,"        return ""-synctex=1 ""+super.getDefaultArguments();",matched,310.79999999999995,520,320.0,540,315.4,530.0
a00b29d3-2fbb-4079-bb32-38170c575872,25,43,571.0,571.0,46,27,WHITESPACE,"        return ""-synctex=1 ""+super.getDefaultArguments();",approx_whitespace,605.1999999999999,520,614.4,540,609.8,530.0
aae2d81f-2eff-4654-baac-5fb66474af6c,25,111,101.0,101.0,46,29,+,"        return ""-synctex=1 ""+super.getDefaultArguments();",matched,347.59999999999997,520,356.79999999999995,540,352.19999999999993,530.0
eba3e183-2ab9-4e11-bf5c-d8dd72b0eb4a,25,41,146.0,146.0,46,30,super,"        return ""-synctex=1 ""+super.getDefaultArguments();",matched,356.79999999999995,520,402.79999999999995,540,379.79999999999995,530.0
52a450fd-1a69-4f21-972f-e672159e09f9,25,78,143.0,143.0,46,32,super,"        return ""-synctex=1 ""+super.getDefaultArguments();",matched,356.79999999999995,520,402.79999999999995,540,379.79999999999995,530.0
129061f2-0939-4cc4-bebe-a25f0e66027e,25,40,147.0,147.0,46,39,getDefaultArguments,"        return ""-synctex=1 ""+super.getDefaultArguments();",matched,412.0,520,586.8,540,499.4,530.0
d0458fee-d2e3-4d32-9ad0-84437ee25c0d,25,77,96.0,96.0,46,42,getDefaultArguments,"        return ""-synctex=1 ""+super.getDefaultArguments();",matched,412.0,520,586.8,540,499.4,530.0
cf23f52d-63ce-4110-a365-e49e06d4d28c,25,71,147.0,147.0,46,43,getDefaultArguments,"        return ""-synctex=1 ""+super.getDefaultArguments();",matched,412.0,520,586.8,540,499.4,530.0
8e27daa4-7d81-4435-842a-c1e4d7232501,25,142,171.0,171.0,50,38,(pdf),     * @return output file format (pdf),matched,402.79999999999995,600,448.79999999999995,620,425.79999999999995,610.0
545ba4b4-667c-4966-994a-2ff6f8a8318d,25,81,174.0,174.0,52,15,String,    public String getOutputFormat() {,matched,191.2,640,246.39999999999998,660,218.79999999999998,650.0
0291704c-6bca-42d2-8cf5-50043047587f,25,68,533.0,533.0,52,22,getOutputFormat,    public String getOutputFormat() {,matched,255.6,640,393.59999999999997,660,324.59999999999997,650.0
fd62525a-df6d-4fff-973a-94078c14c4cc,25,82,425.0,425.0,52,22,getOutputFormat,    public String getOutputFormat() {,matched,255.6,640,393.59999999999997,660,324.59999999999997,650.0
dcf9a921-a954-437b-bd7b-7e35f3c15fc1,25,132,1484.0,1484.0,52,22,getOutputFormat,    public String getOutputFormat() {,matched,255.6,640,393.59999999999997,660,324.59999999999997,650.0
75ef9737-9dd9-4f57-b98b-cb74449d7595,25,80,580.0,580.0,52,23,getOutputFormat,    public String getOutputFormat() {,matched,255.6,640,393.59999999999997,660,324.59999999999997,650.0
52ebe483-7e55-42d1-9305-9e4ffb3058b7,25,141,1010.0,1010.0,52,25,getOutputFormat,    public String getOutputFormat() {,matched,255.6,640,393.59999999999997,660,324.59999999999997,650.0
200d1f91-0cf3-4e7b-bd8b-2c84d130eae0,25,143,296.0,296.0,52,26,getOutputFormat,    public String getOutputFormat() {,matched,255.6,640,393.59999999999997,660,324.59999999999997,650.0
b4670a1e-9433-4bd8-9332-d2f04e9ccbca,25,46,140.0,140.0,53,20,TexlipseProperties,        return TexlipseProperties.OUTPUT_FORMAT_PDF;,matched,228.0,660,393.59999999999997,680,310.79999999999995,670.0
175bfef7-8ce9-42d5-b9b7-cf7c54c03216,25,135,432.0,432.0,53,22,TexlipseProperties,        return TexlipseProperties.OUTPUT_FORMAT_PDF;,matched,228.0,660,393.59999999999997,680,310.79999999999995,670.0
47bdf0d2-6fac-4c80-bf7f-85db1b85e4ce,25,75,660.0,660.0,53,24,TexlipseProperties,        return TexlipseProperties.OUTPUT_FORMAT_PDF;,matched,228.0,660,393.59999999999997,680,310.79999999999995,670.0
acef8f16-7765-4189-abd1-978d207e0e36,25,44,1623.0,1623.0,53,25,TexlipseProperties,        return TexlipseProperties.OUTPUT_FORMAT_PDF;,matched,228.0,660,393.59999999999997,680,310.79999999999995,670.0
4e092261-fb03-4506-9501-1577c945dd07,25,47,116.0,116.0,53,25,TexlipseProperties,        return TexlipseProperties.OUTPUT_FORMAT_PDF;,matched,228.0,660,393.59999999999997,680,310.79999999999995,670.0
64ca25f1-57a8-4c79-abb3-b46e61c19767,25,69,110.0,110.0,53,28,TexlipseProperties,        return TexlipseProperties.OUTPUT_FORMAT_PDF;,matched,228.0,660,393.59999999999997,680,310.79999999999995,670.0
4da99f0b-9c6f-4bd8-ad20-f1d771c2b15a,25,134,100.0,100.0,53,28,TexlipseProperties,        return TexlipseProperties.OUTPUT_FORMAT_PDF;,matched,228.0,660,393.59999999999997,680,310.79999999999995,670.0
72f45dbf-4103-4d26-9e2c-9bf6e804003f,25,107,219.0,219.0,53,30,TexlipseProperties,        return TexlipseProperties.OUTPUT_FORMAT_PDF;,matched,228.0,660,393.59999999999997,680,310.79999999999995,670.0
9d35869b-b899-4e6e-950a-0605ebd00dcc,25,144,154.0,154.0,53,34,.,        return TexlipseProperties.OUTPUT_FORMAT_PDF;,matched,393.59999999999997,660,402.79999999999995,680,398.19999999999993,670.0
395c666d-3257-4422-88a8-03c9c7a48c6c,25,133,179.0,179.0,53,37,OUTPUT_FORMAT_PDF;,        return TexlipseProperties.OUTPUT_FORMAT_PDF;,matched,402.79999999999995,660,568.4,680,485.59999999999997,670.0
dac12fb6-db17-41b7-96cf-496c49ff3a8d,25,136,230.0,230.0,53,38,OUTPUT_FORMAT_PDF;,        return TexlipseProperties.OUTPUT_FORMAT_PDF;,matched,402.79999999999995,660,568.4,680,485.59999999999997,670.0
a8622334-0219-4e5e-8a7b-61fc43ee4d90,25,70,438.0,438.0,53,39,OUTPUT_FORMAT_PDF;,        return TexlipseProperties.OUTPUT_FORMAT_PDF;,matched,402.79999999999995,660,568.4,680,485.59999999999997,670.0
692a45e1-da7e-414e-a900-92dcf1f16e49,25,76,204.0,204.0,53,39,OUTPUT_FORMAT_PDF;,        return TexlipseProperties.OUTPUT_FORMAT_PDF;,matched,402.79999999999995,660,568.4,680,485.59999999999997,670.0
8af6e35a-8a54-4832-9647-1f5b60596eb1,25,106,214.0,214.0,53,43,OUTPUT_FORMAT_PDF;,        return TexlipseProperties.OUTPUT_FORMAT_PDF;,matched,402.79999999999995,660,568.4,680,485.59999999999997,670.0
06737b3f-d217-46da-b44c-e90ebf929dd4,26,154,125.0,125.0,21,13,class, public class XelatexRunner extends LatexRunner {,matched,163.6,20,209.6,40,186.6,30.0
d8032744-9d29-486f-83c3-671850a02069,26,241,187.0,187.0,21,13,class, public class XelatexRunner extends LatexRunner {,matched,163.6,20,209.6,40,186.6,30.0
6b25728a-f790-4844-b292-748975f49630,26,1,583.0,583.0,21,15,XelatexRunner, public class XelatexRunner extends LatexRunner {,matched,218.79999999999998,20,338.4,40,278.59999999999997,30.0
453e3262-6318-4e49-a2f2-08d34ef22370,26,3,1002.0,1002.0,21,17,XelatexRunner, public class XelatexRunner extends LatexRunner {,matched,218.79999999999998,20,338.4,40,278.59999999999997,30.0
e7fcf689-202c-4422-a8a2-2dc34c038b2d,26,4,996.0,996.0,21,19,XelatexRunner, public class XelatexRunner extends LatexRunner {,matched,218.79999999999998,20,338.4,40,278.59999999999997,30.0
f2e66ec5-74e0-4223-8fe0-cd8970df9b24,26,198,273.0,273.0,21,19,XelatexRunner, public class XelatexRunner extends LatexRunner {,matched,218.79999999999998,20,338.4,40,278.59999999999997,30.0
c04a402f-dc52-4dd4-aeb4-fe678c7287ec,26,157,864.0,864.0,21,20,XelatexRunner, public class XelatexRunner extends LatexRunner {,matched,218.79999999999998,20,338.4,40,278.59999999999997,30.0
6de35be4-71a4-4d13-b8ba-6aa1756802ed,26,172,213.0,213.0,21,20,XelatexRunner, public class XelatexRunner extends LatexRunner {,matched,218.79999999999998,20,338.4,40,278.59999999999997,30.0
e6e9f25f-ac8a-4338-93a3-e7809bce2658,26,201,576.0,576.0,21,20,XelatexRunner, public class XelatexRunner extends LatexRunner {,matched,218.79999999999998,20,338.4,40,278.59999999999997,30.0
8ef0b112-7492-45f5-9e9b-866d733d915d,26,44,307.0,307.0,21,21,XelatexRunner, public class XelatexRunner extends LatexRunner {,matched,218.79999999999998,20,338.4,40,278.59999999999997,30.0
7977e735-4f33-41e7-b4f3-7bf9817b59d7,26,2,150.0,150.0,21,23,XelatexRunner, public class XelatexRunner extends LatexRunner {,matched,218.79999999999998,20,338.4,40,278.59999999999997,30.0
7d704a5d-8a82-486b-9807-a37436bf125c,26,169,244.0,244.0,21,23,XelatexRunner, public class XelatexRunner extends LatexRunner {,matched,218.79999999999998,20,338.4,40,278.59999999999997,30.0
ae92267e-884c-4756-bf06-d2741077fc5e,26,175,109.0,109.0,21,24,XelatexRunner, public class XelatexRunner extends LatexRunner {,matched,218.79999999999998,20,338.4,40,278.59999999999997,30.0
865a59a2-5941-4681-8028-30f53b452097,26,199,157.0,157.0,21,29,extends, public class XelatexRunner extends LatexRunner {,matched,347.59999999999997,20,412.0,40,379.79999999999995,30.0
bce32557-aa70-4710-9e58-9bc5fe691150,26,206,339.0,339.0,21,29,extends, public class XelatexRunner extends LatexRunner {,matched,347.59999999999997,20,412.0,40,379.79999999999995,30.0
91a1d3e0-adc7-4ced-8fe9-1eab25a286a8,26,5,113.0,113.0,21,33,extends, public class XelatexRunner extends LatexRunner {,matched,347.59999999999997,20,412.0,40,379.79999999999995,30.0
31a07681-d9f4-4e8f-91c8-fbf1197f812a,26,170,794.0,794.0,21,34,extends, public class XelatexRunner extends LatexRunner {,matched,347.59999999999997,20,412.0,40,379.79999999999995,30.0
93b365fc-c324-469b-b191-a3db034b8ffd,26,6,533.0,533.0,21,39,LatexRunner, public class XelatexRunner extends LatexRunner {,matched,237.2,20,338.4,40,287.79999999999995,30.0
6ddb7a62-2606-4893-a46d-a37043ec7607,26,163,121.0,121.0,21,41,LatexRunner, public class XelatexRunner extends LatexRunner {,matched,421.2,20,522.4,40,471.79999999999995,30.0
5719e745-88d6-43ab-be30-a11cba987d89,26,171,231.0,231.0,21,41,LatexRunner, public class XelatexRunner extends LatexRunner {,matched,421.2,20,522.4,40,471.79999999999995,30.0
063dee93-7c26-4618-87c3-6ec831bc4165,26,200,248.0,248.0,21,41,LatexRunner, public class XelatexRunner extends LatexRunner {,matched,421.2,20,522.4,40,471.79999999999995,30.0
594db530-da63-4e10-8cf3-4bf5b1d1b9e3,26,155,204.0,204.0,23,7,/**,    /**,matched,126.8,60,154.39999999999998,80,140.6,70.0
afba9920-5ff4-474c-895a-06196cc4a7c4,26,10,134.0,134.0,24,14,WHITESPACE,     * Create a new ProgramRunner.,approx_whitespace,356.79999999999995,80,366.0,100,361.4,90.0
f03944b1-6890-400b-af6f-eeba96b5c94e,26,238,318.0,318.0,24,15,a,     * Create a new ProgramRunner.,matched,182.0,80,191.2,100,186.6,90.0
ba6098b8-fd46-42ec-9cfb-d858945f92d0,26,240,330.0,330.0,24,15,a,     * Create a new ProgramRunner.,matched,182.0,80,191.2,100,186.6,90.0
7f705b0b-fb26-4f10-abd2-13a425f1cb84,26,249,2144.0,2144.0,24,16,WHITESPACE,     * Create a new ProgramRunner.,approx_whitespace,393.59999999999997,80,402.79999999999995,100,398.19999999999993,90.0
ec48eedb-937a-4cf7-958a-55a2bb36b58d,26,165,346.0,346.0,24,17,new,     * Create a new ProgramRunner.,matched,237.2,80,264.79999999999995,100,250.99999999999997,90.0
4133cb12-bc82-4494-beff-f12a20672140,26,208,106.0,106.0,24,24,ProgramRunner.,     * Create a new ProgramRunner.,matched,274.0,80,402.79999999999995,100,338.4,90.0
d902dc80-3870-4996-b575-7af65eea2acb,26,197,204.0,204.0,24,26,ProgramRunner.,     * Create a new ProgramRunner.,matched,274.0,80,402.79999999999995,100,338.4,90.0
9f5193c3-c895-42dc-aaae-37b59af326cd,26,9,410.0,410.0,24,27,ProgramRunner.,     * Create a new ProgramRunner.,matched,274.0,80,402.79999999999995,100,338.4,90.0
a6804850-2380-4c24-a67b-6f27cf70a676,26,164,136.0,136.0,24,27,ProgramRunner.,     * Create a new ProgramRunner.,matched,274.0,80,402.79999999999995,100,338.4,90.0
b48983fb-0253-4d69-8858-b876e9d00171,26,156,124.0,124.0,25,1,WHITESPACE,     */,approx_whitespace,145.2,100,154.39999999999998,120,149.79999999999998,110.0
236a7c5f-5d10-420f-a461-d2bb915c6571,26,8,293.0,293.0,26,13,XelatexRunner,    public XelatexRunner() {,matched,191.2,120,310.79999999999995,140,250.99999999999997,130.0
a9f4283b-cb8f-49ad-8a3a-e3c8b7a952f0,26,43,249.0,249.0,26,14,XelatexRunner,    public XelatexRunner() {,matched,191.2,120,310.79999999999995,140,250.99999999999997,130.0
8b2e3d20-aecb-4ecd-8150-facc70c3b83b,26,210,708.0,708.0,26,14,XelatexRunner,    public XelatexRunner() {,matched,191.2,120,310.79999999999995,140,250.99999999999997,130.0
8f2c7494-c1c3-4fc2-8743-c7fcd009a151,26,11,345.0,345.0,26,15,XelatexRunner,    public XelatexRunner() {,matched,191.2,120,310.79999999999995,140,250.99999999999997,130.0
184e7f53-edff-4173-9c69-04aff8252eaa,26,248,2135.0,2135.0,26,17,XelatexRunner,    public XelatexRunner() {,matched,191.2,120,310.79999999999995,140,250.99999999999997,130.0
c437f1e1-932b-4528-9d6e-89c0816e0499,26,251,302.0,302.0,26,18,XelatexRunner,    public XelatexRunner() {,matched,191.2,120,310.79999999999995,140,250.99999999999997,130.0
571d3bfe-3a9b-40b0-a3bc-f0cc98874199,26,153,729.0,729.0,26,21,XelatexRunner,    public XelatexRunner() {,matched,191.2,120,310.79999999999995,140,250.99999999999997,130.0
ef1ba8a1-8949-45ee-a5f2-cd32a4644324,26,7,224.0,224.0,26,22,XelatexRunner,    public XelatexRunner() {,matched,191.2,120,310.79999999999995,140,250.99999999999997,130.0
be7839aa-76a8-47e1-9ea8-0c4e1727eab3,26,13,273.0,273.0,27,10,super,        super();,matched,163.6,140,209.6,160,186.6,150.0
e1c3ef0b-a509-453d-a42f-0cbc426d634c,26,14,1194.0,1194.0,27,16,;,        super();,matched,228.0,140,237.2,160,232.6,150.0
7ad71adc-465e-41c9-a98f-0e47070f8896,26,12,213.0,213.0,27,17,WHITESPACE,        super();,approx_whitespace,228.0,140,237.2,160,232.6,150.0
089e920f-d763-4fbe-aa77-e6975b75891c,26,211,1199.0,1199.0,27,17,WHITESPACE,        super();,approx_whitespace,228.0,140,237.2,160,232.6,150.0
a6b015cd-e952-4e72-bf2f-a561943cc40d,26,24,631.0,631.0,30,18,String,    protected String getWindowsProgramName() {,matched,218.79999999999998,200,274.0,220,246.39999999999998,210.0
2f3323e4-ff41-4f4f-be97-2cbf408cc72f,26,236,206.0,206.0,30,21,WHITESPACE,    protected String getWindowsProgramName() {,approx_whitespace,503.99999999999994,200,513.2,220,508.6,210.0
71e668fd-2181-4fae-8643-44cf02be4e7b,26,202,171.0,171.0,30,22,getWindowsProgramName,    protected String getWindowsProgramName() {,matched,283.2,200,476.4,220,379.79999999999995,210.0
48732876-aab0-4c84-aa6e-8d97d1e671bb,26,25,1225.0,1225.0,30,24,getWindowsProgramName,    protected String getWindowsProgramName() {,matched,283.2,200,476.4,220,379.79999999999995,210.0
9835f9d1-c5ee-44d7-962b-7849cb7987cc,26,20,493.0,493.0,30,25,getWindowsProgramName,    protected String getWindowsProgramName() {,matched,283.2,200,476.4,220,379.79999999999995,210.0
69b6a198-ad77-4021-9092-85900e0cee36,26,21,374.0,374.0,30,27,getWindowsProgramName,    protected String getWindowsProgramName() {,matched,283.2,200,476.4,220,379.79999999999995,210.0
3feee81b-803c-4946-a342-46bdf59e0143,26,26,102.0,102.0,30,33,getWindowsProgramName,    protected String getWindowsProgramName() {,matched,283.2,200,476.4,220,379.79999999999995,210.0
7b0780e4-ad2b-4d3d-9f6b-dd783c8a42f8,26,252,178.0,178.0,30,33,getWindowsProgramName,    protected String getWindowsProgramName() {,matched,283.2,200,476.4,220,379.79999999999995,210.0
ea0805e6-f3a2-4dbd-9ad8-3a0df1cf1853,26,22,446.0,446.0,30,35,getWindowsProgramName,    protected String getWindowsProgramName() {,matched,283.2,200,476.4,220,379.79999999999995,210.0
da68e26c-0deb-4ebe-a92c-f37b3d9e7b07,26,23,596.0,596.0,30,35,getWindowsProgramName,    protected String getWindowsProgramName() {,matched,283.2,200,476.4,220,379.79999999999995,210.0
6be4ec2e-cc36-4479-8047-8324bc40d261,26,243,694.0,694.0,31,13,return,"        return ""xelatex.exe"";",matched,163.6,220,218.79999999999998,240,191.2,230.0
0a0d437c-2471-4d83-8341-13249a74d95f,26,250,3422.0,3422.0,34,11,protected,    protected String getUnixProgramName() {,matched,126.8,280,209.6,300,168.2,290.0
75f52449-6b10-46d4-8fef-a4e496494fd4,26,237,819.0,819.0,34,12,protected,    protected String getUnixProgramName() {,matched,126.8,280,209.6,300,168.2,290.0
7b330560-3768-4611-bae1-9e752431e3dd,26,239,855.0,855.0,34,14,WHITESPACE,    protected String getUnixProgramName() {,approx_whitespace,476.4,280,485.59999999999997,300,481.0,290.0
cdfa6f95-8779-4ca6-ae3c-42a9c1eba543,26,244,680.0,680.0,34,14,WHITESPACE,    protected String getUnixProgramName() {,approx_whitespace,476.4,280,485.59999999999997,300,481.0,290.0
fe3f40cd-57a2-4475-83e4-802d4fc52562,26,246,1048.0,1048.0,34,14,WHITESPACE,    protected String getUnixProgramName() {,approx_whitespace,476.4,280,485.59999999999997,300,481.0,290.0
453ffe93-8d31-479f-aba2-df515fd7a9dc,26,247,305.0,305.0,34,14,WHITESPACE,    protected String getUnixProgramName() {,approx_whitespace,476.4,280,485.59999999999997,300,481.0,290.0
95d92f9a-2af6-4fcb-9e33-f941577eeadb,26,203,555.0,555.0,34,22,getUnixProgramName,    protected String getUnixProgramName() {,matched,283.2,280,448.79999999999995,300,366.0,290.0
471f32df-1b01-449a-8616-457af5f8409c,26,253,253.0,253.0,34,23,getUnixProgramName,    protected String getUnixProgramName() {,matched,283.2,280,448.79999999999995,300,366.0,290.0
1c1225db-f9fc-4996-a28b-315180b35f22,26,27,659.0,659.0,34,28,getUnixProgramName,    protected String getUnixProgramName() {,matched,283.2,280,448.79999999999995,300,366.0,290.0
56d6c0d0-9800-4c50-beb3-4a70cfa80d5d,26,254,2958.0,2958.0,34,40,(),    protected String getUnixProgramName() {,matched,448.79999999999995,280,467.2,300,458.0,290.0
9437d02c-95fa-46ad-bd85-3a7988c0526a,26,242,113.0,113.0,35,14,return,"        return ""xelatex"";",matched,163.6,300,218.79999999999998,320,191.2,310.0
7eac076c-6464-4963-8c97-df3f2071563c,26,52,627.0,627.0,38,8,public,    public String getDescription() {,matched,126.8,360,182.0,380,154.4,370.0
349bcf43-cc19-45e4-94c7-33032c690a2e,26,53,346.0,346.0,38,17,String,    public String getDescription() {,matched,191.2,360,246.39999999999998,380,218.79999999999998,370.0
5fe52b30-6d79-457f-a93b-f97c1f86c1ee,26,36,647.0,647.0,38,19,getDescription,    public String getDescription() {,matched,255.6,360,384.4,380,320.0,370.0
00d6ee6c-1d6b-4df1-bfa9-341d35405eba,26,33,446.0,446.0,38,20,getDescription,    public String getDescription() {,matched,255.6,360,384.4,380,320.0,370.0
a6b1bf83-0e26-4e81-8013-6fe554e73de0,26,32,990.0,990.0,38,22,getDescription,    public String getDescription() {,matched,255.6,360,384.4,380,320.0,370.0
ec854645-acc6-42be-b31e-a297edb0058b,26,34,199.0,199.0,38,25,getDescription,    public String getDescription() {,matched,255.6,360,384.4,380,320.0,370.0
4ee8792d-e2f1-4ec7-8255-137af78fd41b,26,37,193.0,193.0,38,27,getDescription,    public String getDescription() {,matched,255.6,360,384.4,380,320.0,370.0
88cd1291-362b-44fb-90cb-383760329cf4,26,35,158.0,158.0,38,28,getDescription,    public String getDescription() {,matched,255.6,360,384.4,380,320.0,370.0
dbf9abcf-43c1-45b2-a886-5ded2c5109ac,26,176,380.0,380.0,38,30,getDescription,    public String getDescription() {,matched,255.6,360,384.4,380,320.0,370.0
5d6daec7-0a04-4c00-9d95-6d23004368c7,26,152,112.0,112.0,39,6,WHITESPACE,"        return ""XeLatex program"";",approx_whitespace,209.6,380,218.79999999999998,400,214.2,390.0
d1725a2b-733e-4b39-9c1b-2078491bbca3,26,31,340.0,340.0,39,15,WHITESPACE,"        return ""XeLatex program"";",approx_whitespace,384.4,380,393.59999999999997,400,389.0,390.0
063000dc-21a7-4d70-90cb-18d64e915ec2,26,42,355.0,355.0,43,11,Enable,     * Enable SyncTeX,matched,154.39999999999998,460,209.6,480,182.0,470.0
4f39d5c8-8d56-451a-a810-4a00a27d5624,26,99,167.0,167.0,43,11,Enable,     * Enable SyncTeX,matched,154.39999999999998,460,209.6,480,182.0,470.0
34dfdeb1-5830-4b4e-809a-9fc2dfb0bc76,26,48,644.0,644.0,43,13,Enable,     * Enable SyncTeX,matched,154.39999999999998,460,209.6,480,182.0,470.0
717b422f-bac8-4bcf-a162-32f98ab9aab2,26,39,121.0,121.0,43,16,SyncTeX,     * Enable SyncTeX,matched,218.79999999999998,460,283.2,480,251.0,470.0
df5299f8-75fa-470f-9821-d19ad10f141c,26,41,252.0,252.0,43,17,SyncTeX,     * Enable SyncTeX,matched,218.79999999999998,460,283.2,480,251.0,470.0
dc52ae1a-9f31-4f3a-aa88-a0fb6203f044,26,57,1981.0,1981.0,43,18,SyncTeX,     * Enable SyncTeX,matched,218.79999999999998,460,283.2,480,251.0,470.0
39d21745-fc81-47e1-9735-8d6db24b35d3,26,101,360.0,360.0,43,20,SyncTeX,     * Enable SyncTeX,matched,218.79999999999998,460,283.2,480,251.0,470.0
c0ed34ad-8523-4d69-878e-4ecea3649301,26,51,432.0,432.0,45,9,public,    public String getDefaultArguments() {,matched,126.8,500,182.0,520,154.4,510.0
83765bb7-201a-401b-a950-a7ae44b5a032,26,40,157.0,157.0,45,12,String,    public String getDefaultArguments() {,matched,191.2,500,246.39999999999998,520,218.79999999999998,510.0
365eb0da-5252-459a-930e-043fc0c82cec,26,49,777.0,777.0,45,15,String,    public String getDefaultArguments() {,matched,191.2,500,246.39999999999998,520,218.79999999999998,510.0
fe6bf064-562e-4eca-9add-7143d6281e70,26,108,173.0,173.0,45,16,String,    public String getDefaultArguments() {,matched,191.2,500,246.39999999999998,520,218.79999999999998,510.0
a1a931fb-e64f-4570-8134-4d480247bd43,26,112,273.0,273.0,45,16,String,    public String getDefaultArguments() {,matched,191.2,500,246.39999999999998,520,218.79999999999998,510.0
12295d34-4d66-49b0-bce2-b3b3eafdbcd7,26,223,204.0,204.0,45,17,String,    public String getDefaultArguments() {,matched,191.2,500,246.39999999999998,520,218.79999999999998,510.0
61cfc48b-25b8-4521-8746-cc0707257959,26,177,703.0,703.0,45,21,getDefaultArguments,    public String getDefaultArguments() {,matched,255.6,500,430.4,520,343.0,510.0
7fd2805f-4064-4bc5-b1a5-8e288d65b51c,26,50,240.0,240.0,45,24,getDefaultArguments,    public String getDefaultArguments() {,matched,255.6,500,430.4,520,343.0,510.0
f4f0038f-a346-4b5d-a7cd-3b4172574f4f,26,60,514.0,514.0,45,24,getDefaultArguments,    public String getDefaultArguments() {,matched,255.6,500,430.4,520,343.0,510.0
cbda6e70-d9e8-4e4a-90f6-8a024c432628,26,107,583.0,583.0,45,24,getDefaultArguments,    public String getDefaultArguments() {,matched,255.6,500,430.4,520,343.0,510.0
93afa869-37d9-495c-b56b-b0cc389390eb,26,71,112.0,112.0,45,26,getDefaultArguments,    public String getDefaultArguments() {,matched,255.6,500,430.4,520,343.0,510.0
c2d2316a-272b-4106-a1bf-2990e7c62a25,26,54,880.0,880.0,45,27,getDefaultArguments,    public String getDefaultArguments() {,matched,255.6,500,430.4,520,343.0,510.0
260e1966-9e16-4d61-933a-87247d292e6c,26,64,1484.0,1484.0,45,31,getDefaultArguments,    public String getDefaultArguments() {,matched,255.6,500,430.4,520,343.0,510.0
304922bf-54b2-4b47-a834-c11a3b955941,26,178,98.0,98.0,45,31,getDefaultArguments,    public String getDefaultArguments() {,matched,255.6,500,430.4,520,343.0,510.0
263dfef6-1cb8-4060-b833-dee609a67a76,26,55,143.0,143.0,45,34,getDefaultArguments,    public String getDefaultArguments() {,matched,255.6,500,430.4,520,343.0,510.0
815167fc-f76a-4771-8c2d-a55fe0ff034a,26,191,405.0,405.0,45,39,(),    public String getDefaultArguments() {,matched,430.4,500,448.79999999999995,520,439.59999999999997,510.0
dbc70894-66f4-434f-ad38-385919c2d847,26,61,527.0,527.0,45,41,{,    public String getDefaultArguments() {,matched,458.0,500,467.2,520,462.6,510.0
b6bd372e-f4b2-4d44-b954-db085890d218,26,70,162.0,162.0,45,41,{,    public String getDefaultArguments() {,matched,458.0,500,467.2,520,462.6,510.0
30f1bc86-c463-4193-b91d-8533beef55e5,26,67,452.0,452.0,46,15,WHITESPACE,"        return ""-synctex=1 ""+super.getDefaultArguments();",approx_whitespace,605.1999999999999,520,614.4,540,609.8,530.0
9939e89b-1f18-4d40-aeb1-c676a555e332,26,89,120.0,120.0,46,17,-,"        return ""-synctex=1 ""+super.getDefaultArguments();",matched,237.2,520,246.39999999999998,540,241.79999999999998,530.0
ae112c9a-44db-406e-a942-ec7d6cbbd4c3,26,93,214.0,214.0,46,17,-,"        return ""-synctex=1 ""+super.getDefaultArguments();",matched,237.2,520,246.39999999999998,540,241.79999999999998,530.0
39a8f71a-2898-4822-9104-892ceb247aaa,26,106,229.0,229.0,46,18,synctex,"        return ""-synctex=1 ""+super.getDefaultArguments();",matched,246.39999999999998,520,310.79999999999995,540,278.59999999999997,530.0
93576c48-e98c-4476-af0e-2661ccd8d88f,26,234,203.0,203.0,46,18,synctex,"        return ""-synctex=1 ""+super.getDefaultArguments();",matched,246.39999999999998,520,310.79999999999995,540,278.59999999999997,530.0
959759db-6215-4bcb-92fa-a247b63c0470,26,216,234.0,234.0,46,19,synctex,"        return ""-synctex=1 ""+super.getDefaultArguments();",matched,246.39999999999998,520,310.79999999999995,540,278.59999999999997,530.0
de7de2fb-81ba-4b45-9e9c-ac175d38b42f,26,111,2087.0,2087.0,46,20,synctex,"        return ""-synctex=1 ""+super.getDefaultArguments();",matched,246.39999999999998,520,310.79999999999995,540,278.59999999999997,530.0
0b70b55c-e05f-49cc-a892-e7922599d194,26,56,898.0,898.0,46,21,synctex,"        return ""-synctex=1 ""+super.getDefaultArguments();",matched,246.39999999999998,520,310.79999999999995,540,278.59999999999997,530.0
4470de09-9183-4285-951d-b83bad4a4553,26,68,783.0,783.0,46,21,synctex,"        return ""-synctex=1 ""+super.getDefaultArguments();",matched,246.39999999999998,520,310.79999999999995,540,278.59999999999997,530.0
df7c182f-19dc-4822-9f14-329aad9b7af5,26,100,1344.0,1344.0,46,21,synctex,"        return ""-synctex=1 ""+super.getDefaultArguments();",matched,246.39999999999998,520,310.79999999999995,540,278.59999999999997,530.0
41ba243f-a1f2-4e08-9bb1-495af44a6d04,26,150,191.0,191.0,46,22,synctex,"        return ""-synctex=1 ""+super.getDefaultArguments();",matched,246.39999999999998,520,310.79999999999995,540,278.59999999999997,530.0
a44c74be-e619-4f9d-ad1d-648ed4828674,26,58,535.0,535.0,46,23,synctex,"        return ""-synctex=1 ""+super.getDefaultArguments();",matched,246.39999999999998,520,310.79999999999995,540,278.59999999999997,530.0
75917a0e-7baa-45ab-9474-635f271e484a,26,66,605.0,605.0,46,23,synctex,"        return ""-synctex=1 ""+super.getDefaultArguments();",matched,246.39999999999998,520,310.79999999999995,540,278.59999999999997,530.0
5cf70009-2d03-4b81-af17-ba34becc7631,26,90,121.0,121.0,46,24,synctex,"        return ""-synctex=1 ""+super.getDefaultArguments();",matched,246.39999999999998,520,310.79999999999995,540,278.59999999999997,530.0
21b82a18-75d8-4bba-a588-9e2cdfc076e2,26,188,206.0,206.0,46,24,synctex,"        return ""-synctex=1 ""+super.getDefaultArguments();",matched,246.39999999999998,520,310.79999999999995,540,278.59999999999997,530.0
d865ad35-518f-4f87-87c4-d959c18dac80,26,214,266.0,266.0,46,24,synctex,"        return ""-synctex=1 ""+super.getDefaultArguments();",matched,246.39999999999998,520,310.79999999999995,540,278.59999999999997,530.0
5dfd43b9-f1e6-47c6-9830-a772846cbdcb,26,59,135.0,135.0,46,26,1,"        return ""-synctex=1 ""+super.getDefaultArguments();",matched,320.0,520,329.2,540,324.6,530.0
e34e79f9-0285-476d-9285-fed01eb1373c,26,135,174.0,174.0,46,26,1,"        return ""-synctex=1 ""+super.getDefaultArguments();",matched,320.0,520,329.2,540,324.6,530.0
8acda223-5553-4138-9c6c-0acd0718e540,26,69,721.0,721.0,46,30,super,"        return ""-synctex=1 ""+super.getDefaultArguments();",matched,356.79999999999995,520,402.79999999999995,540,379.79999999999995,530.0
36cb9519-f508-4ad5-bbd5-a44d32536170,26,190,264.0,264.0,46,31,super,"        return ""-synctex=1 ""+super.getDefaultArguments();",matched,356.79999999999995,520,402.79999999999995,540,379.79999999999995,530.0
4cb06c4a-bd0f-4999-a606-ef2a108f17c5,26,91,193.0,193.0,46,33,super,"        return ""-synctex=1 ""+super.getDefaultArguments();",matched,356.79999999999995,520,402.79999999999995,540,379.79999999999995,530.0
2ece4959-96ed-479b-9cc1-5eea2e574bff,26,102,261.0,261.0,46,33,super,"        return ""-synctex=1 ""+super.getDefaultArguments();",matched,356.79999999999995,520,402.79999999999995,540,379.79999999999995,530.0
563fcec1-e51f-4a54-8518-926f4c2356cc,26,189,824.0,824.0,46,33,super,"        return ""-synctex=1 ""+super.getDefaultArguments();",matched,356.79999999999995,520,402.79999999999995,540,379.79999999999995,530.0
b1e8d94f-89fe-42ad-87b7-0b60d1ce93ee,26,109,173.0,173.0,46,35,.,"        return ""-synctex=1 ""+super.getDefaultArguments();",matched,402.79999999999995,520,412.0,540,407.4,530.0
bfbe55ad-a745-481e-a829-3af552c78c13,26,105,423.0,423.0,46,36,getDefaultArguments,"        return ""-synctex=1 ""+super.getDefaultArguments();",matched,412.0,520,586.8,540,499.4,530.0
8298cd75-06ce-4684-901d-a8f8e5923cb8,26,110,144.0,144.0,46,36,getDefaultArguments,"        return ""-synctex=1 ""+super.getDefaultArguments();",matched,412.0,520,586.8,540,499.4,530.0
af28a88f-f508-4503-8a08-a7ee1f5a91d0,26,187,395.0,395.0,46,36,getDefaultArguments,"        return ""-synctex=1 ""+super.getDefaultArguments();",matched,412.0,520,586.8,540,499.4,530.0
ef67bc25-35cc-4823-ad02-997bd6e013db,26,149,346.0,346.0,46,41,getDefaultArguments,"        return ""-synctex=1 ""+super.getDefaultArguments();",matched,412.0,520,586.8,540,499.4,530.0
2c61bd07-6933-42f6-bfcf-6baff6b6b889,26,103,364.0,364.0,46,42,getDefaultArguments,"        return ""-synctex=1 ""+super.getDefaultArguments();",matched,412.0,520,586.8,540,499.4,530.0
5990a31c-61c9-4a13-932e-90dd8da4fbd4,26,63,561.0,561.0,46,44,getDefaultArguments,"        return ""-synctex=1 ""+super.getDefaultArguments();",matched,412.0,520,586.8,540,499.4,530.0
8f373870-fccc-43a5-8832-75ede785adc8,26,65,492.0,492.0,46,44,getDefaultArguments,"        return ""-synctex=1 ""+super.getDefaultArguments();",matched,412.0,520,586.8,540,499.4,530.0
437b8626-1034-445b-b22f-8dac3441655e,26,92,332.0,332.0,46,45,getDefaultArguments,"        return ""-synctex=1 ""+super.getDefaultArguments();",matched,412.0,520,586.8,540,499.4,530.0
d05e066d-0dd5-4416-ab35-780817ce7de2,26,104,103.0,103.0,46,48,getDefaultArguments,"        return ""-synctex=1 ""+super.getDefaultArguments();",matched,412.0,520,586.8,540,499.4,530.0
b8af4d76-f060-44f0-b2ad-12a6aaf4b13a,26,62,137.0,137.0,46,49,getDefaultArguments,"        return ""-synctex=1 ""+super.getDefaultArguments();",matched,412.0,520,586.8,540,499.4,530.0
deb41cab-462f-463f-8c41-226ccd5fe9ac,26,224,261.0,261.0,46,50,getDefaultArguments,"        return ""-synctex=1 ""+super.getDefaultArguments();",matched,412.0,520,586.8,540,499.4,530.0
b3ed793c-3d56-4899-bf74-0c98d26e9360,26,133,83.0,83.0,47,6,WHITESPACE,    },approx_whitespace,126.8,540,136.0,560,131.4,550.0
281cee16-c749-4fd1-8d25-65f1a7304460,26,78,259.0,259.0,50,12,@return,     * @return output file format (pdf),matched,154.39999999999998,600,218.79999999999998,620,186.59999999999997,610.0
af7e38f3-bd89-48fa-926c-fabf97711a19,26,98,939.0,939.0,50,12,@return,     * @return output file format (pdf),matched,154.39999999999998,600,218.79999999999998,620,186.59999999999997,610.0
cd36ed05-efe1-48ab-b8e6-a7acc406f090,26,95,397.0,397.0,50,13,@return,     * @return output file format (pdf),matched,154.39999999999998,600,218.79999999999998,620,186.59999999999997,610.0
3257991c-a6f4-45db-b11c-295fe90e0d64,26,195,157.0,157.0,50,18,output,     * @return output file format (pdf),matched,228.0,600,283.2,620,255.6,610.0
fe8a4f92-1dab-4269-b5de-b59703cbaf38,26,123,217.0,217.0,50,19,output,     * @return output file format (pdf),matched,228.0,600,283.2,620,255.6,610.0
79c1b57f-66a8-4793-bcdc-82059a2f7f44,26,72,365.0,365.0,50,21,output,     * @return output file format (pdf),matched,228.0,600,283.2,620,255.6,610.0
ea580eaf-4a6f-44fe-86f2-3bbffaaebb78,26,79,394.0,394.0,50,21,output,     * @return output file format (pdf),matched,228.0,600,283.2,620,255.6,610.0
8e5e9b5f-0007-42f5-a0ab-ba2b8ba69781,26,230,324.0,324.0,50,23,file,     * @return output file format (pdf),matched,292.4,600,329.2,620,310.79999999999995,610.0
4d26f360-2f93-429c-92c7-ffb65119be21,26,77,239.0,239.0,50,24,file,     * @return output file format (pdf),matched,292.4,600,329.2,620,310.79999999999995,610.0
dbbd7115-c02b-4212-9ed1-edb888b79f75,26,179,642.0,642.0,50,25,file,     * @return output file format (pdf),matched,292.4,600,329.2,620,310.79999999999995,610.0
c4ef6dd5-5c3c-432d-8625-3661b1f700bb,26,81,199.0,199.0,50,26,file,     * @return output file format (pdf),matched,292.4,600,329.2,620,310.79999999999995,610.0
6aeb8f22-b642-402e-9481-8c30194e0bc1,26,122,700.0,700.0,50,26,file,     * @return output file format (pdf),matched,292.4,600,329.2,620,310.79999999999995,610.0
543dce3e-f6cf-410f-8fc5-e99c1fde0900,26,124,286.0,286.0,50,26,file,     * @return output file format (pdf),matched,292.4,600,329.2,620,310.79999999999995,610.0
7b265f9a-9e2f-4448-8d6c-4c7d6f726e76,26,125,116.0,116.0,50,26,file,     * @return output file format (pdf),matched,292.4,600,329.2,620,310.79999999999995,610.0
64ab85e9-b6b5-4a8b-85f9-0788bfa2344e,26,196,242.0,242.0,50,27,WHITESPACE,     * @return output file format (pdf),approx_whitespace,439.59999999999997,600,448.79999999999995,620,444.19999999999993,610.0
91f9282a-9c7c-43db-bd16-cac78cc0332f,26,120,215.0,215.0,50,30,format,     * @return output file format (pdf),matched,338.4,600,393.59999999999997,620,366.0,610.0
93434551-2cc3-42c0-86f1-c4df090afc17,26,80,646.0,646.0,50,32,format,     * @return output file format (pdf),matched,338.4,600,393.59999999999997,620,366.0,610.0
9792311a-06f8-45f2-952b-17fe16223f69,26,83,116.0,116.0,50,33,format,     * @return output file format (pdf),matched,338.4,600,393.59999999999997,620,366.0,610.0
848ab20d-ce8b-473c-a14c-f48f50a36075,26,121,151.0,151.0,50,35,(pdf),     * @return output file format (pdf),matched,402.79999999999995,600,448.79999999999995,620,425.79999999999995,610.0
848a9f50-4a26-4ea8-9824-4ec34eef566c,26,129,124.0,124.0,50,36,(pdf),     * @return output file format (pdf),matched,402.79999999999995,600,448.79999999999995,620,425.79999999999995,610.0
7cd64cc6-08a8-497f-82ab-3b123a717aaa,26,82,556.0,556.0,50,37,(pdf),     * @return output file format (pdf),matched,402.79999999999995,600,448.79999999999995,620,425.79999999999995,610.0
e8d6fe97-f65c-4e84-a7f1-f084259b766e,26,126,733.0,733.0,50,37,(pdf),     * @return output file format (pdf),matched,402.79999999999995,600,448.79999999999995,620,425.79999999999995,610.0
c668fbba-d301-4f96-b25d-be5eb09de122,26,97,899.0,899.0,52,9,public,    public String getOutputFormat() {,matched,126.8,640,182.0,660,154.4,650.0
af414417-9b84-47d3-a280-0ce65951c81e,26,131,231.0,231.0,52,11,WHITESPACE,    public String getOutputFormat() {,approx_whitespace,292.4,640,301.6,660,297.0,650.0
397e41eb-9a1d-47c9-bb67-c3b6be62a667,26,86,147.0,147.0,52,14,String,    public String getOutputFormat() {,matched,191.2,640,246.39999999999998,660,218.79999999999998,650.0
9a2b8b26-89f4-4f5f-887a-6de01410458e,26,115,290.0,290.0,52,16,String,    public String getOutputFormat() {,matched,191.2,640,246.39999999999998,660,218.79999999999998,650.0
2eb69c8d-5751-42c6-9901-0f75ce04ca53,26,128,112.0,112.0,52,16,String,    public String getOutputFormat() {,matched,191.2,640,246.39999999999998,660,218.79999999999998,650.0
fb6a3ea1-14c6-4d20-b3e2-393c021d6862,26,132,584.0,584.0,52,17,String,    public String getOutputFormat() {,matched,191.2,640,246.39999999999998,660,218.79999999999998,650.0
2f80d71b-5f20-4bf5-86c5-463a0e369989,26,130,261.0,261.0,52,18,WHITESPACE,    public String getOutputFormat() {,approx_whitespace,421.2,640,430.4,660,425.79999999999995,650.0
9960f302-7ff6-46ef-88a4-698bc740de33,26,228,491.0,491.0,52,18,WHITESPACE,    public String getOutputFormat() {,approx_whitespace,421.2,640,430.4,660,425.79999999999995,650.0
6abf2a4a-d529-49f7-afc6-33d1c1cafdbe,26,182,881.0,881.0,52,19,getOutputFormat,    public String getOutputFormat() {,matched,255.6,640,393.59999999999997,660,324.59999999999997,650.0
b449cff3-035d-464a-8d61-524d9c7fd083,26,194,122.0,122.0,52,19,getOutputFormat,    public String getOutputFormat() {,matched,255.6,640,393.59999999999997,660,324.59999999999997,650.0
7a075e15-5c16-4edc-9e34-73b6d93fd701,26,116,165.0,165.0,52,21,getOutputFormat,    public String getOutputFormat() {,matched,255.6,640,393.59999999999997,660,324.59999999999997,650.0
76cd9f72-285c-4467-943e-54f64f7f8657,26,192,114.0,114.0,52,21,getOutputFormat,    public String getOutputFormat() {,matched,255.6,640,393.59999999999997,660,324.59999999999997,650.0
3aa4a9e4-beef-45ca-bf37-b3130a3bf30e,26,127,140.0,140.0,52,22,getOutputFormat,    public String getOutputFormat() {,matched,255.6,640,393.59999999999997,660,324.59999999999997,650.0
b91413c3-093f-4da1-93fd-562d78bf8934,26,119,903.0,903.0,52,23,getOutputFormat,    public String getOutputFormat() {,matched,255.6,640,393.59999999999997,660,324.59999999999997,650.0
a628b774-e962-4a02-aa2a-d9f56f2af471,26,193,163.0,163.0,52,23,getOutputFormat,    public String getOutputFormat() {,matched,255.6,640,393.59999999999997,660,324.59999999999997,650.0
df3d803b-f3e0-4d47-9e14-e7b83d1d42b5,26,144,431.0,431.0,52,24,getOutputFormat,    public String getOutputFormat() {,matched,255.6,640,393.59999999999997,660,324.59999999999997,650.0
b74d0e62-2905-42ff-905f-3024d2270b83,26,113,313.0,313.0,52,26,getOutputFormat,    public String getOutputFormat() {,matched,255.6,640,393.59999999999997,660,324.59999999999997,650.0
ba00fcc6-16e8-4ba7-a8cb-68933ba1160f,26,117,391.0,391.0,52,26,getOutputFormat,    public String getOutputFormat() {,matched,255.6,640,393.59999999999997,660,324.59999999999997,650.0
60e0116b-e4a4-4faf-9b92-7ca3c21c4a94,26,73,954.0,954.0,52,27,getOutputFormat,    public String getOutputFormat() {,matched,255.6,640,393.59999999999997,660,324.59999999999997,650.0
1b95c900-1c5f-48a8-b18f-06b7ae9d83e5,26,87,224.0,224.0,52,27,getOutputFormat,    public String getOutputFormat() {,matched,255.6,640,393.59999999999997,660,324.59999999999997,650.0
bdbcf030-bbb9-4549-b59a-fb5fefd2743d,26,137,177.0,177.0,52,27,getOutputFormat,    public String getOutputFormat() {,matched,255.6,640,393.59999999999997,660,324.59999999999997,650.0
6d293b47-7968-4378-9a02-c21a867679c5,26,231,711.0,711.0,52,28,getOutputFormat,    public String getOutputFormat() {,matched,255.6,640,393.59999999999997,660,324.59999999999997,650.0
45e00589-eb13-4eaa-9b5d-7fc8df652c18,26,145,161.0,161.0,52,30,getOutputFormat,    public String getOutputFormat() {,matched,255.6,640,393.59999999999997,660,324.59999999999997,650.0
77fbdd07-1ba2-445a-b467-07048ab705b8,26,118,237.0,237.0,52,31,getOutputFormat,    public String getOutputFormat() {,matched,255.6,640,393.59999999999997,660,324.59999999999997,650.0
b2e0fb12-f714-4b13-aba4-e95f751b524b,26,143,138.0,138.0,52,34,(),    public String getOutputFormat() {,matched,393.59999999999997,640,412.0,660,402.79999999999995,650.0
b0218c99-1968-4697-bd1f-fecca89c3c89,26,94,263.0,263.0,53,11,return,        return TexlipseProperties.OUTPUT_FORMAT_PDF;,matched,163.6,660,218.79999999999998,680,191.2,670.0
96fbf2e4-69e5-4f6a-a1cd-24d1fc393a1d,26,186,122.0,122.0,53,12,return,        return TexlipseProperties.OUTPUT_FORMAT_PDF;,matched,163.6,660,218.79999999999998,680,191.2,670.0
a509034e-22c4-423f-9020-51a365269a8d,26,180,9088.0,5000.0,53,13,return,        return TexlipseProperties.OUTPUT_FORMAT_PDF;,matched,163.6,660,218.79999999999998,680,191.2,670.0
6f80113f-33a2-4de7-9824-442ee8ba8be2,26,221,256.0,256.0,53,13,return,        return TexlipseProperties.OUTPUT_FORMAT_PDF;,matched,163.6,660,218.79999999999998,680,191.2,670.0
b56cca31-fd18-4eef-a2cd-e50f58befbd7,26,229,268.0,268.0,53,13,return,        return TexlipseProperties.OUTPUT_FORMAT_PDF;,matched,163.6,660,218.79999999999998,680,191.2,670.0
c68a46d9-6933-4c36-9650-88d33b82374c,26,222,225.0,225.0,53,17,TexlipseProperties,        return TexlipseProperties.OUTPUT_FORMAT_PDF;,matched,228.0,660,393.59999999999997,680,310.79999999999995,670.0
3139ffa2-c1e2-4567-a7d3-de7e1ce08ca8,26,139,957.0,957.0,53,18,TexlipseProperties,        return TexlipseProperties.OUTPUT_FORMAT_PDF;,matched,228.0,660,393.59999999999997,680,310.79999999999995,670.0
ff599cbe-f95f-4f9a-b68b-b5751a6f4410,26,140,2664.0,2664.0,53,18,TexlipseProperties,        return TexlipseProperties.OUTPUT_FORMAT_PDF;,matched,228.0,660,393.59999999999997,680,310.79999999999995,670.0
87fff4cb-0f22-463c-97e3-a3d300b5661a,26,76,233.0,233.0,53,20,TexlipseProperties,        return TexlipseProperties.OUTPUT_FORMAT_PDF;,matched,228.0,660,393.59999999999997,680,310.79999999999995,670.0
a4cb70ba-0dba-4dd9-b6b4-b77b986547c1,26,88,1190.0,1190.0,53,20,TexlipseProperties,        return TexlipseProperties.OUTPUT_FORMAT_PDF;,matched,228.0,660,393.59999999999997,680,310.79999999999995,670.0
f7216e34-b459-432e-b595-84a913aade3a,26,138,4999.0,4999.0,53,20,TexlipseProperties,        return TexlipseProperties.OUTPUT_FORMAT_PDF;,matched,228.0,660,393.59999999999997,680,310.79999999999995,670.0
f5fdf870-deac-4643-87dc-420f97fc0574,26,136,4910.0,4910.0,53,21,TexlipseProperties,        return TexlipseProperties.OUTPUT_FORMAT_PDF;,matched,228.0,660,393.59999999999997,680,310.79999999999995,670.0
159a5dc3-483f-4433-aec7-0f49acee10bf,26,218,590.0,590.0,53,21,TexlipseProperties,        return TexlipseProperties.OUTPUT_FORMAT_PDF;,matched,228.0,660,393.59999999999997,680,310.79999999999995,670.0
9be993a9-5237-4a7d-ab0e-12bbc71a9cf8,26,84,230.0,230.0,53,22,TexlipseProperties,        return TexlipseProperties.OUTPUT_FORMAT_PDF;,matched,228.0,660,393.59999999999997,680,310.79999999999995,670.0
13dd7859-54c6-4e6b-a340-21b90f579799,26,227,291.0,291.0,53,23,TexlipseProperties,        return TexlipseProperties.OUTPUT_FORMAT_PDF;,matched,228.0,660,393.59999999999997,680,310.79999999999995,670.0
84efadce-0ebc-4e50-a5ca-60cf49ebdef9,26,217,96.0,96.0,53,24,TexlipseProperties,        return TexlipseProperties.OUTPUT_FORMAT_PDF;,matched,228.0,660,393.59999999999997,680,310.79999999999995,670.0
245b75b6-9bb3-4f6c-bc79-4f310ab5d28c,26,219,870.0,870.0,53,24,TexlipseProperties,        return TexlipseProperties.OUTPUT_FORMAT_PDF;,matched,228.0,660,393.59999999999997,680,310.79999999999995,670.0
d61044b4-42e8-4a0b-8891-41a76b1c6225,26,181,2179.0,2179.0,53,26,TexlipseProperties,        return TexlipseProperties.OUTPUT_FORMAT_PDF;,matched,228.0,660,393.59999999999997,680,310.79999999999995,670.0
ca97af81-3f13-43c8-bcfc-9b61da2748ba,26,226,259.0,259.0,53,28,TexlipseProperties,        return TexlipseProperties.OUTPUT_FORMAT_PDF;,matched,228.0,660,393.59999999999997,680,310.79999999999995,670.0
ed650f4f-901f-4d29-80ff-33c6d5e50867,26,75,386.0,386.0,53,31,TexlipseProperties,        return TexlipseProperties.OUTPUT_FORMAT_PDF;,matched,228.0,660,393.59999999999997,680,310.79999999999995,670.0
40de8434-fe54-494f-9868-ad3e9241910b,26,85,1063.0,1063.0,53,33,TexlipseProperties,        return TexlipseProperties.OUTPUT_FORMAT_PDF;,matched,228.0,660,393.59999999999997,680,310.79999999999995,670.0
dbf92e8c-2e4a-40e2-89af-da80d74b9dcc,26,74,200.0,200.0,53,36,OUTPUT_FORMAT_PDF;,        return TexlipseProperties.OUTPUT_FORMAT_PDF;,matched,402.79999999999995,660,568.4,680,485.59999999999997,670.0
c242b698-53fe-4dea-b974-52476c979b13,26,141,403.0,403.0,53,36,OUTPUT_FORMAT_PDF;,        return TexlipseProperties.OUTPUT_FORMAT_PDF;,matched,402.79999999999995,660,568.4,680,485.59999999999997,670.0
25853961-8400-492a-b5fd-efbd4667dd48,26,225,208.0,208.0,53,42,OUTPUT_FORMAT_PDF;,        return TexlipseProperties.OUTPUT_FORMAT_PDF;,matched,402.79999999999995,660,568.4,680,485.59999999999997,670.0
a3ea7b9e-c2b0-4e1a-af5e-711b6016e398,26,114,93.0,93.0,53,43,OUTPUT_FORMAT_PDF;,        return TexlipseProperties.OUTPUT_FORMAT_PDF;,matched,402.79999999999995,660,568.4,680,485.59999999999997,670.0
d4865868-fd69-4a49-a1be-8c0fc4cbf2e0,26,142,1138.0,1138.0,53,44,OUTPUT_FORMAT_PDF;,        return TexlipseProperties.OUTPUT_FORMAT_PDF;,matched,402.79999999999995,660,568.4,680,485.59999999999997,670.0
65a51d14-df59-4c4b-b283-a48fcbbdd611,26,183,1980.0,1980.0,53,45,OUTPUT_FORMAT_PDF;,        return TexlipseProperties.OUTPUT_FORMAT_PDF;,matched,402.79999999999995,660,568.4,680,485.59999999999997,670.0
ebd4d7db-5385-4f7a-a639-c7204dfe60dd,26,184,1152.0,1152.0,53,45,OUTPUT_FORMAT_PDF;,        return TexlipseProperties.OUTPUT_FORMAT_PDF;,matched,402.79999999999995,660,568.4,680,485.59999999999997,670.0
bb1b45de-506d-4d4a-9469-c4c1f2ce4508,26,185,3630.0,3630.0,53,46,OUTPUT_FORMAT_PDF;,        return TexlipseProperties.OUTPUT_FORMAT_PDF;,matched,402.79999999999995,660,568.4,680,485.59999999999997,670.0
b60de05f-faab-45b7-8044-689f14bac828,26,151,103.0,103.0,53,47,OUTPUT_FORMAT_PDF;,        return TexlipseProperties.OUTPUT_FORMAT_PDF;,matched,402.79999999999995,660,568.4,680,485.59999999999997,670.0
733206a3-bf0b-469a-ae35-6e82e07edc7d,26,146,144.0,144.0,53,49,OUTPUT_FORMAT_PDF;,        return TexlipseProperties.OUTPUT_FORMAT_PDF;,matched,402.79999999999995,660,568.4,680,485.59999999999997,670.0
43e280c3-4f59-4c6c-8e45-f81ddd2fccbf,27,4,203.0,203.0,21,11,class, public class XelatexRunner extends LatexRunner {,matched,163.6,20,209.6,40,186.6,30.0
8d1e61f4-182a-493c-9521-e337ac51c41c,27,7,200.0,200.0,21,14,WHITESPACE, public class XelatexRunner extends LatexRunner {,approx_whitespace,531.5999999999999,20,540.8,40,536.1999999999999,30.0
8095e524-b0b6-4b00-abec-0822717417f7,27,8,99.0,99.0,21,19,XelatexRunner, public class XelatexRunner extends LatexRunner {,matched,218.79999999999998,20,338.4,40,278.59999999999997,30.0
ab2d9c0b-1e3b-4f12-9233-8db887b3dee3,27,151,447.0,447.0,21,19,XelatexRunner, public class XelatexRunner extends LatexRunner {,matched,218.79999999999998,20,338.4,40,278.59999999999997,30.0
9d3a995d-4f03-48e6-8618-caa92c79e996,27,19,727.0,727.0,21,20,XelatexRunner, public class XelatexRunner extends LatexRunner {,matched,218.79999999999998,20,338.4,40,278.59999999999997,30.0
563aabd4-83c8-4d4b-8a9f-a1dcece2d5bc,27,2,141.0,141.0,21,21,XelatexRunner, public class XelatexRunner extends LatexRunner {,matched,218.79999999999998,20,338.4,40,278.59999999999997,30.0
2eafe22b-4a2e-4e61-a37f-28254b52e7ae,27,5,108.0,108.0,21,21,XelatexRunner, public class XelatexRunner extends LatexRunner {,matched,218.79999999999998,20,338.4,40,278.59999999999997,30.0
1f1a2a95-8fb9-4219-9703-b7475ce11582,27,11,388.0,388.0,21,27,XelatexRunner, public class XelatexRunner extends LatexRunner {,matched,218.79999999999998,20,338.4,40,278.59999999999997,30.0
ae626117-2f4d-4655-b418-1acc94139de8,27,3,270.0,270.0,21,29,extends, public class XelatexRunner extends LatexRunner {,matched,347.59999999999997,20,412.0,40,379.79999999999995,30.0
c3d8366e-e986-4953-8044-2b286a1cd5ee,27,125,122.0,122.0,21,31,extends, public class XelatexRunner extends LatexRunner {,matched,347.59999999999997,20,412.0,40,379.79999999999995,30.0
3c56cb05-d6fb-46b7-8816-c5393a27d304,27,6,230.0,230.0,21,32,extends, public class XelatexRunner extends LatexRunner {,matched,347.59999999999997,20,412.0,40,379.79999999999995,30.0
270517fa-97df-476d-8031-02cc9a7a7bf6,27,17,90.0,90.0,21,34,extends, public class XelatexRunner extends LatexRunner {,matched,347.59999999999997,20,412.0,40,379.79999999999995,30.0
8180ab37-54a5-45f8-8908-cb2a7ba5062a,27,29,206.0,206.0,21,34,extends, public class XelatexRunner extends LatexRunner {,matched,347.59999999999997,20,412.0,40,379.79999999999995,30.0
f9229f62-435a-491b-9821-e1b0e155bd87,27,126,155.0,155.0,21,37,LatexRunner, public class XelatexRunner extends LatexRunner {,matched,237.2,20,338.4,40,287.79999999999995,30.0
efde9523-e3ad-40dd-af82-85624a9be25a,27,196,236.0,236.0,21,38,LatexRunner, public class XelatexRunner extends LatexRunner {,matched,237.2,20,338.4,40,287.79999999999995,30.0
28c75e9e-e84e-4a7e-ad5a-f4d6b0ca8131,27,12,678.0,678.0,21,39,LatexRunner, public class XelatexRunner extends LatexRunner {,matched,237.2,20,338.4,40,287.79999999999995,30.0
3b8589e5-7bfa-400d-bdba-59669dbba3be,27,20,515.0,515.0,21,39,LatexRunner, public class XelatexRunner extends LatexRunner {,matched,237.2,20,338.4,40,287.79999999999995,30.0
283fb63f-c2e9-43cf-827c-a097f7cbc6ff,27,18,415.0,415.0,21,40,LatexRunner, public class XelatexRunner extends LatexRunner {,matched,421.2,20,522.4,40,471.79999999999995,30.0
426787bb-dac4-4531-8519-c0868f8aa334,27,30,223.0,223.0,21,40,LatexRunner, public class XelatexRunner extends LatexRunner {,matched,421.2,20,522.4,40,471.79999999999995,30.0
3469b66c-121c-4247-ade6-5fd5140f6cd2,27,152,2407.0,2407.0,21,41,LatexRunner, public class XelatexRunner extends LatexRunner {,matched,421.2,20,522.4,40,471.79999999999995,30.0
66677296-c2e4-48db-bb00-1d111fb60222,27,121,122.0,122.0,24,13,Create,     * Create a new ProgramRunner.,matched,154.39999999999998,80,209.6,100,182.0,90.0
accdf1bd-3060-43f2-9b6e-258e3ade531b,27,28,163.0,163.0,24,17,new,     * Create a new ProgramRunner.,matched,237.2,80,264.79999999999995,100,250.99999999999997,90.0
730ec3d8-fa57-4f01-aca7-3dba5641ed63,27,115,255.0,255.0,24,19,new,     * Create a new ProgramRunner.,matched,237.2,80,264.79999999999995,100,250.99999999999997,90.0
5923c073-3538-493a-b5f3-3b6605eb0dd6,27,9,136.0,136.0,24,21,ProgramRunner.,     * Create a new ProgramRunner.,matched,274.0,80,402.79999999999995,100,338.4,90.0
d3c5d409-c148-4d02-9dee-4d8460075116,27,127,153.0,153.0,24,27,ProgramRunner.,     * Create a new ProgramRunner.,matched,274.0,80,402.79999999999995,100,338.4,90.0
01dd1786-26fd-43c2-980f-b084a0f8bc30,27,13,207.0,207.0,26,10,public,    public XelatexRunner() {,matched,126.8,120,182.0,140,154.4,130.0
8d0d3708-e48c-4be9-a1fa-a2c517986f8b,27,14,1572.0,1572.0,26,13,XelatexRunner,    public XelatexRunner() {,matched,191.2,120,310.79999999999995,140,250.99999999999997,130.0
7c6152c4-ab0d-47e3-9aa1-1f38c2861152,27,149,217.0,217.0,26,13,XelatexRunner,    public XelatexRunner() {,matched,191.2,120,310.79999999999995,140,250.99999999999997,130.0
744f1426-a376-4688-9282-d62b3e476b65,27,1,122.0,122.0,26,15,XelatexRunner,    public XelatexRunner() {,matched,191.2,120,310.79999999999995,140,250.99999999999997,130.0
0273a159-2772-4d82-ac42-0e1ee5b5ffad,27,10,383.0,383.0,26,15,XelatexRunner,    public XelatexRunner() {,matched,191.2,120,310.79999999999995,140,250.99999999999997,130.0
6d738cfc-acb1-4bf2-ae27-2972013e3ccb,27,123,523.0,523.0,26,15,XelatexRunner,    public XelatexRunner() {,matched,191.2,120,310.79999999999995,140,250.99999999999997,130.0
e0f19faf-99ae-4c42-9881-72f018c3b88a,27,129,358.0,358.0,26,15,XelatexRunner,    public XelatexRunner() {,matched,191.2,120,310.79999999999995,140,250.99999999999997,130.0
b2bf5c72-6117-437e-bdd4-9c50444dcf1e,27,124,245.0,245.0,26,16,XelatexRunner,    public XelatexRunner() {,matched,191.2,120,310.79999999999995,140,250.99999999999997,130.0
cdc3e647-e194-4350-abdf-41fa91210b2c,27,128,247.0,247.0,26,16,XelatexRunner,    public XelatexRunner() {,matched,191.2,120,310.79999999999995,140,250.99999999999997,130.0
ac560dd8-fd15-44ea-9945-f6fe768fe71b,27,130,320.0,320.0,26,17,XelatexRunner,    public XelatexRunner() {,matched,191.2,120,310.79999999999995,140,250.99999999999997,130.0
606ee04e-1098-410b-ab24-e0dc4d45fa09,27,15,278.0,278.0,26,19,XelatexRunner,    public XelatexRunner() {,matched,191.2,120,310.79999999999995,140,250.99999999999997,130.0
c998515e-44f0-4382-bb0c-db01bbcee98a,27,193,232.0,232.0,26,19,XelatexRunner,    public XelatexRunner() {,matched,191.2,120,310.79999999999995,140,250.99999999999997,130.0
af6f0c35-acfc-4415-98c2-a771181e9faf,27,122,7200.0,5000.0,26,23,XelatexRunner,    public XelatexRunner() {,matched,191.2,120,310.79999999999995,140,250.99999999999997,130.0
84db489c-c3fc-437d-8717-1ff54eac8f8d,27,156,142.0,142.0,27,12,super,        super();,matched,163.6,140,209.6,160,186.6,150.0
1515d7d8-8daf-4ab5-a05a-6480ac087a15,27,165,330.0,330.0,27,13,super,        super();,matched,163.6,140,209.6,160,186.6,150.0
cd77e130-43b1-4193-ad3c-eaa8a5b97ea0,27,150,1217.0,1217.0,27,14,(),        super();,matched,209.6,140,228.0,160,218.8,150.0
b5b5b85f-6757-46c5-9a6f-a604f6789f17,27,22,659.0,659.0,30,10,protected,    protected String getWindowsProgramName() {,matched,126.8,200,209.6,220,168.2,210.0
5b70cd86-ca9a-439f-ae6d-64cc506afc91,27,23,606.0,606.0,30,15,String,    protected String getWindowsProgramName() {,matched,218.79999999999998,200,274.0,220,246.39999999999998,210.0
118203c3-fccc-4e46-94ce-0c6c38d01174,27,215,604.0,604.0,30,15,String,    protected String getWindowsProgramName() {,matched,218.79999999999998,200,274.0,220,246.39999999999998,210.0
dce31288-d5b1-4d7c-82e2-8a1d8b5c7f05,27,119,556.0,556.0,30,16,String,    protected String getWindowsProgramName() {,matched,218.79999999999998,200,274.0,220,246.39999999999998,210.0
da9326c9-7c54-4b65-99ba-d2075fad9cbc,27,164,266.0,266.0,30,16,String,    protected String getWindowsProgramName() {,matched,218.79999999999998,200,274.0,220,246.39999999999998,210.0
17ac0226-78df-4225-a209-6b23782da636,27,216,387.0,387.0,30,16,String,    protected String getWindowsProgramName() {,matched,218.79999999999998,200,274.0,220,246.39999999999998,210.0
1ba35a2f-6922-4147-ae4e-6d950b7b1401,27,118,334.0,334.0,30,17,String,    protected String getWindowsProgramName() {,matched,218.79999999999998,200,274.0,220,246.39999999999998,210.0
79a86907-5417-4403-b207-c3a2f836f93e,27,148,867.0,867.0,30,19,String,    protected String getWindowsProgramName() {,matched,218.79999999999998,200,274.0,220,246.39999999999998,210.0
98a19e27-683f-45c8-b25e-83631470c71f,27,162,684.0,684.0,30,20,String,    protected String getWindowsProgramName() {,matched,218.79999999999998,200,274.0,220,246.39999999999998,210.0
7467040d-8262-4c89-a726-34117fe276a6,27,147,872.0,872.0,30,21,WHITESPACE,    protected String getWindowsProgramName() {,approx_whitespace,503.99999999999994,200,513.2,220,508.6,210.0
3ee2bc29-8313-4250-b5a4-3f2faab79c93,27,24,226.0,226.0,30,22,getWindowsProgramName,    protected String getWindowsProgramName() {,matched,283.2,200,476.4,220,379.79999999999995,210.0
fe3131c2-40f1-4fb8-964c-03054e34a6c3,27,25,1182.0,1182.0,30,22,getWindowsProgramName,    protected String getWindowsProgramName() {,matched,283.2,200,476.4,220,379.79999999999995,210.0
7c865aa2-4091-4c55-9a19-55afaa04e13a,27,144,1002.0,1002.0,30,22,getWindowsProgramName,    protected String getWindowsProgramName() {,matched,283.2,200,476.4,220,379.79999999999995,210.0
061912c2-43c8-40da-babf-35bc905aefdd,27,16,620.0,620.0,30,23,getWindowsProgramName,    protected String getWindowsProgramName() {,matched,283.2,200,476.4,220,379.79999999999995,210.0
7e6e90ea-ccac-457e-b478-73db2bb5f26a,27,190,571.0,571.0,30,23,getWindowsProgramName,    protected String getWindowsProgramName() {,matched,283.2,200,476.4,220,379.79999999999995,210.0
0be3781a-ed0e-4af5-a0ae-c68187d05463,27,131,234.0,234.0,30,24,getWindowsProgramName,    protected String getWindowsProgramName() {,matched,283.2,200,476.4,220,379.79999999999995,210.0
e9e2a7b3-8ba4-45ad-b999-989a886efbd2,27,32,108.0,108.0,30,26,getWindowsProgramName,    protected String getWindowsProgramName() {,matched,283.2,200,476.4,220,379.79999999999995,210.0
5588a4c3-b87e-4f10-9341-c11e8b060988,27,27,124.0,124.0,30,28,getWindowsProgramName,    protected String getWindowsProgramName() {,matched,283.2,200,476.4,220,379.79999999999995,210.0
0e1da1c4-15c4-4a25-9b30-7f900e5e79f8,27,132,7901.0,5000.0,30,30,getWindowsProgramName,    protected String getWindowsProgramName() {,matched,283.2,200,476.4,220,379.79999999999995,210.0
ba9bdc5e-5a3c-4a0d-8b5d-4241fd008619,27,26,301.0,301.0,30,33,getWindowsProgramName,    protected String getWindowsProgramName() {,matched,283.2,200,476.4,220,379.79999999999995,210.0
f353c497-d353-4649-af92-35c285694a38,27,35,247.0,247.0,30,33,getWindowsProgramName,    protected String getWindowsProgramName() {,matched,283.2,200,476.4,220,379.79999999999995,210.0
200aec82-c8cb-4f7a-8d1f-bb5ec0339cc0,27,146,852.0,852.0,30,33,getWindowsProgramName,    protected String getWindowsProgramName() {,matched,283.2,200,476.4,220,379.79999999999995,210.0
1459f633-7624-4bf5-93d0-1fac7be027a1,27,117,127.0,127.0,30,36,getWindowsProgramName,    protected String getWindowsProgramName() {,matched,283.2,200,476.4,220,379.79999999999995,210.0
0ca19cad-2d34-4661-b039-e17d4d60b6ee,27,116,685.0,685.0,31,24,.,"        return ""xelatex.exe"";",matched,301.6,220,310.79999999999995,240,306.2,230.0
136d5bed-9a3f-40e4-9a6a-09048b7f1249,27,136,585.0,585.0,34,14,WHITESPACE,    protected String getUnixProgramName() {,approx_whitespace,347.59999999999997,280,356.79999999999995,300,352.19999999999993,290.0
6398e1fc-ddff-447c-84a0-39aff05bfa91,27,208,2773.0,2773.0,34,14,WHITESPACE,    protected String getUnixProgramName() {,approx_whitespace,347.59999999999997,280,356.79999999999995,300,352.19999999999993,290.0
3721588f-0aac-4aec-a6ae-9406cff57ee7,27,33,556.0,556.0,34,21,WHITESPACE,    protected String getUnixProgramName() {,approx_whitespace,476.4,280,485.59999999999997,300,481.0,290.0
eff89ffb-c8dc-44f5-885e-5fbc105fb77f,27,209,4884.0,4884.0,34,21,WHITESPACE,    protected String getUnixProgramName() {,approx_whitespace,476.4,280,485.59999999999997,300,481.0,290.0
ca7010f4-328b-4386-b602-fd17586c6e30,27,31,286.0,286.0,34,27,getUnixProgramName,    protected String getUnixProgramName() {,matched,283.2,280,448.79999999999995,300,366.0,290.0
edcbbba5-0265-4a6b-8846-dc50e59dcc69,27,199,294.0,294.0,34,34,getUnixProgramName,    protected String getUnixProgramName() {,matched,283.2,280,448.79999999999995,300,366.0,290.0
d29284d5-fea5-4761-9aa1-3df7d3db0132,27,200,321.0,321.0,34,34,getUnixProgramName,    protected String getUnixProgramName() {,matched,283.2,280,448.79999999999995,300,366.0,290.0
d69ab9af-bd2e-49b6-91f3-3bc46f863f55,27,201,1700.0,1700.0,34,41,(),    protected String getUnixProgramName() {,matched,448.79999999999995,280,467.2,300,458.0,290.0
a3ebd549-1c45-4e77-8bde-e0e88e898d23,27,214,3312.0,3312.0,35,13,return,"        return ""xelatex"";",matched,163.6,300,218.79999999999998,320,191.2,310.0
510d72ba-641f-4c45-b4f3-506bd75ca350,27,109,450.0,450.0,38,10,public,    public String getDescription() {,matched,126.8,360,182.0,380,154.4,370.0
15f2147f-4466-49be-b2ab-00c7d2fb220d,27,167,263.0,263.0,38,12,String,    public String getDescription() {,matched,191.2,360,246.39999999999998,380,218.79999999999998,370.0
0a8a6181-34c3-4201-8151-0cf77d79cf31,27,114,284.0,284.0,38,15,String,    public String getDescription() {,matched,191.2,360,246.39999999999998,380,218.79999999999998,370.0
2c30dd7c-34a6-4b39-a8e4-db37bd8b6539,27,43,228.0,228.0,38,16,String,    public String getDescription() {,matched,191.2,360,246.39999999999998,380,218.79999999999998,370.0
249f6784-d6b9-4746-88f5-f4cdde57ffc7,27,142,1175.0,1175.0,38,17,String,    public String getDescription() {,matched,191.2,360,246.39999999999998,380,218.79999999999998,370.0
e759c973-c7d0-41ac-9edd-5b4e92d681b6,27,211,267.0,267.0,38,17,String,    public String getDescription() {,matched,191.2,360,246.39999999999998,380,218.79999999999998,370.0
764c8adc-96e4-4577-9570-8d125a6dbc21,27,36,351.0,351.0,38,18,WHITESPACE,    public String getDescription() {,approx_whitespace,412.0,360,421.2,380,416.6,370.0
ba4dec5f-8e32-47bb-8caf-4536e71c60d1,27,210,364.0,364.0,38,19,getDescription,    public String getDescription() {,matched,255.6,360,384.4,380,320.0,370.0
78ad147d-baed-4421-a373-5e65828f5bb4,27,168,298.0,298.0,38,24,getDescription,    public String getDescription() {,matched,255.6,360,384.4,380,320.0,370.0
135930d5-9de7-4a65-9694-bbb8f07c5c06,27,203,308.0,308.0,38,31,getDescription,    public String getDescription() {,matched,255.6,360,384.4,380,320.0,370.0
56484df3-d05d-47e0-8657-353ef7df8917,27,205,255.0,255.0,38,31,getDescription,    public String getDescription() {,matched,255.6,360,384.4,380,320.0,370.0
21b7e30e-fd7b-4f0b-b114-0cfb74d59e9d,27,42,127.0,127.0,38,33,(),    public String getDescription() {,matched,384.4,360,402.79999999999995,380,393.59999999999997,370.0
932a88bd-6f63-454c-862d-0e9d85ccc0f5,27,204,187.0,187.0,39,13,return,"        return ""XeLatex program"";",matched,163.6,380,218.79999999999998,400,191.2,390.0
acfa5db9-b377-4497-accb-69d3aad7aee2,27,213,786.0,786.0,39,13,return,"        return ""XeLatex program"";",matched,163.6,380,218.79999999999998,400,191.2,390.0
b72eee07-e09e-468b-99a6-1e95662f588a,27,206,1526.0,1526.0,39,15,WHITESPACE,"        return ""XeLatex program"";",approx_whitespace,384.4,380,393.59999999999997,400,389.0,390.0
0ca6e86c-caa0-4e70-8c9a-6f0b546362b6,27,37,374.0,374.0,43,13,Enable,     * Enable SyncTeX,matched,154.39999999999998,460,209.6,480,182.0,470.0
b2597fd5-5d9f-47d7-923d-7aac5f03df1b,27,39,513.0,513.0,43,17,SyncTeX,     * Enable SyncTeX,matched,218.79999999999998,460,283.2,480,251.0,470.0
ffbb9cdc-d1c0-4521-8fd1-1cdc1cdf68d9,27,45,249.0,249.0,45,10,public,    public String getDefaultArguments() {,matched,126.8,500,182.0,520,154.4,510.0
3a081fc8-ad8b-4e14-8a00-82ac54cae130,27,38,81.0,81.0,45,11,WHITESPACE,    public String getDefaultArguments() {,approx_whitespace,310.79999999999995,500,320.0,520,315.4,510.0
20185a9b-0ce7-4a30-a810-1c79bacea9f4,27,77,130.0,130.0,45,13,String,    public String getDefaultArguments() {,matched,191.2,500,246.39999999999998,520,218.79999999999998,510.0
0e14bea9-0ab9-453a-be1a-3e7603152beb,27,141,125.0,125.0,45,14,String,    public String getDefaultArguments() {,matched,191.2,500,246.39999999999998,520,218.79999999999998,510.0
e6e78e1d-969e-4606-9cf3-f2da17bca67a,27,46,217.0,217.0,45,15,String,    public String getDefaultArguments() {,matched,191.2,500,246.39999999999998,520,218.79999999999998,510.0
f1c1e489-bb91-4c94-89cb-4f5c99beaf4a,27,41,359.0,359.0,45,17,String,    public String getDefaultArguments() {,matched,191.2,500,246.39999999999998,520,218.79999999999998,510.0
00b8ac1f-038e-4025-97f2-759450ea8589,27,94,243.0,243.0,45,18,WHITESPACE,    public String getDefaultArguments() {,approx_whitespace,458.0,500,467.2,520,462.6,510.0
1439d013-3fb3-4969-bc24-f157e25744bc,27,40,417.0,417.0,45,21,getDefaultArguments,    public String getDefaultArguments() {,matched,255.6,500,430.4,520,343.0,510.0
60fc03b8-79f0-49b4-a9ea-712486be8061,27,78,663.0,663.0,45,22,getDefaultArguments,    public String getDefaultArguments() {,matched,255.6,500,430.4,520,343.0,510.0
79750c7f-c526-456c-803a-6220ea555976,27,89,830.0,830.0,45,22,getDefaultArguments,    public String getDefaultArguments() {,matched,255.6,500,430.4,520,343.0,510.0
0351dcf8-4a96-49b9-8895-43dacaff0561,27,85,306.0,306.0,45,23,getDefaultArguments,    public String getDefaultArguments() {,matched,255.6,500,430.4,520,343.0,510.0
7547b535-35a6-417b-940a-6f8a974d014a,27,189,363.0,363.0,45,23,getDefaultArguments,    public String getDefaultArguments() {,matched,255.6,500,430.4,520,343.0,510.0
6d6fddc7-b71c-4771-93dd-e97b344fe49d,27,112,507.0,507.0,45,25,getDefaultArguments,    public String getDefaultArguments() {,matched,255.6,500,430.4,520,343.0,510.0
e7eb1a69-b10d-4d54-b129-82f3b562ecae,27,169,225.0,225.0,45,26,getDefaultArguments,    public String getDefaultArguments() {,matched,255.6,500,430.4,520,343.0,510.0
b84ec398-5f07-4888-8399-6d315e7881ad,27,183,565.0,565.0,45,28,getDefaultArguments,    public String getDefaultArguments() {,matched,255.6,500,430.4,520,343.0,510.0
95bf2c2d-0ff0-48ea-ac3c-c15bbf5b5c0d,27,50,131.0,131.0,45,30,getDefaultArguments,    public String getDefaultArguments() {,matched,255.6,500,430.4,520,343.0,510.0
ee9634fc-0250-42eb-a32d-79c547c0cb6e,27,81,161.0,161.0,45,31,getDefaultArguments,    public String getDefaultArguments() {,matched,255.6,500,430.4,520,343.0,510.0
dd5cc87e-2280-4dce-9a7d-bfb87581b5ae,27,178,989.0,989.0,45,31,getDefaultArguments,    public String getDefaultArguments() {,matched,255.6,500,430.4,520,343.0,510.0
46e6f88d-28cd-4d19-a326-b8b5b610ffd6,27,181,246.0,246.0,45,32,getDefaultArguments,    public String getDefaultArguments() {,matched,255.6,500,430.4,520,343.0,510.0
21c776ca-f7bc-48d9-a992-7821c43255dd,27,84,210.0,210.0,45,33,getDefaultArguments,    public String getDefaultArguments() {,matched,255.6,500,430.4,520,343.0,510.0
f4374544-cf96-4daa-a2e0-5c2188009842,27,176,639.0,639.0,45,33,getDefaultArguments,    public String getDefaultArguments() {,matched,255.6,500,430.4,520,343.0,510.0
cdb73be7-f213-4b0f-a46a-1d244281e0ab,27,95,445.0,445.0,45,36,getDefaultArguments,    public String getDefaultArguments() {,matched,255.6,500,430.4,520,343.0,510.0
cd23e56f-995b-4339-84e9-5d86b5f8f4c4,27,110,427.0,427.0,45,36,getDefaultArguments,    public String getDefaultArguments() {,matched,255.6,500,430.4,520,343.0,510.0
13b24583-4666-447c-aa53-f9d03d25105f,27,113,443.0,443.0,45,36,getDefaultArguments,    public String getDefaultArguments() {,matched,255.6,500,430.4,520,343.0,510.0
a24103f7-91a5-4b29-9740-15ae616fbc56,27,170,705.0,705.0,45,36,getDefaultArguments,    public String getDefaultArguments() {,matched,255.6,500,430.4,520,343.0,510.0
cda85c27-0ef0-48d9-8673-5359aa1e8267,27,47,196.0,196.0,45,37,getDefaultArguments,    public String getDefaultArguments() {,matched,255.6,500,430.4,520,343.0,510.0
b16e425e-da72-4049-91de-a79fd9239a05,27,177,604.0,604.0,46,19,synctex,"        return ""-synctex=1 ""+super.getDefaultArguments();",matched,246.39999999999998,520,310.79999999999995,540,278.59999999999997,530.0
f68c4eda-0ee1-4bfa-8717-f1a7e16303e7,27,53,127.0,127.0,46,20,synctex,"        return ""-synctex=1 ""+super.getDefaultArguments();",matched,246.39999999999998,520,310.79999999999995,540,278.59999999999997,530.0
5bb16fbc-2aff-440f-8f96-a398185ae467,27,111,876.0,876.0,46,21,synctex,"        return ""-synctex=1 ""+super.getDefaultArguments();",matched,246.39999999999998,520,310.79999999999995,540,278.59999999999997,530.0
dc248fa9-7889-4f5b-9d4f-dbcbefe5cd19,27,51,926.0,926.0,46,24,synctex,"        return ""-synctex=1 ""+super.getDefaultArguments();",matched,246.39999999999998,520,310.79999999999995,540,278.59999999999997,530.0
ebad19fc-3268-48e3-a678-0794d7681ef2,27,48,1696.0,1696.0,46,25,=,"        return ""-synctex=1 ""+super.getDefaultArguments();",matched,310.79999999999995,520,320.0,540,315.4,530.0
41e89a44-fabb-4565-b24d-5e63db0ef04a,27,54,990.0,990.0,46,25,=,"        return ""-synctex=1 ""+super.getDefaultArguments();",matched,310.79999999999995,520,320.0,540,315.4,530.0
34671134-ff54-45e2-86d5-aeda81b00762,27,79,222.0,222.0,46,25,=,"        return ""-synctex=1 ""+super.getDefaultArguments();",matched,310.79999999999995,520,320.0,540,315.4,530.0
5470bebd-f0bb-4aef-b292-a75b33bbef6c,27,55,448.0,448.0,46,30,super,"        return ""-synctex=1 ""+super.getDefaultArguments();",matched,356.79999999999995,520,402.79999999999995,540,379.79999999999995,530.0
b5793357-b3e9-4bd4-9cba-aeb5fb181a93,27,80,191.0,191.0,46,32,super,"        return ""-synctex=1 ""+super.getDefaultArguments();",matched,356.79999999999995,520,402.79999999999995,540,379.79999999999995,530.0
0e5d8efe-4ec9-4d96-bb77-cc02f44b746e,27,96,184.0,184.0,46,35,.,"        return ""-synctex=1 ""+super.getDefaultArguments();",matched,402.79999999999995,520,412.0,540,407.4,530.0
6bdd40bb-1f23-4341-b674-60bd4e8b6cec,27,49,1176.0,1176.0,46,37,getDefaultArguments,"        return ""-synctex=1 ""+super.getDefaultArguments();",matched,412.0,520,586.8,540,499.4,530.0
4e69914e-1781-4b33-aab4-8190b37b9a29,27,56,229.0,229.0,46,37,getDefaultArguments,"        return ""-synctex=1 ""+super.getDefaultArguments();",matched,412.0,520,586.8,540,499.4,530.0
6eb74ef2-74b1-4e00-8f8e-e1e487a18991,27,180,1722.0,1722.0,46,38,getDefaultArguments,"        return ""-synctex=1 ""+super.getDefaultArguments();",matched,412.0,520,586.8,540,499.4,530.0
0ea6a97f-0d55-4cc1-a7e3-1a712315f185,27,179,2518.0,2518.0,46,40,getDefaultArguments,"        return ""-synctex=1 ""+super.getDefaultArguments();",matched,412.0,520,586.8,540,499.4,530.0
1d590b40-2fad-4c7c-95aa-28f84fda5212,27,69,189.0,189.0,46,42,getDefaultArguments,"        return ""-synctex=1 ""+super.getDefaultArguments();",matched,412.0,520,586.8,540,499.4,530.0
1bd82e15-05fa-4d8a-bc73-302d682bfcd1,27,182,606.0,606.0,46,42,getDefaultArguments,"        return ""-synctex=1 ""+super.getDefaultArguments();",matched,412.0,520,586.8,540,499.4,530.0
00f3cc6c-4d74-4588-b5c1-dd1e1ebe6a37,27,57,219.0,219.0,46,45,getDefaultArguments,"        return ""-synctex=1 ""+super.getDefaultArguments();",matched,412.0,520,586.8,540,499.4,530.0
e1f6e373-f2f8-4152-8a27-ca30b8878414,27,108,635.0,635.0,50,12,@return,     * @return output file format (pdf),matched,154.39999999999998,600,218.79999999999998,620,186.59999999999997,610.0
4df05112-8a53-43de-96de-e33596ff7960,27,62,586.0,586.0,50,15,WHITESPACE,     * @return output file format (pdf),approx_whitespace,439.59999999999997,600,448.79999999999995,620,444.19999999999993,610.0
5e5f1b5d-f07f-4c6e-9699-9c9f01bf9211,27,140,140.0,140.0,50,16,output,     * @return output file format (pdf),matched,228.0,600,283.2,620,255.6,610.0
97ec8160-2ba5-4cc4-82f3-009d1b5571a8,27,65,1953.0,1953.0,50,17,output,     * @return output file format (pdf),matched,228.0,600,283.2,620,255.6,610.0
7f1353c2-44b7-4326-b5e7-b0119d478ac6,27,158,321.0,321.0,50,17,output,     * @return output file format (pdf),matched,228.0,600,283.2,620,255.6,610.0
c0b88c78-8c50-4119-a327-0bf80d322243,27,59,127.0,127.0,50,23,file,     * @return output file format (pdf),matched,292.4,600,329.2,620,310.79999999999995,610.0
8b37c336-c97d-4623-acef-b038d3d1d644,27,66,584.0,584.0,50,24,file,     * @return output file format (pdf),matched,292.4,600,329.2,620,310.79999999999995,610.0
489e0931-430e-4863-8bd2-0d523726b4a9,27,161,379.0,379.0,50,25,file,     * @return output file format (pdf),matched,292.4,600,329.2,620,310.79999999999995,610.0
b3d88776-7f2c-4ce5-965b-e2faf52d5385,27,107,378.0,378.0,52,11,WHITESPACE,    public String getOutputFormat() {,approx_whitespace,292.4,640,301.6,660,297.0,650.0
1081ada1-c94b-45bb-8d23-e32eaed82bbc,27,188,2353.0,2353.0,52,12,String,    public String getOutputFormat() {,matched,191.2,640,246.39999999999998,660,218.79999999999998,650.0
a2ff12d9-de9a-4914-9c19-7e33b934b53c,27,76,974.0,974.0,52,13,String,    public String getOutputFormat() {,matched,191.2,640,246.39999999999998,660,218.79999999999998,650.0
5e930e7d-ace3-488f-9c0b-8bd4e3ff061d,27,72,174.0,174.0,52,14,String,    public String getOutputFormat() {,matched,191.2,640,246.39999999999998,660,218.79999999999998,650.0
f768e234-64ae-4416-b423-726620d3c1b2,27,139,168.0,168.0,52,15,String,    public String getOutputFormat() {,matched,191.2,640,246.39999999999998,660,218.79999999999998,650.0
bd478454-cbad-4118-8a47-999a659ed469,27,106,208.0,208.0,52,16,String,    public String getOutputFormat() {,matched,191.2,640,246.39999999999998,660,218.79999999999998,650.0
8e13ba34-ecca-4cce-9b79-2aa77f938a4c,27,58,427.0,427.0,52,17,String,    public String getOutputFormat() {,matched,191.2,640,246.39999999999998,660,218.79999999999998,650.0
7dcf0f30-6867-4195-a166-92828bfcc503,27,75,153.0,153.0,52,18,WHITESPACE,    public String getOutputFormat() {,approx_whitespace,421.2,640,430.4,660,425.79999999999995,650.0
d96eda29-a451-4701-8e5e-d79b1e95b60e,27,105,542.0,542.0,52,18,WHITESPACE,    public String getOutputFormat() {,approx_whitespace,421.2,640,430.4,660,425.79999999999995,650.0
13623d68-0cb3-44a4-82a3-fe252eb2df39,27,184,2254.0,2254.0,52,21,getOutputFormat,    public String getOutputFormat() {,matched,255.6,640,393.59999999999997,660,324.59999999999997,650.0
ae72ea95-6516-4daa-9670-72ec1fe5dd4d,27,63,541.0,541.0,52,22,getOutputFormat,    public String getOutputFormat() {,matched,255.6,640,393.59999999999997,660,324.59999999999997,650.0
250fc020-88da-413d-80d0-1695ad8ee44e,27,67,1410.0,1410.0,52,22,getOutputFormat,    public String getOutputFormat() {,matched,255.6,640,393.59999999999997,660,324.59999999999997,650.0
76d744d6-5969-4dfb-b743-25b8f5354234,27,87,622.0,622.0,52,22,getOutputFormat,    public String getOutputFormat() {,matched,255.6,640,393.59999999999997,660,324.59999999999997,650.0
4f78ff61-7206-4bcb-b233-3146c3319150,27,74,1543.0,1543.0,52,24,getOutputFormat,    public String getOutputFormat() {,matched,255.6,640,393.59999999999997,660,324.59999999999997,650.0
f4a2f344-4a06-4501-9ce4-cd33890c966a,27,90,316.0,316.0,52,24,getOutputFormat,    public String getOutputFormat() {,matched,255.6,640,393.59999999999997,660,324.59999999999997,650.0
689968b0-aba8-432d-bd87-c63024ada052,27,83,378.0,378.0,52,25,getOutputFormat,    public String getOutputFormat() {,matched,255.6,640,393.59999999999997,660,324.59999999999997,650.0
815b40ae-46c9-456d-a9e8-42c8e95a228f,27,160,286.0,286.0,52,28,getOutputFormat,    public String getOutputFormat() {,matched,255.6,640,393.59999999999997,660,324.59999999999997,650.0
91d903df-a59c-4870-b8a1-1bcdf44145e9,27,82,191.0,191.0,52,33,getOutputFormat,    public String getOutputFormat() {,matched,255.6,640,393.59999999999997,660,324.59999999999997,650.0
f54461bc-ed6c-45cf-af02-3cb3c4d256b0,27,137,262.0,262.0,52,34,(),    public String getOutputFormat() {,matched,393.59999999999997,640,412.0,660,402.79999999999995,650.0
27893623-6a92-4335-8045-f5216ae355c4,27,60,157.0,157.0,52,37,{,    public String getOutputFormat() {,matched,421.2,640,430.4,660,425.79999999999995,650.0
0f7366b7-25d8-4d7f-8d96-74905fae09b0,27,73,2104.0,2104.0,53,8,WHITESPACE,        return TexlipseProperties.OUTPUT_FORMAT_PDF;,approx_whitespace,338.4,660,347.59999999999997,680,343.0,670.0
45be649d-ed59-408b-878a-ed8f996fa327,27,91,379.0,379.0,53,14,return,        return TexlipseProperties.OUTPUT_FORMAT_PDF;,matched,163.6,660,218.79999999999998,680,191.2,670.0
ef2dfb99-01c4-4881-97a8-9cf8ecb85712,27,159,341.0,341.0,53,15,WHITESPACE,        return TexlipseProperties.OUTPUT_FORMAT_PDF;,approx_whitespace,559.2,660,568.4,680,563.8,670.0
9a4b1d5c-afdf-4414-bf98-f277ada7aab0,27,61,514.0,514.0,53,16,TexlipseProperties,        return TexlipseProperties.OUTPUT_FORMAT_PDF;,matched,228.0,660,393.59999999999997,680,310.79999999999995,670.0
56da8f49-6994-4f16-94b5-b7bc7927ad8c,27,64,403.0,403.0,53,16,TexlipseProperties,        return TexlipseProperties.OUTPUT_FORMAT_PDF;,matched,228.0,660,393.59999999999997,680,310.79999999999995,670.0
193df253-b32a-4668-bda1-c6703490527a,27,186,316.0,316.0,53,17,TexlipseProperties,        return TexlipseProperties.OUTPUT_FORMAT_PDF;,matched,228.0,660,393.59999999999997,680,310.79999999999995,670.0
bff847b5-2e08-4da4-9b48-0b0c4db82d23,27,138,1390.0,1390.0,53,19,TexlipseProperties,        return TexlipseProperties.OUTPUT_FORMAT_PDF;,matched,228.0,660,393.59999999999997,680,310.79999999999995,670.0
319061fb-deb3-43f0-bf31-9a5bf24e4e68,27,175,585.0,585.0,53,19,TexlipseProperties,        return TexlipseProperties.OUTPUT_FORMAT_PDF;,matched,228.0,660,393.59999999999997,680,310.79999999999995,670.0
a44c5aab-8f22-464d-a950-15e728634bfb,27,93,159.0,159.0,53,20,TexlipseProperties,        return TexlipseProperties.OUTPUT_FORMAT_PDF;,matched,228.0,660,393.59999999999997,680,310.79999999999995,670.0
7b9d2dae-24d9-49af-8994-c3f48f99d32c,27,99,574.0,574.0,53,20,TexlipseProperties,        return TexlipseProperties.OUTPUT_FORMAT_PDF;,matched,228.0,660,393.59999999999997,680,310.79999999999995,670.0
5bd9a778-ecab-4fa5-90d8-81b7e94dd8fb,27,172,153.0,153.0,53,23,TexlipseProperties,        return TexlipseProperties.OUTPUT_FORMAT_PDF;,matched,228.0,660,393.59999999999997,680,310.79999999999995,670.0
575e35d2-a953-4f4e-8f28-3ad8dd7031d5,27,173,480.0,480.0,53,23,TexlipseProperties,        return TexlipseProperties.OUTPUT_FORMAT_PDF;,matched,228.0,660,393.59999999999997,680,310.79999999999995,670.0
eb97ff03-cf3f-4a84-8a51-e272952096df,27,187,724.0,724.0,53,25,TexlipseProperties,        return TexlipseProperties.OUTPUT_FORMAT_PDF;,matched,228.0,660,393.59999999999997,680,310.79999999999995,670.0
2b316aec-f62f-49e2-b571-a89b3834bba4,27,92,248.0,248.0,53,27,TexlipseProperties,        return TexlipseProperties.OUTPUT_FORMAT_PDF;,matched,228.0,660,393.59999999999997,680,310.79999999999995,670.0
eca76729-f8f5-4a90-920d-01d1bef7b810,27,171,135.0,135.0,53,28,TexlipseProperties,        return TexlipseProperties.OUTPUT_FORMAT_PDF;,matched,228.0,660,393.59999999999997,680,310.79999999999995,670.0
15bd54e1-ee97-4bdf-8a98-4e006ac5f123,27,157,621.0,621.0,53,30,TexlipseProperties,        return TexlipseProperties.OUTPUT_FORMAT_PDF;,matched,228.0,660,393.59999999999997,680,310.79999999999995,670.0
6a19fbaa-1fb0-4ec7-b202-c5abb706f372,27,185,130.0,130.0,53,31,TexlipseProperties,        return TexlipseProperties.OUTPUT_FORMAT_PDF;,matched,228.0,660,393.59999999999997,680,310.79999999999995,670.0
ccb54107-2bed-47b4-9544-4b9d26bd5f68,27,68,460.0,460.0,53,34,.,        return TexlipseProperties.OUTPUT_FORMAT_PDF;,matched,393.59999999999997,660,402.79999999999995,680,398.19999999999993,670.0
87627373-4445-4fdb-afa3-5916392d9f8c,27,97,742.0,742.0,53,34,.,        return TexlipseProperties.OUTPUT_FORMAT_PDF;,matched,393.59999999999997,660,402.79999999999995,680,398.19999999999993,670.0
b17bfe05-f774-4848-86d5-04b5a6e137c3,27,70,289.0,289.0,53,36,OUTPUT_FORMAT_PDF;,        return TexlipseProperties.OUTPUT_FORMAT_PDF;,matched,402.79999999999995,660,568.4,680,485.59999999999997,670.0
f85aee27-20eb-4dbc-9b64-082d4ca355c5,27,174,754.0,754.0,53,36,OUTPUT_FORMAT_PDF;,        return TexlipseProperties.OUTPUT_FORMAT_PDF;,matched,402.79999999999995,660,568.4,680,485.59999999999997,670.0
a59f216a-35bf-4f23-82f8-08107093021e,27,98,872.0,872.0,53,37,OUTPUT_FORMAT_PDF;,        return TexlipseProperties.OUTPUT_FORMAT_PDF;,matched,402.79999999999995,660,568.4,680,485.59999999999997,670.0
6c300cde-841c-4731-b875-d95cc48293e7,27,86,114.0,114.0,53,38,OUTPUT_FORMAT_PDF;,        return TexlipseProperties.OUTPUT_FORMAT_PDF;,matched,402.79999999999995,660,568.4,680,485.59999999999997,670.0
f05f443c-804f-4a14-9c36-0fbc633baf69,27,88,398.0,398.0,53,41,OUTPUT_FORMAT_PDF;,        return TexlipseProperties.OUTPUT_FORMAT_PDF;,matched,402.79999999999995,660,568.4,680,485.59999999999997,670.0
9f3de20a-7b5a-4ffc-903e-47d3e7d318d5,27,71,375.0,375.0,53,43,OUTPUT_FORMAT_PDF;,        return TexlipseProperties.OUTPUT_FORMAT_PDF;,matched,402.79999999999995,660,568.4,680,485.59999999999997,670.0
