fixation_id,experiment,fixation_order_number,duration,duration_clipped,source_file_line,source_file_col,token,line_text,match_type,bbox_x1,bbox_y1,bbox_x2,bbox_y2,center_x,center_y
3b32ee35-60d6-4d7e-a934-993179b5a15b,25,624,401.0,401.0,190,16,static,"    private static boolean resolveGenericRef(GenericRef ref, Class<?> clazz, Type type)",matched,200.39999999999998,20,255.6,40,228.0,30.0
361fa3f0-c3ba-46da-8414-e6b5e4974895,25,496,170.0,170.0,190,17,static,"    private static boolean resolveGenericRef(GenericRef ref, Class<?> clazz, Type type)",matched,200.39999999999998,20,255.6,40,228.0,30.0
1ec0f82b-621b-433d-b72a-ce4dc3fbc8b8,25,25,179.0,179.0,190,20,boolean,"    private static boolean resolveGenericRef(GenericRef ref, Class<?> clazz, Type type)",matched,264.79999999999995,20,329.2,40,297.0,30.0
27c03196-6cc8-4bdd-bc32-9954decb039a,25,1104,570.0,570.0,190,20,boolean,"    private static boolean resolveGenericRef(GenericRef ref, Class<?> clazz, Type type)",matched,264.79999999999995,20,329.2,40,297.0,30.0
eddd5299-dec6-493c-aaf6-2a87afee3f56,25,570,194.0,194.0,190,21,boolean,"    private static boolean resolveGenericRef(GenericRef ref, Class<?> clazz, Type type)",matched,264.79999999999995,20,329.2,40,297.0,30.0
a55d57ba-330a-4286-a4a6-05fc00fb33df,25,13,192.0,192.0,190,22,boolean,"    private static boolean resolveGenericRef(GenericRef ref, Class<?> clazz, Type type)",matched,264.79999999999995,20,329.2,40,297.0,30.0
9de3c285-fdd7-45c2-806e-f10bb1359b2f,25,605,198.0,198.0,190,22,boolean,"    private static boolean resolveGenericRef(GenericRef ref, Class<?> clazz, Type type)",matched,264.79999999999995,20,329.2,40,297.0,30.0
1f68a145-a0d5-4741-8bd5-b6621284a6ef,25,15,394.0,394.0,190,25,boolean,"    private static boolean resolveGenericRef(GenericRef ref, Class<?> clazz, Type type)",matched,264.79999999999995,20,329.2,40,297.0,30.0
356fa525-793e-4469-ace0-b5d6d686db5d,25,98,1166.0,1166.0,190,26,boolean,"    private static boolean resolveGenericRef(GenericRef ref, Class<?> clazz, Type type)",matched,264.79999999999995,20,329.2,40,297.0,30.0
7e4334bb-9cec-4bc1-b92c-9b3e453408c6,25,1084,346.0,346.0,190,26,boolean,"    private static boolean resolveGenericRef(GenericRef ref, Class<?> clazz, Type type)",matched,264.79999999999995,20,329.2,40,297.0,30.0
8012a24f-65dc-4775-8841-8c16132636d2,25,27,89.0,89.0,190,27,WHITESPACE,"    private static boolean resolveGenericRef(GenericRef ref, Class<?> clazz, Type type)",approx_whitespace,347.59999999999997,20,356.79999999999995,40,352.19999999999993,30.0
79d4d802-f7ad-4751-9782-2b51a83a2cb6,25,442,488.0,488.0,190,27,WHITESPACE,"    private static boolean resolveGenericRef(GenericRef ref, Class<?> clazz, Type type)",approx_whitespace,347.59999999999997,20,356.79999999999995,40,352.19999999999993,30.0
cd1419bb-5a23-4278-a92a-91780ffe4d5b,25,1105,184.0,184.0,190,30,resolveGenericRef,"    private static boolean resolveGenericRef(GenericRef ref, Class<?> clazz, Type type)",matched,338.4,20,494.79999999999995,40,416.59999999999997,30.0
1658d19b-f50e-466d-8ceb-2932608eb2e2,25,554,211.0,211.0,190,31,resolveGenericRef,"    private static boolean resolveGenericRef(GenericRef ref, Class<?> clazz, Type type)",matched,338.4,20,494.79999999999995,40,416.59999999999997,30.0
46393bc8-25be-4c78-ae0b-adbfcbf62a30,25,26,288.0,288.0,190,32,resolveGenericRef,"    private static boolean resolveGenericRef(GenericRef ref, Class<?> clazz, Type type)",matched,338.4,20,494.79999999999995,40,416.59999999999997,30.0
a9001164-a100-4da2-9438-f0e17b21c30b,25,99,236.0,236.0,190,32,resolveGenericRef,"    private static boolean resolveGenericRef(GenericRef ref, Class<?> clazz, Type type)",matched,338.4,20,494.79999999999995,40,416.59999999999997,30.0
a6baf5dc-ea83-4fb1-81b3-4a09047e820a,25,447,349.0,349.0,190,32,resolveGenericRef,"    private static boolean resolveGenericRef(GenericRef ref, Class<?> clazz, Type type)",matched,338.4,20,494.79999999999995,40,416.59999999999997,30.0
4afa4180-9e55-4c67-88b4-87c89d5684bd,25,1107,118.0,118.0,190,32,resolveGenericRef,"    private static boolean resolveGenericRef(GenericRef ref, Class<?> clazz, Type type)",matched,338.4,20,494.79999999999995,40,416.59999999999997,30.0
ad74a362-0e09-4625-a188-c9645930553b,25,282,370.0,370.0,190,33,resolveGenericRef,"    private static boolean resolveGenericRef(GenericRef ref, Class<?> clazz, Type type)",matched,338.4,20,494.79999999999995,40,416.59999999999997,30.0
60521410-181e-4544-a06c-6b80f0d2f727,25,606,151.0,151.0,190,33,resolveGenericRef,"    private static boolean resolveGenericRef(GenericRef ref, Class<?> clazz, Type type)",matched,338.4,20,494.79999999999995,40,416.59999999999997,30.0
9b0ffad2-99f7-48fe-8a96-bcdc9fd6fb9c,25,1008,198.0,198.0,190,33,resolveGenericRef,"    private static boolean resolveGenericRef(GenericRef ref, Class<?> clazz, Type type)",matched,338.4,20,494.79999999999995,40,416.59999999999997,30.0
914a1381-2b93-49ff-b643-aded7d3141e9,25,14,829.0,829.0,190,36,resolveGenericRef,"    private static boolean resolveGenericRef(GenericRef ref, Class<?> clazz, Type type)",matched,338.4,20,494.79999999999995,40,416.59999999999997,30.0
8717b1ae-3cb3-455f-ba5c-6297bc205e0d,25,28,117.0,117.0,190,36,resolveGenericRef,"    private static boolean resolveGenericRef(GenericRef ref, Class<?> clazz, Type type)",matched,338.4,20,494.79999999999995,40,416.59999999999997,30.0
ac57104b-e12d-4a00-bbfb-a4559f7c3331,25,115,820.0,820.0,190,36,resolveGenericRef,"    private static boolean resolveGenericRef(GenericRef ref, Class<?> clazz, Type type)",matched,338.4,20,494.79999999999995,40,416.59999999999997,30.0
cdaf8298-2f78-44ad-a832-d10663301596,25,314,83.0,83.0,190,36,resolveGenericRef,"    private static boolean resolveGenericRef(GenericRef ref, Class<?> clazz, Type type)",matched,338.4,20,494.79999999999995,40,416.59999999999997,30.0
bcc02a93-d3e9-421b-bcaf-21c5a95d7d02,25,553,283.0,283.0,190,36,resolveGenericRef,"    private static boolean resolveGenericRef(GenericRef ref, Class<?> clazz, Type type)",matched,338.4,20,494.79999999999995,40,416.59999999999997,30.0
76648874-1422-4785-934a-8bbe1db4471e,25,914,103.0,103.0,190,36,resolveGenericRef,"    private static boolean resolveGenericRef(GenericRef ref, Class<?> clazz, Type type)",matched,338.4,20,494.79999999999995,40,416.59999999999997,30.0
7340ef1f-6e11-4dc3-ae23-be5926de16a8,25,1106,350.0,350.0,190,36,resolveGenericRef,"    private static boolean resolveGenericRef(GenericRef ref, Class<?> clazz, Type type)",matched,338.4,20,494.79999999999995,40,416.59999999999997,30.0
0ded8d73-cb88-49b3-a315-3c77408188e2,25,569,178.0,178.0,190,37,resolveGenericRef,"    private static boolean resolveGenericRef(GenericRef ref, Class<?> clazz, Type type)",matched,338.4,20,494.79999999999995,40,416.59999999999997,30.0
7bcabfd5-cf97-4f41-8c4e-9dea9414e889,25,1081,309.0,309.0,190,37,resolveGenericRef,"    private static boolean resolveGenericRef(GenericRef ref, Class<?> clazz, Type type)",matched,338.4,20,494.79999999999995,40,416.59999999999997,30.0
34c8ada2-c8c3-4cba-94f8-62cc944f3367,25,1089,140.0,140.0,190,37,resolveGenericRef,"    private static boolean resolveGenericRef(GenericRef ref, Class<?> clazz, Type type)",matched,338.4,20,494.79999999999995,40,416.59999999999997,30.0
5194740e-b9f0-4327-9736-f49a3d4ac85c,25,1100,114.0,114.0,190,38,resolveGenericRef,"    private static boolean resolveGenericRef(GenericRef ref, Class<?> clazz, Type type)",matched,338.4,20,494.79999999999995,40,416.59999999999997,30.0
e10c5b2d-5d48-4251-9924-f650de82f783,25,117,883.0,883.0,190,39,resolveGenericRef,"    private static boolean resolveGenericRef(GenericRef ref, Class<?> clazz, Type type)",matched,338.4,20,494.79999999999995,40,416.59999999999997,30.0
8f7fc51a-3c84-466d-92e9-dbca6e8d9c2f,25,439,831.0,831.0,190,39,resolveGenericRef,"    private static boolean resolveGenericRef(GenericRef ref, Class<?> clazz, Type type)",matched,338.4,20,494.79999999999995,40,416.59999999999997,30.0
941fb72b-aa9d-4a68-b8c7-6cbf5b7a2e01,25,448,147.0,147.0,190,39,resolveGenericRef,"    private static boolean resolveGenericRef(GenericRef ref, Class<?> clazz, Type type)",matched,338.4,20,494.79999999999995,40,416.59999999999997,30.0
8d138a93-2c47-41e9-b626-036fa3abb913,25,1152,181.0,181.0,190,40,resolveGenericRef,"    private static boolean resolveGenericRef(GenericRef ref, Class<?> clazz, Type type)",matched,338.4,20,494.79999999999995,40,416.59999999999997,30.0
deb91858-9017-4cc8-bf0f-dc7b2cb34a13,25,500,89.0,89.0,190,42,resolveGenericRef,"    private static boolean resolveGenericRef(GenericRef ref, Class<?> clazz, Type type)",matched,338.4,20,494.79999999999995,40,416.59999999999997,30.0
423e9cde-7f27-42b1-b4e9-4b25af7eb0fd,25,283,302.0,302.0,190,44,resolveGenericRef,"    private static boolean resolveGenericRef(GenericRef ref, Class<?> clazz, Type type)",matched,338.4,20,494.79999999999995,40,416.59999999999997,30.0
24c6f6a2-b864-4963-b22f-7510e2301386,25,511,171.0,171.0,190,44,resolveGenericRef,"    private static boolean resolveGenericRef(GenericRef ref, Class<?> clazz, Type type)",matched,338.4,20,494.79999999999995,40,416.59999999999997,30.0
a8067c77-c7c4-4460-adf3-7d43ba45d1a2,25,1082,116.0,116.0,190,44,resolveGenericRef,"    private static boolean resolveGenericRef(GenericRef ref, Class<?> clazz, Type type)",matched,338.4,20,494.79999999999995,40,416.59999999999997,30.0
41800d72-7545-40f9-86a5-a3df5f7c6f9e,25,498,695.0,695.0,190,45,(,"    private static boolean resolveGenericRef(GenericRef ref, Class<?> clazz, Type type)",matched,494.79999999999995,20,503.99999999999994,40,499.4,30.0
5d573fa7-242f-4b9b-ac92-16fadb96201e,25,1003,211.0,211.0,190,46,GenericRef,"    private static boolean resolveGenericRef(GenericRef ref, Class<?> clazz, Type type)",matched,402.79999999999995,20,494.79999999999995,40,448.79999999999995,30.0
1d8de5ac-e0ad-4855-a6d8-615d9445b028,25,10,168.0,168.0,190,47,GenericRef,"    private static boolean resolveGenericRef(GenericRef ref, Class<?> clazz, Type type)",matched,402.79999999999995,20,494.79999999999995,40,448.79999999999995,30.0
6150f720-3c7e-4686-9421-f1de98075848,25,12,306.0,306.0,190,47,GenericRef,"    private static boolean resolveGenericRef(GenericRef ref, Class<?> clazz, Type type)",matched,402.79999999999995,20,494.79999999999995,40,448.79999999999995,30.0
ad4b6376-355d-4f6a-b0b7-15762b068619,25,449,1663.0,1663.0,190,47,GenericRef,"    private static boolean resolveGenericRef(GenericRef ref, Class<?> clazz, Type type)",matched,402.79999999999995,20,494.79999999999995,40,448.79999999999995,30.0
65b467b2-98ef-4948-8f8a-4277b6b04a2c,25,501,407.0,407.0,190,48,GenericRef,"    private static boolean resolveGenericRef(GenericRef ref, Class<?> clazz, Type type)",matched,402.79999999999995,20,494.79999999999995,40,448.79999999999995,30.0
608a3226-35b9-4d86-8035-fdd313527bbf,25,116,536.0,536.0,190,49,GenericRef,"    private static boolean resolveGenericRef(GenericRef ref, Class<?> clazz, Type type)",matched,402.79999999999995,20,494.79999999999995,40,448.79999999999995,30.0
18fbab9c-67b6-4e59-91d8-4c61957864a4,25,499,261.0,261.0,190,49,GenericRef,"    private static boolean resolveGenericRef(GenericRef ref, Class<?> clazz, Type type)",matched,402.79999999999995,20,494.79999999999995,40,448.79999999999995,30.0
d4796d13-045b-494d-ab0d-266147106024,25,7,148.0,148.0,190,50,GenericRef,"    private static boolean resolveGenericRef(GenericRef ref, Class<?> clazz, Type type)",matched,402.79999999999995,20,494.79999999999995,40,448.79999999999995,30.0
daca1377-0d7a-4e0a-92ae-440b1f5d6034,25,507,144.0,144.0,190,50,GenericRef,"    private static boolean resolveGenericRef(GenericRef ref, Class<?> clazz, Type type)",matched,402.79999999999995,20,494.79999999999995,40,448.79999999999995,30.0
96390d53-4110-4ad3-88b3-567751e1af65,25,512,222.0,222.0,190,50,GenericRef,"    private static boolean resolveGenericRef(GenericRef ref, Class<?> clazz, Type type)",matched,402.79999999999995,20,494.79999999999995,40,448.79999999999995,30.0
09a6145f-57da-439d-8a79-a2c6505eae99,25,663,500.0,500.0,190,50,GenericRef,"    private static boolean resolveGenericRef(GenericRef ref, Class<?> clazz, Type type)",matched,402.79999999999995,20,494.79999999999995,40,448.79999999999995,30.0
f4e70b54-0d19-4798-9a5d-5c314d6718e7,25,270,149.0,149.0,190,52,GenericRef,"    private static boolean resolveGenericRef(GenericRef ref, Class<?> clazz, Type type)",matched,503.99999999999994,20,596.0,40,550.0,30.0
bde83c69-a539-438f-bf93-239566d2c912,25,445,256.0,256.0,190,52,GenericRef,"    private static boolean resolveGenericRef(GenericRef ref, Class<?> clazz, Type type)",matched,503.99999999999994,20,596.0,40,550.0,30.0
e9d9578e-6bd2-4a6d-81a8-3b515a81737a,25,503,1397.0,1397.0,190,52,GenericRef,"    private static boolean resolveGenericRef(GenericRef ref, Class<?> clazz, Type type)",matched,503.99999999999994,20,596.0,40,550.0,30.0
16e2134c-75fd-4e07-af3b-5e1d65a25b5f,25,504,784.0,784.0,190,52,GenericRef,"    private static boolean resolveGenericRef(GenericRef ref, Class<?> clazz, Type type)",matched,503.99999999999994,20,596.0,40,550.0,30.0
7d399658-b275-4b27-80dd-9143e69b118e,25,1187,91.0,91.0,190,52,GenericRef,"    private static boolean resolveGenericRef(GenericRef ref, Class<?> clazz, Type type)",matched,503.99999999999994,20,596.0,40,550.0,30.0
db11de54-1f11-4f63-ad6e-639cbfcc0025,25,661,427.0,427.0,190,53,GenericRef,"    private static boolean resolveGenericRef(GenericRef ref, Class<?> clazz, Type type)",matched,503.99999999999994,20,596.0,40,550.0,30.0
b59c9b86-31c7-41fb-b4dd-897f2a8d0d17,25,626,324.0,324.0,190,54,GenericRef,"    private static boolean resolveGenericRef(GenericRef ref, Class<?> clazz, Type type)",matched,503.99999999999994,20,596.0,40,550.0,30.0
764d2ab3-852e-46f6-9858-3a826a9ab609,25,1090,437.0,437.0,190,54,GenericRef,"    private static boolean resolveGenericRef(GenericRef ref, Class<?> clazz, Type type)",matched,503.99999999999994,20,596.0,40,550.0,30.0
e6c3e336-795a-4aea-855b-496f0a89b2bb,25,1153,207.0,207.0,190,54,GenericRef,"    private static boolean resolveGenericRef(GenericRef ref, Class<?> clazz, Type type)",matched,503.99999999999994,20,596.0,40,550.0,30.0
f618dffc-0e5a-4e02-9e1a-8796c7c6d450,25,1185,210.0,210.0,190,54,GenericRef,"    private static boolean resolveGenericRef(GenericRef ref, Class<?> clazz, Type type)",matched,503.99999999999994,20,596.0,40,550.0,30.0
8b6875eb-6f1b-45a8-9737-7f616f9c4356,25,11,219.0,219.0,190,55,GenericRef,"    private static boolean resolveGenericRef(GenericRef ref, Class<?> clazz, Type type)",matched,503.99999999999994,20,596.0,40,550.0,30.0
3c9da665-9133-48a0-bff6-df8e9c22d250,25,1083,196.0,196.0,190,56,WHITESPACE,"    private static boolean resolveGenericRef(GenericRef ref, Class<?> clazz, Type type)",approx_whitespace,623.5999999999999,20,632.8,40,628.1999999999999,30.0
f61470a6-4125-4c41-b819-31ed245f253e,25,1151,253.0,253.0,190,56,WHITESPACE,"    private static boolean resolveGenericRef(GenericRef ref, Class<?> clazz, Type type)",approx_whitespace,623.5999999999999,20,632.8,40,628.1999999999999,30.0
07cc30f5-5964-465a-b835-6cc0694c5a37,25,269,159.0,159.0,190,57,ref,"    private static boolean resolveGenericRef(GenericRef ref, Class<?> clazz, Type type)",matched,467.2,20,494.79999999999995,40,481.0,30.0
13c7c98a-b79a-4b6a-bd96-637ba4321f6a,25,1146,473.0,473.0,190,57,ref,"    private static boolean resolveGenericRef(GenericRef ref, Class<?> clazz, Type type)",matched,467.2,20,494.79999999999995,40,481.0,30.0
fceec9a4-67f3-4e76-b5b4-2bbb5d16e084,25,502,206.0,206.0,190,58,ref,"    private static boolean resolveGenericRef(GenericRef ref, Class<?> clazz, Type type)",matched,568.4,20,596.0,40,582.2,30.0
8fd1aea1-8ba3-4081-a549-6171adffcdcb,25,1091,108.0,108.0,190,58,ref,"    private static boolean resolveGenericRef(GenericRef ref, Class<?> clazz, Type type)",matched,568.4,20,596.0,40,582.2,30.0
ec6bc3ec-63df-4161-a029-15f42b295426,25,506,138.0,138.0,190,59,ref,"    private static boolean resolveGenericRef(GenericRef ref, Class<?> clazz, Type type)",matched,605.1999999999999,20,632.8,40,619.0,30.0
d0ea7d28-26fb-4743-83fa-00dfafcb0e1d,25,602,427.0,427.0,190,59,ref,"    private static boolean resolveGenericRef(GenericRef ref, Class<?> clazz, Type type)",matched,605.1999999999999,20,632.8,40,619.0,30.0
075967fc-6f9f-4266-b690-d1f44c8534ea,25,1186,251.0,251.0,190,60,",","    private static boolean resolveGenericRef(GenericRef ref, Class<?> clazz, Type type)",matched,632.8,20,642.0,40,637.4,30.0
be7dfaf0-22a9-49e4-91a3-ff3d348c71d8,25,106,629.0,629.0,190,61,WHITESPACE,"    private static boolean resolveGenericRef(GenericRef ref, Class<?> clazz, Type type)",approx_whitespace,669.5999999999999,20,678.8,40,674.1999999999999,30.0
57527ccd-474c-46b5-bac2-c53cc5d49feb,25,611,900.0,900.0,190,62,Class,"    private static boolean resolveGenericRef(GenericRef ref, Class<?> clazz, Type type)",matched,651.1999999999999,20,697.1999999999999,40,674.1999999999999,30.0
3b574fe1-0622-4238-afe3-cf5522f11f08,25,231,105.0,105.0,190,63,Class,"    private static boolean resolveGenericRef(GenericRef ref, Class<?> clazz, Type type)",matched,651.1999999999999,20,697.1999999999999,40,674.1999999999999,30.0
f80eee08-429a-4a0b-9b79-859f52f38feb,25,667,410.0,410.0,190,63,Class,"    private static boolean resolveGenericRef(GenericRef ref, Class<?> clazz, Type type)",matched,651.1999999999999,20,697.1999999999999,40,674.1999999999999,30.0
818aa36c-a99e-474f-9f9b-1885a5f77ca9,25,5,540.0,540.0,190,64,Class,"    private static boolean resolveGenericRef(GenericRef ref, Class<?> clazz, Type type)",matched,651.1999999999999,20,697.1999999999999,40,674.1999999999999,30.0
1a3b6ceb-0d3f-4d50-a3c3-6d4e1eee4f17,25,1150,143.0,143.0,190,64,Class,"    private static boolean resolveGenericRef(GenericRef ref, Class<?> clazz, Type type)",matched,651.1999999999999,20,697.1999999999999,40,674.1999999999999,30.0
112ccef3-868a-401d-8bb8-f5f5cd055205,25,310,292.0,292.0,190,65,Class,"    private static boolean resolveGenericRef(GenericRef ref, Class<?> clazz, Type type)",matched,651.1999999999999,20,697.1999999999999,40,674.1999999999999,30.0
f40e6f66-f632-4526-8915-5bb2f0eced3f,25,505,595.0,595.0,190,65,Class,"    private static boolean resolveGenericRef(GenericRef ref, Class<?> clazz, Type type)",matched,651.1999999999999,20,697.1999999999999,40,674.1999999999999,30.0
375dba4f-7973-40a2-a195-a78c95f00c36,25,568,454.0,454.0,190,65,Class,"    private static boolean resolveGenericRef(GenericRef ref, Class<?> clazz, Type type)",matched,651.1999999999999,20,697.1999999999999,40,674.1999999999999,30.0
98a466b8-4b98-414d-9e3c-d7cdd21aa0a4,25,603,757.0,757.0,190,65,Class,"    private static boolean resolveGenericRef(GenericRef ref, Class<?> clazz, Type type)",matched,651.1999999999999,20,697.1999999999999,40,674.1999999999999,30.0
990dd359-5bd6-409a-96b8-22bede4bb7a6,25,1102,147.0,147.0,190,65,Class,"    private static boolean resolveGenericRef(GenericRef ref, Class<?> clazz, Type type)",matched,651.1999999999999,20,697.1999999999999,40,674.1999999999999,30.0
0755a968-fa1c-47e3-967e-0e4a13764e94,25,138,484.0,484.0,190,66,Class,"    private static boolean resolveGenericRef(GenericRef ref, Class<?> clazz, Type type)",matched,651.1999999999999,20,697.1999999999999,40,674.1999999999999,30.0
311c8086-99f7-4591-a4d6-90127ad90966,25,141,428.0,428.0,190,66,Class,"    private static boolean resolveGenericRef(GenericRef ref, Class<?> clazz, Type type)",matched,651.1999999999999,20,697.1999999999999,40,674.1999999999999,30.0
936c7617-03af-4c66-8912-57cbffe128ad,25,144,1032.0,1032.0,190,67,&,"    private static boolean resolveGenericRef(GenericRef ref, Class<?> clazz, Type type)",unresolved,485.59999999999997,20,494.79999999999995,40,490.19999999999993,30.0
8ad20643-c306-41a0-badf-12e3cc36803b,25,1004,983.0,983.0,190,67,&,"    private static boolean resolveGenericRef(GenericRef ref, Class<?> clazz, Type type)",unresolved,485.59999999999997,20,494.79999999999995,40,490.19999999999993,30.0
a015a62f-d4ad-4da5-8ca7-71fe3786684f,25,441,219.0,219.0,190,68,lt;,"    private static boolean resolveGenericRef(GenericRef ref, Class<?> clazz, Type type)",matched,697.1999999999999,20,706.4,40,701.8,30.0
f871ae2b-a08d-40fc-91a6-0e8f76cc1b91,25,664,726.0,726.0,190,68,lt;,"    private static boolean resolveGenericRef(GenericRef ref, Class<?> clazz, Type type)",matched,697.1999999999999,20,706.4,40,701.8,30.0
113dac22-c36d-4d5a-926a-453825d85204,25,1101,387.0,387.0,190,68,lt;,"    private static boolean resolveGenericRef(GenericRef ref, Class<?> clazz, Type type)",matched,697.1999999999999,20,706.4,40,701.8,30.0
cfae8d87-f669-4fa8-9313-ae3cbf5b5e19,25,8,329.0,329.0,190,69,lt;,"    private static boolean resolveGenericRef(GenericRef ref, Class<?> clazz, Type type)",matched,697.1999999999999,20,706.4,40,701.8,30.0
007c2a3f-483d-43b3-81d6-0fd86d9a2c81,25,662,304.0,304.0,190,69,lt;,"    private static boolean resolveGenericRef(GenericRef ref, Class<?> clazz, Type type)",matched,697.1999999999999,20,706.4,40,701.8,30.0
7a1b005f-6f4c-4c15-95e7-4d0d3b201dc8,25,610,106.0,106.0,190,70,lt;,"    private static boolean resolveGenericRef(GenericRef ref, Class<?> clazz, Type type)",matched,697.1999999999999,20,706.4,40,701.8,30.0
c3b0e475-d81b-4205-90af-517a30da0354,25,315,165.0,165.0,190,71,?&,"    private static boolean resolveGenericRef(GenericRef ref, Class<?> clazz, Type type)",unresolved,485.59999999999997,20,503.99999999999994,40,494.79999999999995,30.0
9327eeb2-74ce-4580-a7d7-1293a2b301f5,25,9,165.0,165.0,190,72,?&,"    private static boolean resolveGenericRef(GenericRef ref, Class<?> clazz, Type type)",unresolved,485.59999999999997,20,503.99999999999994,40,494.79999999999995,30.0
9c28cad9-64ac-46d9-896d-19f218f8c59e,25,1085,206.0,206.0,190,72,?&,"    private static boolean resolveGenericRef(GenericRef ref, Class<?> clazz, Type type)",unresolved,485.59999999999997,20,503.99999999999994,40,494.79999999999995,30.0
e6aea606-2b0b-42a2-b396-3d944cc1618e,25,6,169.0,169.0,190,73,gt;,"    private static boolean resolveGenericRef(GenericRef ref, Class<?> clazz, Type type)",matched,715.5999999999999,20,724.8,40,720.1999999999999,30.0
e723e339-d3b0-47dc-a41d-8deeed8c4a26,25,145,290.0,290.0,190,76,WHITESPACE,"    private static boolean resolveGenericRef(GenericRef ref, Class<?> clazz, Type type)",approx_whitespace,816.8,20,826.0,40,821.4,30.0
f5e4a615-aa2a-43d0-a1e9-321d5c5e61bc,25,668,163.0,163.0,190,76,WHITESPACE,"    private static boolean resolveGenericRef(GenericRef ref, Class<?> clazz, Type type)",approx_whitespace,816.8,20,826.0,40,821.4,30.0
4dcfb12f-da17-4f2f-b28d-11fc4d630081,25,440,267.0,267.0,190,78,clazz,"    private static boolean resolveGenericRef(GenericRef ref, Class<?> clazz, Type type)",matched,734.0,20,780.0,40,757.0,30.0
5ebaf576-0103-44cc-b3be-cc08eba619a2,25,137,1077.0,1077.0,190,79,clazz,"    private static boolean resolveGenericRef(GenericRef ref, Class<?> clazz, Type type)",matched,734.0,20,780.0,40,757.0,30.0
96e9466d-414b-4a9c-b9b4-d0b36b24f125,25,1103,214.0,214.0,190,79,clazz,"    private static boolean resolveGenericRef(GenericRef ref, Class<?> clazz, Type type)",matched,734.0,20,780.0,40,757.0,30.0
8804561a-ff2d-4e15-916e-ff9753773432,25,109,330.0,330.0,190,80,clazz,"    private static boolean resolveGenericRef(GenericRef ref, Class<?> clazz, Type type)",matched,734.0,20,780.0,40,757.0,30.0
3be4d85a-3268-42f5-84f6-d7f8e8c8739a,25,311,124.0,124.0,190,81,clazz,"    private static boolean resolveGenericRef(GenericRef ref, Class<?> clazz, Type type)",matched,734.0,20,780.0,40,757.0,30.0
ca899db5-49f0-425f-8691-4c3bfc29a9f5,25,607,217.0,217.0,190,81,clazz,"    private static boolean resolveGenericRef(GenericRef ref, Class<?> clazz, Type type)",matched,734.0,20,780.0,40,757.0,30.0
51004961-c43a-4072-992c-26d3c6cf331c,25,1086,201.0,201.0,190,81,clazz,"    private static boolean resolveGenericRef(GenericRef ref, Class<?> clazz, Type type)",matched,734.0,20,780.0,40,757.0,30.0
50aa1256-27ce-448f-9e33-4132da9c80b5,25,669,443.0,443.0,190,83,WHITESPACE,"    private static boolean resolveGenericRef(GenericRef ref, Class<?> clazz, Type type)",approx_whitespace,881.1999999999999,20,890.4,40,885.8,30.0
a991cae4-4b6f-4b77-ac05-c5880edebd8b,25,1002,275.0,275.0,190,84,Type,"    private static boolean resolveGenericRef(GenericRef ref, Class<?> clazz, Type type)",matched,798.4,20,835.1999999999999,40,816.8,30.0
e0f5c853-f14b-4ee1-8283-0dd19d9711a8,25,566,115.0,115.0,190,86,Type,"    private static boolean resolveGenericRef(GenericRef ref, Class<?> clazz, Type type)",matched,844.4,20,881.1999999999999,40,862.8,30.0
7e536ceb-925c-43bd-9cca-5f37303e5cb9,25,609,318.0,318.0,190,86,Type,"    private static boolean resolveGenericRef(GenericRef ref, Class<?> clazz, Type type)",matched,844.4,20,881.1999999999999,40,862.8,30.0
6522dcd6-263d-4902-bde8-4fdca87ae054,25,1023,772.0,772.0,191,3,WHITESPACE,    {,approx_whitespace,126.8,40,136.0,60,131.4,50.0
34c66c42-aab7-417e-9367-bd889745cb66,25,1022,241.0,241.0,192,10,if,        if (type instanceof Class),matched,163.6,60,182.0,80,172.8,70.0
7b8ed7b0-c790-401a-b6c9-6e93c35d660c,25,1024,199.0,199.0,192,12,(,        if (type instanceof Class),matched,191.2,60,200.39999999999998,80,195.79999999999998,70.0
df766e84-76ca-4e5c-a5a7-e5e3c3d8bf34,25,108,167.0,167.0,192,16,type,        if (type instanceof Class),matched,200.39999999999998,60,237.2,80,218.79999999999998,70.0
813d092a-0925-43d9-80ce-74386618446c,25,313,409.0,409.0,192,16,type,        if (type instanceof Class),matched,200.39999999999998,60,237.2,80,218.79999999999998,70.0
b472cb44-8844-433d-9fc3-dbc05f28d0a1,25,510,113.0,113.0,192,16,type,        if (type instanceof Class),matched,200.39999999999998,60,237.2,80,218.79999999999998,70.0
c2785d59-0cee-43b7-9b54-8469fd2deb78,25,1007,310.0,310.0,192,16,type,        if (type instanceof Class),matched,200.39999999999998,60,237.2,80,218.79999999999998,70.0
26ee7f1a-76ce-4c2b-bba4-5ba5dc3a4d51,25,279,819.0,819.0,192,17,WHITESPACE,        if (type instanceof Class),approx_whitespace,274.0,60,283.2,80,278.6,70.0
4746d1bb-b454-4c35-a486-6bc02068d135,25,308,149.0,149.0,192,18,instanceof,        if (type instanceof Class),matched,246.39999999999998,60,338.4,80,292.4,70.0
33daa8ba-d222-4ad4-bbe3-213a520e386f,25,604,90.0,90.0,192,18,instanceof,        if (type instanceof Class),matched,246.39999999999998,60,338.4,80,292.4,70.0
ef773492-d7f3-440c-83f9-ca1168f0eaef,25,1020,106.0,106.0,192,18,instanceof,        if (type instanceof Class),matched,246.39999999999998,60,338.4,80,292.4,70.0
bffd4217-afba-4fc7-92e9-8259ffdc0e57,25,223,584.0,584.0,192,19,instanceof,        if (type instanceof Class),matched,246.39999999999998,60,338.4,80,292.4,70.0
b15d8025-5f19-4a61-ae64-7442ca5164a5,25,673,219.0,219.0,192,19,instanceof,        if (type instanceof Class),matched,246.39999999999998,60,338.4,80,292.4,70.0
dacd2519-f10c-4c54-8178-8f022b2087b2,25,2,325.0,325.0,192,20,instanceof,        if (type instanceof Class),matched,246.39999999999998,60,338.4,80,292.4,70.0
ba2ee06c-c12e-4f6b-8f93-84b280e04580,25,111,263.0,263.0,192,20,instanceof,        if (type instanceof Class),matched,246.39999999999998,60,338.4,80,292.4,70.0
d9278006-ee5a-43d6-ae21-f070725bc2da,25,150,826.0,826.0,192,20,instanceof,        if (type instanceof Class),matched,246.39999999999998,60,338.4,80,292.4,70.0
f7f6a82a-cbe5-4e59-82d3-f2b117084486,25,1001,666.0,666.0,192,20,instanceof,        if (type instanceof Class),matched,246.39999999999998,60,338.4,80,292.4,70.0
5aaeb452-47b6-49e2-843e-c82352e667a1,25,1182,119.0,119.0,192,20,instanceof,        if (type instanceof Class),matched,246.39999999999998,60,338.4,80,292.4,70.0
0d340e27-9307-44a5-9ae2-e4bba2be6a52,25,148,120.0,120.0,192,21,instanceof,        if (type instanceof Class),matched,246.39999999999998,60,338.4,80,292.4,70.0
382b5242-1e0e-4168-a186-cc540e6b2e3e,25,437,123.0,123.0,192,21,instanceof,        if (type instanceof Class),matched,246.39999999999998,60,338.4,80,292.4,70.0
0b8e8d53-82b3-4205-b760-7f2449ae9e64,25,446,252.0,252.0,192,21,instanceof,        if (type instanceof Class),matched,246.39999999999998,60,338.4,80,292.4,70.0
1f10f77c-c609-410f-b8fa-31d2cfe3c505,25,107,114.0,114.0,192,22,instanceof,        if (type instanceof Class),matched,246.39999999999998,60,338.4,80,292.4,70.0
b6200859-4fbb-4bfc-8cdf-4eeb2f20c0b9,25,416,144.0,144.0,192,22,instanceof,        if (type instanceof Class),matched,246.39999999999998,60,338.4,80,292.4,70.0
04f6275b-3c17-4306-9dd9-27ce8c6523c0,25,670,866.0,866.0,192,22,instanceof,        if (type instanceof Class),matched,246.39999999999998,60,338.4,80,292.4,70.0
6ff1d28f-64f3-4ec7-854e-1a0b5eae8de3,25,671,675.0,675.0,192,22,instanceof,        if (type instanceof Class),matched,246.39999999999998,60,338.4,80,292.4,70.0
682ce358-39f0-42b1-8112-97c47cd1a80a,25,143,162.0,162.0,192,23,instanceof,        if (type instanceof Class),matched,246.39999999999998,60,338.4,80,292.4,70.0
092d80b9-1b94-4702-b8de-7e59b4308c5c,25,509,150.0,150.0,192,23,instanceof,        if (type instanceof Class),matched,246.39999999999998,60,338.4,80,292.4,70.0
94595ef9-d8a0-4056-8b0e-9f431cdcc96b,25,666,224.0,224.0,192,23,instanceof,        if (type instanceof Class),matched,246.39999999999998,60,338.4,80,292.4,70.0
37233e5a-427e-40a8-b0e5-b591ba0f7156,25,1180,93.0,93.0,192,23,instanceof,        if (type instanceof Class),matched,246.39999999999998,60,338.4,80,292.4,70.0
b261f76d-0fdc-4115-b5aa-4d5bcbe0f6d9,25,30,677.0,677.0,192,24,instanceof,        if (type instanceof Class),matched,246.39999999999998,60,338.4,80,292.4,70.0
fe29cabb-31dc-4be8-a9f4-2d785ac85f5b,25,100,684.0,684.0,192,24,instanceof,        if (type instanceof Class),matched,246.39999999999998,60,338.4,80,292.4,70.0
0223d388-bf21-43b9-acb4-d1d6dd5aefb5,25,112,148.0,148.0,192,24,instanceof,        if (type instanceof Class),matched,246.39999999999998,60,338.4,80,292.4,70.0
1aeaa14d-0216-4dfb-8695-9e7525c0afb5,25,151,210.0,210.0,192,24,instanceof,        if (type instanceof Class),matched,246.39999999999998,60,338.4,80,292.4,70.0
8f755140-1868-4f68-90f7-570569db4d2d,25,438,169.0,169.0,192,24,instanceof,        if (type instanceof Class),matched,246.39999999999998,60,338.4,80,292.4,70.0
cbab9c6a-24bf-4a3b-8c1e-98f1f50a1188,25,1033,217.0,217.0,192,24,instanceof,        if (type instanceof Class),matched,246.39999999999998,60,338.4,80,292.4,70.0
39247c60-9891-422b-9842-dd2f71ae56af,25,140,173.0,173.0,192,25,instanceof,        if (type instanceof Class),matched,246.39999999999998,60,338.4,80,292.4,70.0
afd73740-4c3d-408b-b412-ad8efeb46571,25,147,350.0,350.0,192,25,instanceof,        if (type instanceof Class),matched,246.39999999999998,60,338.4,80,292.4,70.0
36c201e5-3b03-44bb-a59d-3ad0880e8837,25,3,383.0,383.0,192,26,instanceof,        if (type instanceof Class),matched,246.39999999999998,60,338.4,80,292.4,70.0
8572e70a-fae9-4f4d-a591-a7649d1b8447,25,152,847.0,847.0,192,26,instanceof,        if (type instanceof Class),matched,246.39999999999998,60,338.4,80,292.4,70.0
d7849044-c448-4a91-b313-d2df612e77e3,25,571,113.0,113.0,192,26,instanceof,        if (type instanceof Class),matched,246.39999999999998,60,338.4,80,292.4,70.0
cafc7ad3-11e2-4ed9-b01c-271e17f7d55b,25,149,278.0,278.0,192,27,instanceof,        if (type instanceof Class),matched,246.39999999999998,60,338.4,80,292.4,70.0
6432ca89-22e9-461c-be09-8f9545290396,25,601,418.0,418.0,192,27,instanceof,        if (type instanceof Class),matched,246.39999999999998,60,338.4,80,292.4,70.0
65503d48-20d9-4ae7-945e-b7407861c1ac,25,674,359.0,359.0,192,27,instanceof,        if (type instanceof Class),matched,246.39999999999998,60,338.4,80,292.4,70.0
21957432-8b44-4848-ac93-68120eb6677e,25,1204,730.0,730.0,192,27,instanceof,        if (type instanceof Class),matched,246.39999999999998,60,338.4,80,292.4,70.0
d71dcf10-530f-4dad-b724-77dc39ff7826,25,307,137.0,137.0,192,28,WHITESPACE,        if (type instanceof Class),approx_whitespace,393.59999999999997,60,402.79999999999995,80,398.19999999999993,70.0
235f27c9-398c-4967-86ec-24c7c8c3eab8,25,312,152.0,152.0,192,28,WHITESPACE,        if (type instanceof Class),approx_whitespace,393.59999999999997,60,402.79999999999995,80,398.19999999999993,70.0
c7b85c2f-1b32-4cb6-82d8-d8f402bb6023,25,1134,915.0,915.0,192,28,WHITESPACE,        if (type instanceof Class),approx_whitespace,393.59999999999997,60,402.79999999999995,80,398.19999999999993,70.0
0dc87837-3a88-46f7-9a40-baad3ff275d0,25,1181,122.0,122.0,192,28,WHITESPACE,        if (type instanceof Class),approx_whitespace,393.59999999999997,60,402.79999999999995,80,398.19999999999993,70.0
138476a3-e85f-4353-bd1a-6b214cea76b4,25,1184,177.0,177.0,192,28,WHITESPACE,        if (type instanceof Class),approx_whitespace,393.59999999999997,60,402.79999999999995,80,398.19999999999993,70.0
9b11f57f-1535-4083-98f0-5f2f65e59384,25,701,203.0,203.0,192,29,Class,        if (type instanceof Class),matched,347.59999999999997,60,393.59999999999997,80,370.59999999999997,70.0
39a31f61-d26c-417c-ab6f-00f9e7f2679a,25,1036,234.0,234.0,192,29,Class,        if (type instanceof Class),matched,347.59999999999997,60,393.59999999999997,80,370.59999999999997,70.0
c00ed82e-c980-49f8-a61c-239c951a46f3,25,146,149.0,149.0,192,30,Class,        if (type instanceof Class),matched,347.59999999999997,60,393.59999999999997,80,370.59999999999997,70.0
2c9b0ff4-df1c-49f0-b024-6c5dbb03e7cd,25,280,995.0,995.0,192,30,Class,        if (type instanceof Class),matched,347.59999999999997,60,393.59999999999997,80,370.59999999999997,70.0
4116dab4-3f16-4fe3-8b04-0339f22978ba,25,417,110.0,110.0,192,30,Class,        if (type instanceof Class),matched,347.59999999999997,60,393.59999999999997,80,370.59999999999997,70.0
4a5d9f98-6c79-491f-aee0-615818e1e6db,25,508,149.0,149.0,192,30,Class,        if (type instanceof Class),matched,347.59999999999997,60,393.59999999999997,80,370.59999999999997,70.0
e7afd457-f47d-426a-99e1-a2ac9f950c70,25,1080,152.0,152.0,192,30,Class,        if (type instanceof Class),matched,347.59999999999997,60,393.59999999999997,80,370.59999999999997,70.0
873dfee1-bb0e-4912-92b6-e1b4e0425252,25,29,141.0,141.0,192,31,Class,        if (type instanceof Class),matched,347.59999999999997,60,393.59999999999997,80,370.59999999999997,70.0
035561c2-8add-49ec-a168-c1fb501d14e2,25,309,139.0,139.0,192,31,Class,        if (type instanceof Class),matched,347.59999999999997,60,393.59999999999997,80,370.59999999999997,70.0
366fb7bb-b7d1-431e-9e9d-8d3186f5701d,25,672,303.0,303.0,192,31,Class,        if (type instanceof Class),matched,347.59999999999997,60,393.59999999999997,80,370.59999999999997,70.0
0332d156-0cb5-4f8d-a8df-019dcf8769a4,25,1037,556.0,556.0,192,31,Class,        if (type instanceof Class),matched,347.59999999999997,60,393.59999999999997,80,370.59999999999997,70.0
6d2417df-77c0-408f-af16-dacf9eb6e3c2,25,1149,240.0,240.0,192,31,Class,        if (type instanceof Class),matched,347.59999999999997,60,393.59999999999997,80,370.59999999999997,70.0
80d29457-38bb-44be-81dc-0f7c24a9e6ea,25,665,260.0,260.0,192,32,Class,        if (type instanceof Class),matched,347.59999999999997,60,393.59999999999997,80,370.59999999999997,70.0
dab6e416-3318-4e20-a3a0-16d25b4f5f6c,25,688,825.0,825.0,192,32,Class,        if (type instanceof Class),matched,347.59999999999997,60,393.59999999999997,80,370.59999999999997,70.0
58788d64-2efa-4a1e-ab14-8f9bd8bfa0de,25,110,154.0,154.0,192,33,Class,        if (type instanceof Class),matched,347.59999999999997,60,393.59999999999997,80,370.59999999999997,70.0
13edef86-0fa6-4c26-93c6-6943f387691c,25,142,203.0,203.0,192,33,Class,        if (type instanceof Class),matched,347.59999999999997,60,393.59999999999997,80,370.59999999999997,70.0
91c186db-53a3-4e50-a638-ae2354d18a1c,25,1183,123.0,123.0,192,33,Class,        if (type instanceof Class),matched,347.59999999999997,60,393.59999999999997,80,370.59999999999997,70.0
09a4384c-72bd-4e4c-afa2-e8fc864e5c7a,25,156,179.0,179.0,192,34,),        if (type instanceof Class),matched,393.59999999999997,60,402.79999999999995,80,398.19999999999993,70.0
d62bfbbf-e4ce-4012-ae66-5f18383bb8c7,25,154,140.0,140.0,194,17,type,            if (type == ref.ifaceClass),matched,237.2,100,274.0,120,255.6,110.0
86fdb634-c033-417e-ba2c-3b9c3ff6658c,25,555,242.0,242.0,194,17,type,            if (type == ref.ifaceClass),matched,237.2,100,274.0,120,255.6,110.0
23734ef0-9dc8-4823-901b-631487ba62b8,25,155,344.0,344.0,194,19,type,            if (type == ref.ifaceClass),matched,237.2,100,274.0,120,255.6,110.0
87319f67-485b-430e-b0d8-0306ad8306ce,25,229,196.0,196.0,194,19,type,            if (type == ref.ifaceClass),matched,237.2,100,274.0,120,255.6,110.0
29d43e96-f98a-4b12-af71-950e1ca583e7,25,423,717.0,717.0,194,19,type,            if (type == ref.ifaceClass),matched,237.2,100,274.0,120,255.6,110.0
49c55478-a901-4a1a-83c3-18d1434dc64b,25,153,477.0,477.0,194,20,type,            if (type == ref.ifaceClass),matched,237.2,100,274.0,120,255.6,110.0
88a431a2-3f38-4d7f-bc6a-0bcce4ccc127,25,234,421.0,421.0,194,20,type,            if (type == ref.ifaceClass),matched,237.2,100,274.0,120,255.6,110.0
5c5830f9-ef2a-412b-b0e0-79b80684839f,25,276,124.0,124.0,194,20,type,            if (type == ref.ifaceClass),matched,237.2,100,274.0,120,255.6,110.0
ab4efd80-823f-4437-9e9c-c6d4dafc6b15,25,425,567.0,567.0,194,21,WHITESPACE,            if (type == ref.ifaceClass),approx_whitespace,393.59999999999997,100,402.79999999999995,120,398.19999999999993,110.0
30ee13c4-ddf7-420b-a00c-365229748c33,25,1148,616.0,616.0,194,21,WHITESPACE,            if (type == ref.ifaceClass),approx_whitespace,393.59999999999997,100,402.79999999999995,120,398.19999999999993,110.0
015e7f23-b99e-4622-9a32-c136311e3027,25,225,459.0,459.0,194,22,==,            if (type == ref.ifaceClass),matched,283.2,100,301.6,120,292.4,110.0
bbc672c6-91b4-427f-98e5-bd7ce42997ac,25,281,121.0,121.0,194,22,==,            if (type == ref.ifaceClass),matched,283.2,100,301.6,120,292.4,110.0
cf8d1f55-d2b1-4aa6-9347-28957d58094a,25,1139,240.0,240.0,194,22,==,            if (type == ref.ifaceClass),matched,283.2,100,301.6,120,292.4,110.0
2003d39c-c2c2-42aa-869f-9cb7c028ace7,25,16,277.0,277.0,194,23,==,            if (type == ref.ifaceClass),matched,283.2,100,301.6,120,292.4,110.0
09044e18-0672-4171-abee-4f69f9938cbe,25,159,137.0,137.0,194,23,==,            if (type == ref.ifaceClass),matched,283.2,100,301.6,120,292.4,110.0
bba7180a-fd50-416f-8dcd-12a1882d69d1,25,339,155.0,155.0,194,24,WHITESPACE,            if (type == ref.ifaceClass),approx_whitespace,439.59999999999997,100,448.79999999999995,120,444.19999999999993,110.0
a9b40f06-c6ab-4023-b3b4-c3b227034319,25,497,123.0,123.0,194,24,WHITESPACE,            if (type == ref.ifaceClass),approx_whitespace,439.59999999999997,100,448.79999999999995,120,444.19999999999993,110.0
2903272c-87a9-47e5-9817-804060cfd918,25,233,150.0,150.0,194,25,ref,            if (type == ref.ifaceClass),matched,310.79999999999995,100,338.4,120,324.59999999999997,110.0
50ca3baa-456d-487a-b299-e2593c1421a5,25,273,177.0,177.0,194,25,ref,            if (type == ref.ifaceClass),matched,310.79999999999995,100,338.4,120,324.59999999999997,110.0
aa36a6f4-39c4-4abf-ab26-060c99395c3e,25,1025,160.0,160.0,194,25,ref,            if (type == ref.ifaceClass),matched,310.79999999999995,100,338.4,120,324.59999999999997,110.0
e41423c3-b311-4f0a-ae01-62e166bf9e09,25,1125,820.0,820.0,194,25,ref,            if (type == ref.ifaceClass),matched,310.79999999999995,100,338.4,120,324.59999999999997,110.0
fbf65403-8390-4a1a-bd84-e7d768ae5c00,25,275,563.0,563.0,194,26,ref,            if (type == ref.ifaceClass),matched,310.79999999999995,100,338.4,120,324.59999999999997,110.0
72554b11-0508-4b18-be22-e033ce909fac,25,436,133.0,133.0,194,26,ref,            if (type == ref.ifaceClass),matched,310.79999999999995,100,338.4,120,324.59999999999997,110.0
f20779a1-73b4-419c-badb-d7e20f71e99a,25,227,1325.0,1325.0,194,27,ref,            if (type == ref.ifaceClass),matched,310.79999999999995,100,338.4,120,324.59999999999997,110.0
3a1f2cf3-99d1-4b35-8f36-2dcdaf402118,25,230,435.0,435.0,194,27,ref,            if (type == ref.ifaceClass),matched,310.79999999999995,100,338.4,120,324.59999999999997,110.0
aafd34cb-bfbe-4618-b56d-ffd1bd08aecc,25,660,313.0,313.0,194,27,ref,            if (type == ref.ifaceClass),matched,310.79999999999995,100,338.4,120,324.59999999999997,110.0
184273f3-de25-4777-bf09-cc943b8c510f,25,160,116.0,116.0,194,28,.,            if (type == ref.ifaceClass),matched,338.4,100,347.59999999999997,120,343.0,110.0
67ccaaa3-256a-4824-a8ab-2d37ba8eaf67,25,168,1255.0,1255.0,194,28,.,            if (type == ref.ifaceClass),matched,338.4,100,347.59999999999997,120,343.0,110.0
f8270bfc-7466-4af3-810d-44ba9ddd41a5,25,576,596.0,596.0,194,28,.,            if (type == ref.ifaceClass),matched,338.4,100,347.59999999999997,120,343.0,110.0
e9f09f26-5aa5-4621-ae1e-8f9e18c88085,25,1,371.0,371.0,194,29,ifaceClass,            if (type == ref.ifaceClass),matched,347.59999999999997,100,439.59999999999997,120,393.59999999999997,110.0
e641a720-9d3b-476b-b613-d0f2168541e1,25,17,1120.0,1120.0,194,29,ifaceClass,            if (type == ref.ifaceClass),matched,347.59999999999997,100,439.59999999999997,120,393.59999999999997,110.0
761fcf9c-af3b-4725-ba04-1bf33b0c5896,25,224,586.0,586.0,194,29,ifaceClass,            if (type == ref.ifaceClass),matched,347.59999999999997,100,439.59999999999997,120,393.59999999999997,110.0
d1c8e22d-6b45-4369-8ee0-8eb8dce2fb06,25,228,196.0,196.0,194,29,ifaceClass,            if (type == ref.ifaceClass),matched,347.59999999999997,100,439.59999999999997,120,393.59999999999997,110.0
4d87bab9-9e8f-4034-ba55-680c235a373d,25,684,570.0,570.0,194,29,ifaceClass,            if (type == ref.ifaceClass),matched,347.59999999999997,100,439.59999999999997,120,393.59999999999997,110.0
3478194e-a372-42e4-a577-8e4f10183325,25,689,927.0,927.0,194,29,ifaceClass,            if (type == ref.ifaceClass),matched,347.59999999999997,100,439.59999999999997,120,393.59999999999997,110.0
4c77ef5d-d71f-4cca-8efc-bae3c6a1eadd,25,1188,88.0,88.0,194,29,ifaceClass,            if (type == ref.ifaceClass),matched,347.59999999999997,100,439.59999999999997,120,393.59999999999997,110.0
422615b2-0322-46d2-a154-e6477be10850,25,161,2606.0,2606.0,194,30,ifaceClass,            if (type == ref.ifaceClass),matched,347.59999999999997,100,439.59999999999997,120,393.59999999999997,110.0
d1315e10-10ff-4406-bfbf-bcb415afdb30,25,243,347.0,347.0,194,30,ifaceClass,            if (type == ref.ifaceClass),matched,347.59999999999997,100,439.59999999999997,120,393.59999999999997,110.0
fa4109c5-4530-4038-adf9-39b05a73fb3f,25,400,680.0,680.0,194,30,ifaceClass,            if (type == ref.ifaceClass),matched,347.59999999999997,100,439.59999999999997,120,393.59999999999997,110.0
acc9729e-93cd-41e7-91b1-85a5443cacdf,25,424,643.0,643.0,194,30,ifaceClass,            if (type == ref.ifaceClass),matched,347.59999999999997,100,439.59999999999997,120,393.59999999999997,110.0
4daf69ac-fa29-40db-96f6-5d4149f0c6f1,25,1115,95.0,95.0,194,30,ifaceClass,            if (type == ref.ifaceClass),matched,347.59999999999997,100,439.59999999999997,120,393.59999999999997,110.0
ecea8ef1-8a53-4bd2-a2cc-a513197d7d6a,25,1138,172.0,172.0,194,30,ifaceClass,            if (type == ref.ifaceClass),matched,347.59999999999997,100,439.59999999999997,120,393.59999999999997,110.0
0f22ff98-8614-4d39-9898-0c372a4ddfd0,25,53,350.0,350.0,194,31,ifaceClass,            if (type == ref.ifaceClass),matched,347.59999999999997,100,439.59999999999997,120,393.59999999999997,110.0
0a2341dd-be8f-4817-9aea-8f7edfd21d31,25,113,306.0,306.0,194,31,ifaceClass,            if (type == ref.ifaceClass),matched,347.59999999999997,100,439.59999999999997,120,393.59999999999997,110.0
aa34b40c-316a-46f4-99b5-1a4625e7f3f5,25,139,354.0,354.0,194,31,ifaceClass,            if (type == ref.ifaceClass),matched,347.59999999999997,100,439.59999999999997,120,393.59999999999997,110.0
ed84fb9d-eb76-4b70-ad70-a10a92582183,25,158,406.0,406.0,194,31,ifaceClass,            if (type == ref.ifaceClass),matched,347.59999999999997,100,439.59999999999997,120,393.59999999999997,110.0
d4e4d58a-fdb4-4be9-b7b3-d05d2fe733c4,25,163,1178.0,1178.0,194,31,ifaceClass,            if (type == ref.ifaceClass),matched,347.59999999999997,100,439.59999999999997,120,393.59999999999997,110.0
38786c20-acc4-45b6-b9fd-b5f0a1d6d112,25,232,177.0,177.0,194,31,ifaceClass,            if (type == ref.ifaceClass),matched,347.59999999999997,100,439.59999999999997,120,393.59999999999997,110.0
4b4a23b2-635e-4f46-ae6d-d5570aa8fc1b,25,274,198.0,198.0,194,31,ifaceClass,            if (type == ref.ifaceClass),matched,347.59999999999997,100,439.59999999999997,120,393.59999999999997,110.0
de3b5e7c-0d99-406a-8d68-6e0d24fc07bd,25,284,1310.0,1310.0,194,31,ifaceClass,            if (type == ref.ifaceClass),matched,347.59999999999997,100,439.59999999999997,120,393.59999999999997,110.0
5e44c5c0-9d53-46c1-955f-2e98dcba00c2,25,285,807.0,807.0,194,31,ifaceClass,            if (type == ref.ifaceClass),matched,347.59999999999997,100,439.59999999999997,120,393.59999999999997,110.0
f3803649-af03-40b5-8aaf-6c0da5a3ac98,25,295,884.0,884.0,194,31,ifaceClass,            if (type == ref.ifaceClass),matched,347.59999999999997,100,439.59999999999997,120,393.59999999999997,110.0
7272a131-b155-4bae-9190-6c04116d7c09,25,331,627.0,627.0,194,31,ifaceClass,            if (type == ref.ifaceClass),matched,347.59999999999997,100,439.59999999999997,120,393.59999999999997,110.0
7fb22463-bbe2-449f-a852-30e4137e2b4d,25,340,480.0,480.0,194,31,ifaceClass,            if (type == ref.ifaceClass),matched,347.59999999999997,100,439.59999999999997,120,393.59999999999997,110.0
2dd55e46-2749-4f2f-85ff-fea4624ff961,25,608,86.0,86.0,194,31,ifaceClass,            if (type == ref.ifaceClass),matched,347.59999999999997,100,439.59999999999997,120,393.59999999999997,110.0
4a013718-a3aa-4946-aaaf-742b31f424cf,25,136,1300.0,1300.0,194,32,ifaceClass,            if (type == ref.ifaceClass),matched,347.59999999999997,100,439.59999999999997,120,393.59999999999997,110.0
85f4e1fa-d781-4829-b2e2-af07281401f3,25,165,1191.0,1191.0,194,32,ifaceClass,            if (type == ref.ifaceClass),matched,347.59999999999997,100,439.59999999999997,120,393.59999999999997,110.0
9e49ace8-d525-42db-8bbf-331181e4dfd1,25,226,706.0,706.0,194,32,ifaceClass,            if (type == ref.ifaceClass),matched,347.59999999999997,100,439.59999999999997,120,393.59999999999997,110.0
a10974ad-2c43-4623-883a-fedcfbf327ee,25,277,800.0,800.0,194,32,ifaceClass,            if (type == ref.ifaceClass),matched,347.59999999999997,100,439.59999999999997,120,393.59999999999997,110.0
4566e10c-92a3-44d3-a9c6-f7e7294ec8a5,25,286,806.0,806.0,194,32,ifaceClass,            if (type == ref.ifaceClass),matched,347.59999999999997,100,439.59999999999997,120,393.59999999999997,110.0
c0058181-fc7e-408b-a523-58678e9b1229,25,316,112.0,112.0,194,32,ifaceClass,            if (type == ref.ifaceClass),matched,347.59999999999997,100,439.59999999999997,120,393.59999999999997,110.0
f4c6eb6b-4240-4af7-90cd-a0ec8e0bfaef,25,557,968.0,968.0,194,32,ifaceClass,            if (type == ref.ifaceClass),matched,347.59999999999997,100,439.59999999999997,120,393.59999999999997,110.0
e0f7191a-c8dd-4f8b-9646-fb430c4f5385,25,678,521.0,521.0,194,32,ifaceClass,            if (type == ref.ifaceClass),matched,347.59999999999997,100,439.59999999999997,120,393.59999999999997,110.0
babb3809-a46c-4050-b7aa-b530e07aa224,25,685,407.0,407.0,194,32,ifaceClass,            if (type == ref.ifaceClass),matched,347.59999999999997,100,439.59999999999997,120,393.59999999999997,110.0
5a3a7b69-2705-4111-8793-a77870647691,25,913,105.0,105.0,194,32,ifaceClass,            if (type == ref.ifaceClass),matched,347.59999999999997,100,439.59999999999997,120,393.59999999999997,110.0
10b759a1-3aec-47fe-befa-32182cc9b74d,25,1087,1316.0,1316.0,194,32,ifaceClass,            if (type == ref.ifaceClass),matched,347.59999999999997,100,439.59999999999997,120,393.59999999999997,110.0
f58b23f1-56eb-447e-82f6-400d74d12d38,25,1137,143.0,143.0,194,32,ifaceClass,            if (type == ref.ifaceClass),matched,347.59999999999997,100,439.59999999999997,120,393.59999999999997,110.0
9cfa80f5-f7c9-49bf-91fb-847a26fafa2a,25,133,1631.0,1631.0,194,33,ifaceClass,            if (type == ref.ifaceClass),matched,347.59999999999997,100,439.59999999999997,120,393.59999999999997,110.0
f420b260-77fc-43a8-94c1-a3f968de7abf,25,166,247.0,247.0,194,33,ifaceClass,            if (type == ref.ifaceClass),matched,347.59999999999997,100,439.59999999999997,120,393.59999999999997,110.0
aad79b89-93cc-4402-8a20-b0377bfa1710,25,242,179.0,179.0,194,33,ifaceClass,            if (type == ref.ifaceClass),matched,347.59999999999997,100,439.59999999999997,120,393.59999999999997,110.0
ea520227-ddc4-4098-8f42-33635b5ec0f0,25,401,342.0,342.0,194,33,ifaceClass,            if (type == ref.ifaceClass),matched,347.59999999999997,100,439.59999999999997,120,393.59999999999997,110.0
c9943bb7-15a8-42f2-9f98-c8606927c253,25,426,255.0,255.0,194,33,ifaceClass,            if (type == ref.ifaceClass),matched,347.59999999999997,100,439.59999999999997,120,393.59999999999997,110.0
b1793b62-4254-4bc1-8f04-0ace10e4da86,25,157,177.0,177.0,194,34,ifaceClass,            if (type == ref.ifaceClass),matched,347.59999999999997,100,439.59999999999997,120,393.59999999999997,110.0
11b6934a-2816-45ca-8d8d-7c87fd39f5a4,25,167,1110.0,1110.0,194,34,ifaceClass,            if (type == ref.ifaceClass),matched,347.59999999999997,100,439.59999999999997,120,393.59999999999997,110.0
1162bde7-4798-46b2-b763-af16e3067f93,25,625,244.0,244.0,194,34,ifaceClass,            if (type == ref.ifaceClass),matched,347.59999999999997,100,439.59999999999997,120,393.59999999999997,110.0
fdfb903e-c41a-48b3-804c-bb6a545667bf,25,1140,173.0,173.0,194,34,ifaceClass,            if (type == ref.ifaceClass),matched,347.59999999999997,100,439.59999999999997,120,393.59999999999997,110.0
70af88f9-43a9-41f8-9ebb-448b3d7a7900,25,235,2150.0,2150.0,194,35,ifaceClass,            if (type == ref.ifaceClass),matched,347.59999999999997,100,439.59999999999997,120,393.59999999999997,110.0
18527b0d-fb43-4861-8521-742893565208,25,278,283.0,283.0,194,35,ifaceClass,            if (type == ref.ifaceClass),matched,347.59999999999997,100,439.59999999999997,120,393.59999999999997,110.0
f35f94b1-b974-4a7d-b6e2-c2c928e778bb,25,288,690.0,690.0,194,35,ifaceClass,            if (type == ref.ifaceClass),matched,347.59999999999997,100,439.59999999999997,120,393.59999999999997,110.0
de4d6462-3ebc-4e72-88ea-bf69dcc369dc,25,1034,223.0,223.0,196,21,is,                // is this a straight ref or a TypeVariable?,matched,264.79999999999995,140,283.2,160,274.0,150.0
176e8057-a0de-45fd-a9ce-aed8c33097a5,25,49,319.0,319.0,196,24,this,                // is this a straight ref or a TypeVariable?,matched,292.4,140,329.2,160,310.79999999999995,150.0
8646e6b3-0424-4f72-9ee0-c65858926379,25,172,292.0,292.0,196,24,this,                // is this a straight ref or a TypeVariable?,matched,292.4,140,329.2,160,310.79999999999995,150.0
b2b66eab-6030-4440-8961-1f8e8ed83807,25,616,547.0,547.0,196,24,this,                // is this a straight ref or a TypeVariable?,matched,292.4,140,329.2,160,310.79999999999995,150.0
b110ae8c-31d9-42b7-ad72-e50a3d02ab94,25,239,600.0,600.0,196,25,this,                // is this a straight ref or a TypeVariable?,matched,292.4,140,329.2,160,310.79999999999995,150.0
bc9a9bba-bf89-4c27-8e26-b31ce00c0af6,25,392,857.0,857.0,196,25,this,                // is this a straight ref or a TypeVariable?,matched,292.4,140,329.2,160,310.79999999999995,150.0
eccda24f-3501-44c1-aa18-373ebd0690d6,25,1042,231.0,231.0,196,25,this,                // is this a straight ref or a TypeVariable?,matched,292.4,140,329.2,160,310.79999999999995,150.0
50d84347-3774-4df0-bfd8-539002b541a4,25,18,348.0,348.0,196,26,this,                // is this a straight ref or a TypeVariable?,matched,292.4,140,329.2,160,310.79999999999995,150.0
7395594f-4b39-4ec5-8e53-c13d90ccfab7,25,999,541.0,541.0,196,26,this,                // is this a straight ref or a TypeVariable?,matched,292.4,140,329.2,160,310.79999999999995,150.0
2666873a-1174-48c0-8adc-ddf1f89263d3,25,21,207.0,207.0,196,27,WHITESPACE,                // is this a straight ref or a TypeVariable?,approx_whitespace,402.79999999999995,140,412.0,160,407.4,150.0
bdbd9d75-396a-478a-8a37-add52a0d2f7b,25,173,719.0,719.0,196,27,WHITESPACE,                // is this a straight ref or a TypeVariable?,approx_whitespace,402.79999999999995,140,412.0,160,407.4,150.0
bf0e1c5f-c2b7-402c-a1de-9d4351e4ebad,25,272,116.0,116.0,196,27,WHITESPACE,                // is this a straight ref or a TypeVariable?,approx_whitespace,402.79999999999995,140,412.0,160,407.4,150.0
fc861253-993c-43d1-8768-71ea49123541,25,1136,490.0,490.0,196,27,WHITESPACE,                // is this a straight ref or a TypeVariable?,approx_whitespace,402.79999999999995,140,412.0,160,407.4,150.0
9346d40a-3a5b-4ea9-93e8-15bef5885023,25,558,349.0,349.0,196,28,a,                // is this a straight ref or a TypeVariable?,matched,338.4,140,347.59999999999997,160,343.0,150.0
2cdc796a-500b-401e-969c-f047ca7fa1ec,25,916,894.0,894.0,196,28,a,                // is this a straight ref or a TypeVariable?,matched,338.4,140,347.59999999999997,160,343.0,150.0
c8c77fe1-490b-48e9-b4f7-34a24af47f0d,25,1147,202.0,202.0,196,29,WHITESPACE,                // is this a straight ref or a TypeVariable?,approx_whitespace,421.2,140,430.4,160,425.79999999999995,150.0
d418a315-7160-4654-97d5-27f0c774b00f,25,48,162.0,162.0,196,30,straight,                // is this a straight ref or a TypeVariable?,matched,356.79999999999995,140,430.4,160,393.59999999999997,150.0
12339a92-0719-45ae-a728-901ba87d44d0,25,171,263.0,263.0,196,30,straight,                // is this a straight ref or a TypeVariable?,matched,356.79999999999995,140,430.4,160,393.59999999999997,150.0
989baa11-0cdf-49a7-8a3f-22c81f63fafc,25,175,87.0,87.0,196,31,straight,                // is this a straight ref or a TypeVariable?,matched,356.79999999999995,140,430.4,160,393.59999999999997,150.0
8a096881-27db-45d6-bc67-4a6ad523f8ca,25,977,82.0,82.0,196,31,straight,                // is this a straight ref or a TypeVariable?,matched,356.79999999999995,140,430.4,160,393.59999999999997,150.0
674c7e61-38df-4c34-83bf-e8586507f141,25,1032,118.0,118.0,196,31,straight,                // is this a straight ref or a TypeVariable?,matched,356.79999999999995,140,430.4,160,393.59999999999997,150.0
204c014a-0a96-42ff-8f23-d1bf67c16f5b,25,696,682.0,682.0,196,32,straight,                // is this a straight ref or a TypeVariable?,matched,356.79999999999995,140,430.4,160,393.59999999999997,150.0
930bc018-0784-4cc2-baab-d643bda5014f,25,52,181.0,181.0,196,33,straight,                // is this a straight ref or a TypeVariable?,matched,356.79999999999995,140,430.4,160,393.59999999999997,150.0
a7486253-80ef-4655-a02f-de59d4677a8a,25,619,1931.0,1931.0,196,33,straight,                // is this a straight ref or a TypeVariable?,matched,356.79999999999995,140,430.4,160,393.59999999999997,150.0
05e48639-d964-43a2-8820-064071d871c4,25,983,1046.0,1046.0,196,33,straight,                // is this a straight ref or a TypeVariable?,matched,356.79999999999995,140,430.4,160,393.59999999999997,150.0
02cb08d7-e4e0-4967-a69e-8f6b945f99b6,25,987,169.0,169.0,196,33,straight,                // is this a straight ref or a TypeVariable?,matched,356.79999999999995,140,430.4,160,393.59999999999997,150.0
65265ad6-293d-4007-b8e9-81c5a872b7ef,25,50,146.0,146.0,196,34,straight,                // is this a straight ref or a TypeVariable?,matched,356.79999999999995,140,430.4,160,393.59999999999997,150.0
242af4a5-ecab-4d21-ba05-68577935a923,25,265,196.0,196.0,196,34,straight,                // is this a straight ref or a TypeVariable?,matched,356.79999999999995,140,430.4,160,393.59999999999997,150.0
de674fea-4225-4597-8543-daad6b491058,25,169,146.0,146.0,196,35,straight,                // is this a straight ref or a TypeVariable?,matched,356.79999999999995,140,430.4,160,393.59999999999997,150.0
ff5fc6c5-2b5f-4642-aadc-e250a287001b,25,562,290.0,290.0,196,35,straight,                // is this a straight ref or a TypeVariable?,matched,356.79999999999995,140,430.4,160,393.59999999999997,150.0
50f5ddab-5013-477c-ac8d-cb4f517d590e,25,679,351.0,351.0,196,35,straight,                // is this a straight ref or a TypeVariable?,matched,356.79999999999995,140,430.4,160,393.59999999999997,150.0
f79ed648-2be6-4aff-87fe-54941d019731,25,1041,351.0,351.0,196,35,straight,                // is this a straight ref or a TypeVariable?,matched,356.79999999999995,140,430.4,160,393.59999999999997,150.0
982a0f61-5052-47e2-8fa2-da95592225fd,25,1043,214.0,214.0,196,35,straight,                // is this a straight ref or a TypeVariable?,matched,356.79999999999995,140,430.4,160,393.59999999999997,150.0
de78a3b9-a161-47c7-9e28-1f01e5232fa4,25,19,150.0,150.0,196,36,straight,                // is this a straight ref or a TypeVariable?,matched,356.79999999999995,140,430.4,160,393.59999999999997,150.0
c1f841e0-a2a5-472b-8e3b-cf86da0367a6,25,1038,321.0,321.0,196,36,straight,                // is this a straight ref or a TypeVariable?,matched,356.79999999999995,140,430.4,160,393.59999999999997,150.0
38f27439-527e-41f1-b076-5879aeb8c1c6,25,174,158.0,158.0,196,38,WHITESPACE,                // is this a straight ref or a TypeVariable?,approx_whitespace,531.5999999999999,140,540.8,160,536.1999999999999,150.0
c23a7cf2-4557-4f85-923e-a7568141bc49,25,997,473.0,473.0,196,38,WHITESPACE,                // is this a straight ref or a TypeVariable?,approx_whitespace,531.5999999999999,140,540.8,160,536.1999999999999,150.0
7a5776e9-b1c7-4a54-9c61-866291d77053,25,51,205.0,205.0,196,39,ref,                // is this a straight ref or a TypeVariable?,matched,439.59999999999997,140,467.2,160,453.4,150.0
0b1a9083-60d0-4b17-921e-29bb505f1ffd,25,236,117.0,117.0,196,39,ref,                // is this a straight ref or a TypeVariable?,matched,439.59999999999997,140,467.2,160,453.4,150.0
1aab152a-5e33-4ab5-8a65-8ba89905866e,25,559,213.0,213.0,196,39,ref,                // is this a straight ref or a TypeVariable?,matched,439.59999999999997,140,467.2,160,453.4,150.0
49d4c4a4-0e68-4a0c-8bff-8953d17f24e8,25,614,197.0,197.0,196,39,ref,                // is this a straight ref or a TypeVariable?,matched,439.59999999999997,140,467.2,160,453.4,150.0
fb9bb4c1-44e2-4bf4-9ffd-ab2e4c14bf13,25,34,171.0,171.0,196,40,ref,                // is this a straight ref or a TypeVariable?,matched,439.59999999999997,140,467.2,160,453.4,150.0
b3878449-7c0b-4619-876f-74ce05539535,25,267,1495.0,1495.0,196,40,ref,                // is this a straight ref or a TypeVariable?,matched,439.59999999999997,140,467.2,160,453.4,150.0
61502b10-d15c-49af-baa2-8057537eaa26,25,695,240.0,240.0,196,40,ref,                // is this a straight ref or a TypeVariable?,matched,439.59999999999997,140,467.2,160,453.4,150.0
2fd92865-2f6a-4c5e-a8b6-c240f23c1bb7,25,119,119.0,119.0,196,41,ref,                // is this a straight ref or a TypeVariable?,matched,439.59999999999997,140,467.2,160,453.4,150.0
da8230be-0ecf-4373-a42c-bdd8c4794dcf,25,176,189.0,189.0,196,41,ref,                // is this a straight ref or a TypeVariable?,matched,439.59999999999997,140,467.2,160,453.4,150.0
4f8f468a-5106-4364-b5b8-ba32a1c0fffb,25,687,152.0,152.0,196,41,ref,                // is this a straight ref or a TypeVariable?,matched,439.59999999999997,140,467.2,160,453.4,150.0
b21a929d-532f-48e2-85e1-1869ec72b27b,25,1044,122.0,122.0,196,41,ref,                // is this a straight ref or a TypeVariable?,matched,439.59999999999997,140,467.2,160,453.4,150.0
97fa29aa-d6a9-42be-b147-91db2c2fe7c3,25,561,112.0,112.0,196,42,WHITESPACE,                // is this a straight ref or a TypeVariable?,approx_whitespace,577.5999999999999,140,586.8,160,582.1999999999999,150.0
b25ec8c4-e031-452f-9db0-6b8e8cdbc85f,25,985,193.0,193.0,196,42,WHITESPACE,                // is this a straight ref or a TypeVariable?,approx_whitespace,577.5999999999999,140,586.8,160,582.1999999999999,150.0
f64af4fd-3aef-453f-9a5e-046c9d8ca4c1,25,114,240.0,240.0,196,43,or,                // is this a straight ref or a TypeVariable?,matched,476.4,140,494.79999999999995,160,485.59999999999997,150.0
2bce0e44-f094-47c2-a547-c6c9fcc501a3,25,238,114.0,114.0,196,43,or,                // is this a straight ref or a TypeVariable?,matched,476.4,140,494.79999999999995,160,485.59999999999997,150.0
83d05da8-7b8f-4b0a-81a6-0beb2486a307,25,290,289.0,289.0,196,43,or,                // is this a straight ref or a TypeVariable?,matched,476.4,140,494.79999999999995,160,485.59999999999997,150.0
5d779f53-a41d-442d-a4a1-7868f8179980,25,628,184.0,184.0,196,43,or,                // is this a straight ref or a TypeVariable?,matched,476.4,140,494.79999999999995,160,485.59999999999997,150.0
c7a5a440-f0d4-414f-b000-cce7fea80b2b,25,271,139.0,139.0,196,44,or,                // is this a straight ref or a TypeVariable?,matched,476.4,140,494.79999999999995,160,485.59999999999997,150.0
3527c7a2-c58b-4a74-98a8-c114e7e11a58,25,294,183.0,183.0,196,44,or,                // is this a straight ref or a TypeVariable?,matched,476.4,140,494.79999999999995,160,485.59999999999997,150.0
84feec99-1450-4737-87e9-98c013636408,25,20,347.0,347.0,196,47,WHITESPACE,                // is this a straight ref or a TypeVariable?,approx_whitespace,632.8,140,642.0,160,637.4,150.0
4f120f94-1216-47b8-b026-3e4705459a97,25,686,527.0,527.0,196,47,WHITESPACE,                // is this a straight ref or a TypeVariable?,approx_whitespace,632.8,140,642.0,160,637.4,150.0
d16ef424-5b1b-41a6-be9e-2a7bcee45d6b,25,984,490.0,490.0,196,47,WHITESPACE,                // is this a straight ref or a TypeVariable?,approx_whitespace,632.8,140,642.0,160,637.4,150.0
fece0cb4-b106-47b6-ab41-c05696aa5c63,25,1040,166.0,166.0,196,47,WHITESPACE,                // is this a straight ref or a TypeVariable?,approx_whitespace,632.8,140,642.0,160,637.4,150.0
7f558e55-8bc3-492d-afdb-ac677ef0a25e,25,135,145.0,145.0,196,48,TypeVariable?,                // is this a straight ref or a TypeVariable?,matched,522.4,140,642.0,160,582.2,150.0
8e5b1bd8-f72f-4392-b7df-64b5031ec51e,25,266,206.0,206.0,196,48,TypeVariable?,                // is this a straight ref or a TypeVariable?,matched,522.4,140,642.0,160,582.2,150.0
08012b16-4e1b-4f7e-886b-5c64979360e2,25,986,237.0,237.0,196,48,TypeVariable?,                // is this a straight ref or a TypeVariable?,matched,522.4,140,642.0,160,582.2,150.0
c510342d-acd0-4607-8488-b3b39fb04f7f,25,1092,496.0,496.0,196,48,TypeVariable?,                // is this a straight ref or a TypeVariable?,matched,522.4,140,642.0,160,582.2,150.0
a35fa04a-ebcf-42f6-b0f1-031aa21dcae8,25,177,435.0,435.0,196,49,TypeVariable?,                // is this a straight ref or a TypeVariable?,matched,522.4,140,642.0,160,582.2,150.0
82244492-fd93-46c0-8cd8-a1c5f30f2cf7,25,620,727.0,727.0,196,49,TypeVariable?,                // is this a straight ref or a TypeVariable?,matched,522.4,140,642.0,160,582.2,150.0
312e8f4a-482a-4257-9ca0-1876841cd537,25,694,270.0,270.0,196,49,TypeVariable?,                // is this a straight ref or a TypeVariable?,matched,522.4,140,642.0,160,582.2,150.0
21ffd825-7212-415a-8531-d180f5d56304,25,988,176.0,176.0,196,49,TypeVariable?,                // is this a straight ref or a TypeVariable?,matched,522.4,140,642.0,160,582.2,150.0
5d585451-44ee-40cd-ba6f-13069d19de14,25,1000,162.0,162.0,196,50,TypeVariable?,                // is this a straight ref or a TypeVariable?,matched,522.4,140,642.0,160,582.2,150.0
fbebb8c0-daad-488e-8de2-216592d4c453,25,237,174.0,174.0,196,51,TypeVariable?,                // is this a straight ref or a TypeVariable?,matched,522.4,140,642.0,160,582.2,150.0
778f2ceb-b545-4958-b552-016a6038d850,25,560,184.0,184.0,196,51,TypeVariable?,                // is this a straight ref or a TypeVariable?,matched,522.4,140,642.0,160,582.2,150.0
0630c868-c200-44e8-831c-6f5fafbdcfe0,25,35,422.0,422.0,196,52,TypeVariable?,                // is this a straight ref or a TypeVariable?,matched,522.4,140,642.0,160,582.2,150.0
11f122e7-9a50-42c1-a299-8f2275aa9885,25,118,120.0,120.0,196,53,TypeVariable?,                // is this a straight ref or a TypeVariable?,matched,522.4,140,642.0,160,582.2,150.0
bdd59491-d467-4bd3-979d-19383a7dac39,25,170,122.0,122.0,196,53,TypeVariable?,                // is this a straight ref or a TypeVariable?,matched,522.4,140,642.0,160,582.2,150.0
3fd1ea75-4fe0-463e-a49d-47a7e4647717,25,134,91.0,91.0,196,54,TypeVariable?,                // is this a straight ref or a TypeVariable?,matched,522.4,140,642.0,160,582.2,150.0
0415caaa-ef9b-4d64-9474-da9ed526b59c,25,289,106.0,106.0,196,54,TypeVariable?,                // is this a straight ref or a TypeVariable?,matched,522.4,140,642.0,160,582.2,150.0
77ef8ce9-db17-4815-af7a-882943af510c,25,991,141.0,141.0,197,32,WHITESPACE,"                // debug(""Found ref (as class): %s"",toShortName(type));",approx_whitespace,522.4,160,531.5999999999999,180,527.0,170.0
764bb2ef-a215-4e8c-ab44-335b31407511,25,700,137.0,137.0,197,33,ref,"                // debug(""Found ref (as class): %s"",toShortName(type));",matched,384.4,160,412.0,180,398.2,170.0
68bf89b0-c86c-4d58-866b-f8e53b00258b,25,33,465.0,465.0,197,35,ref,"                // debug(""Found ref (as class): %s"",toShortName(type));",matched,384.4,160,412.0,180,398.2,170.0
de0cc5db-872f-48e2-b057-c1352b551655,25,37,147.0,147.0,197,35,ref,"                // debug(""Found ref (as class): %s"",toShortName(type));",matched,384.4,160,412.0,180,398.2,170.0
80fbc815-dffd-496d-9876-c12b41a6b995,25,124,136.0,136.0,197,35,ref,"                // debug(""Found ref (as class): %s"",toShortName(type));",matched,384.4,160,412.0,180,398.2,170.0
57f0154e-621e-4c3a-a6b8-404465b895f6,25,394,270.0,270.0,197,35,ref,"                // debug(""Found ref (as class): %s"",toShortName(type));",matched,384.4,160,412.0,180,398.2,170.0
4c6e85ea-7c81-420e-a00d-d7ddcea533f3,25,120,666.0,666.0,197,36,WHITESPACE,"                // debug(""Found ref (as class): %s"",toShortName(type));",approx_whitespace,568.4,160,577.5999999999999,180,573.0,170.0
5839e1eb-4fde-46c7-bf6b-b81e20ef7a2b,25,327,343.0,343.0,197,36,WHITESPACE,"                // debug(""Found ref (as class): %s"",toShortName(type));",approx_whitespace,568.4,160,577.5999999999999,180,573.0,170.0
48639df8-f1a7-4e9b-9195-e3e0bc91f075,25,612,122.0,122.0,197,38,(as,"                // debug(""Found ref (as class): %s"",toShortName(type));",matched,421.2,160,448.79999999999995,180,435.0,170.0
ceb005f4-87ac-473a-a8cb-8ef01b0d779e,25,627,142.0,142.0,197,38,(as,"                // debug(""Found ref (as class): %s"",toShortName(type));",matched,421.2,160,448.79999999999995,180,435.0,170.0
8508966c-4ec2-4827-a7e7-3ef516ed50b6,25,675,638.0,638.0,197,38,(as,"                // debug(""Found ref (as class): %s"",toShortName(type));",matched,421.2,160,448.79999999999995,180,435.0,170.0
e0406602-2974-4cbb-b2c3-46c23db4c586,25,1035,113.0,113.0,197,40,WHITESPACE,"                // debug(""Found ref (as class): %s"",toShortName(type));",approx_whitespace,623.5999999999999,160,632.8,180,628.1999999999999,170.0
1c79641f-3231-4e10-99b5-7238e68e38f3,25,121,120.0,120.0,197,41,class):,"                // debug(""Found ref (as class): %s"",toShortName(type));",matched,458.0,160,522.4,180,490.2,170.0
3ee1311f-df37-4ef2-9300-3d2f55470be5,25,396,133.0,133.0,197,42,class):,"                // debug(""Found ref (as class): %s"",toShortName(type));",matched,458.0,160,522.4,180,490.2,170.0
726e255d-f749-42db-9ce4-cca37fc59968,25,618,244.0,244.0,197,42,class):,"                // debug(""Found ref (as class): %s"",toShortName(type));",matched,458.0,160,522.4,180,490.2,170.0
deae1253-d794-48fd-a8c4-c96e6faaaf72,25,690,333.0,333.0,197,42,class):,"                // debug(""Found ref (as class): %s"",toShortName(type));",matched,458.0,160,522.4,180,490.2,170.0
b01dc1be-2082-491a-b3b0-10933cc3eda3,25,393,560.0,560.0,197,45,class):,"                // debug(""Found ref (as class): %s"",toShortName(type));",matched,458.0,160,522.4,180,490.2,170.0
c9f07c79-15a7-4c9c-84f8-ac1e9e6c3344,25,615,160.0,160.0,197,45,class):,"                // debug(""Found ref (as class): %s"",toShortName(type));",matched,458.0,160,522.4,180,490.2,170.0
b11e0458-7667-40d3-9aff-a70317543421,25,1005,229.0,229.0,197,46,class):,"                // debug(""Found ref (as class): %s"",toShortName(type));",matched,458.0,160,522.4,180,490.2,170.0
e16e5815-7191-41d3-ad53-36f37b8e4ecf,25,395,391.0,391.0,197,48,WHITESPACE,"                // debug(""Found ref (as class): %s"",toShortName(type));",approx_whitespace,734.0,160,743.1999999999999,180,738.5999999999999,170.0
846c6f61-dd3d-4ca4-8b4b-8ba9e353d6a5,25,397,245.0,245.0,197,48,WHITESPACE,"                // debug(""Found ref (as class): %s"",toShortName(type));",approx_whitespace,734.0,160,743.1999999999999,180,738.5999999999999,170.0
d6f1b153-ca20-4914-81b3-7d15835f21d9,25,162,124.0,124.0,198,18,ref,"                ref.setGenericFromType(type,0);",matched,237.2,180,264.79999999999995,200,250.99999999999997,190.0
bb3933ca-c7ea-41ba-a485-4da75172820d,25,580,362.0,362.0,198,21,setGenericFromType,"                ref.setGenericFromType(type,0);",matched,274.0,180,439.59999999999997,200,356.79999999999995,190.0
fff23b33-2b43-45d4-bd59-ee41ac3ce96a,25,1114,148.0,148.0,198,21,setGenericFromType,"                ref.setGenericFromType(type,0);",matched,274.0,180,439.59999999999997,200,356.79999999999995,190.0
38cbdd0d-c1c7-49a4-9d04-3af3ed553822,25,1133,273.0,273.0,198,22,setGenericFromType,"                ref.setGenericFromType(type,0);",matched,274.0,180,439.59999999999997,200,356.79999999999995,190.0
a7726a53-7e6e-490a-88aa-e16d94944a06,25,683,229.0,229.0,198,23,setGenericFromType,"                ref.setGenericFromType(type,0);",matched,274.0,180,439.59999999999997,200,356.79999999999995,190.0
aef21ab2-3a4c-4826-9550-a3f5e76bca11,25,1129,2640.0,2640.0,198,23,setGenericFromType,"                ref.setGenericFromType(type,0);",matched,274.0,180,439.59999999999997,200,356.79999999999995,190.0
606dea3c-ce05-4eaf-9829-cfb074dc2a9c,25,1132,198.0,198.0,198,23,setGenericFromType,"                ref.setGenericFromType(type,0);",matched,274.0,180,439.59999999999997,200,356.79999999999995,190.0
ee144071-175b-489d-a000-ca31632ffd32,25,293,374.0,374.0,198,24,setGenericFromType,"                ref.setGenericFromType(type,0);",matched,274.0,180,439.59999999999997,200,356.79999999999995,190.0
616fe6d1-cf6b-4e0e-bcfb-ff355f5dbed1,25,415,136.0,136.0,198,24,setGenericFromType,"                ref.setGenericFromType(type,0);",matched,274.0,180,439.59999999999997,200,356.79999999999995,190.0
588a8915-9e96-4b60-9023-0d2591b1a635,25,676,239.0,239.0,198,24,setGenericFromType,"                ref.setGenericFromType(type,0);",matched,274.0,180,439.59999999999997,200,356.79999999999995,190.0
669a78ca-4823-43da-981c-9f6f53badc01,25,1112,289.0,289.0,198,24,setGenericFromType,"                ref.setGenericFromType(type,0);",matched,274.0,180,439.59999999999997,200,356.79999999999995,190.0
6438b429-edc4-4fbb-9ab2-03feb709a030,25,1144,179.0,179.0,198,24,setGenericFromType,"                ref.setGenericFromType(type,0);",matched,274.0,180,439.59999999999997,200,356.79999999999995,190.0
4b14a113-b755-4e11-bac0-2153da6cb347,25,407,221.0,221.0,198,25,setGenericFromType,"                ref.setGenericFromType(type,0);",matched,274.0,180,439.59999999999997,200,356.79999999999995,190.0
38854323-382c-4a1b-b3d5-1f4ad0e51418,25,1108,470.0,470.0,198,25,setGenericFromType,"                ref.setGenericFromType(type,0);",matched,274.0,180,439.59999999999997,200,356.79999999999995,190.0
7c1cbd50-71e0-424d-b579-1cc4d7a177f4,25,1121,797.0,797.0,198,25,setGenericFromType,"                ref.setGenericFromType(type,0);",matched,274.0,180,439.59999999999997,200,356.79999999999995,190.0
308a11ba-0d16-4bb5-888a-290b7fda8d25,25,330,98.0,98.0,198,26,setGenericFromType,"                ref.setGenericFromType(type,0);",matched,274.0,180,439.59999999999997,200,356.79999999999995,190.0
64997789-43c6-4df6-ba10-2134ac58108d,25,336,191.0,191.0,198,26,setGenericFromType,"                ref.setGenericFromType(type,0);",matched,274.0,180,439.59999999999997,200,356.79999999999995,190.0
8872a94b-234a-43b0-86ca-fa064686c2ac,25,399,528.0,528.0,198,26,setGenericFromType,"                ref.setGenericFromType(type,0);",matched,274.0,180,439.59999999999997,200,356.79999999999995,190.0
5f561b0c-3976-4576-a7f4-8fb1f528f630,25,992,303.0,303.0,198,26,setGenericFromType,"                ref.setGenericFromType(type,0);",matched,274.0,180,439.59999999999997,200,356.79999999999995,190.0
7cad1a5d-1e64-4681-96a6-8274a21c3513,25,1016,889.0,889.0,198,26,setGenericFromType,"                ref.setGenericFromType(type,0);",matched,274.0,180,439.59999999999997,200,356.79999999999995,190.0
fa18759f-1ffa-476d-8e9b-49dd4476255e,25,1117,191.0,191.0,198,26,setGenericFromType,"                ref.setGenericFromType(type,0);",matched,274.0,180,439.59999999999997,200,356.79999999999995,190.0
054a75f7-1a2c-41f4-a55e-b43a3f9b7564,25,1119,471.0,471.0,198,26,setGenericFromType,"                ref.setGenericFromType(type,0);",matched,274.0,180,439.59999999999997,200,356.79999999999995,190.0
82075d53-0933-4081-8192-2616cb020178,25,1122,1980.0,1980.0,198,26,setGenericFromType,"                ref.setGenericFromType(type,0);",matched,274.0,180,439.59999999999997,200,356.79999999999995,190.0
67ccec72-752f-4b6c-92c3-8768eb7010e9,25,222,162.0,162.0,198,27,setGenericFromType,"                ref.setGenericFromType(type,0);",matched,274.0,180,439.59999999999997,200,356.79999999999995,190.0
4e8e6a8d-a8e0-4d08-8b24-e0215c8dfd75,25,409,357.0,357.0,198,27,setGenericFromType,"                ref.setGenericFromType(type,0);",matched,274.0,180,439.59999999999997,200,356.79999999999995,190.0
0ee278d0-1e29-4b2c-b70f-0c698f5691bb,25,575,241.0,241.0,198,27,setGenericFromType,"                ref.setGenericFromType(type,0);",matched,274.0,180,439.59999999999997,200,356.79999999999995,190.0
09dbdf59-ff02-4a3a-b568-e09463bb5040,25,1111,674.0,674.0,198,27,setGenericFromType,"                ref.setGenericFromType(type,0);",matched,274.0,180,439.59999999999997,200,356.79999999999995,190.0
35fb2b74-b54f-40d0-ba3a-8f4201f3011c,25,262,514.0,514.0,198,28,setGenericFromType,"                ref.setGenericFromType(type,0);",matched,274.0,180,439.59999999999997,200,356.79999999999995,190.0
a61c97bc-b5fe-4ca0-ad07-b6e7248f487e,25,1123,197.0,197.0,198,28,setGenericFromType,"                ref.setGenericFromType(type,0);",matched,274.0,180,439.59999999999997,200,356.79999999999995,190.0
cd91cd4e-0822-4c09-867f-f4e23806f427,25,414,97.0,97.0,198,29,setGenericFromType,"                ref.setGenericFromType(type,0);",matched,274.0,180,439.59999999999997,200,356.79999999999995,190.0
e010dbf7-db2a-44f5-86f9-85728cabe436,25,433,273.0,273.0,198,29,setGenericFromType,"                ref.setGenericFromType(type,0);",matched,274.0,180,439.59999999999997,200,356.79999999999995,190.0
1e9d3038-9635-4acc-bbac-960aca7b5799,25,1099,469.0,469.0,198,29,setGenericFromType,"                ref.setGenericFromType(type,0);",matched,274.0,180,439.59999999999997,200,356.79999999999995,190.0
f200de87-5192-425a-85af-a6a2241702b9,25,1135,400.0,400.0,198,29,setGenericFromType,"                ref.setGenericFromType(type,0);",matched,274.0,180,439.59999999999997,200,356.79999999999995,190.0
c35f4f69-e6a8-4970-9495-2a08ec6fc2f3,25,1143,240.0,240.0,198,29,setGenericFromType,"                ref.setGenericFromType(type,0);",matched,274.0,180,439.59999999999997,200,356.79999999999995,190.0
c1be8d2a-8bb8-42fb-86a6-e25c44ceebae,25,45,479.0,479.0,198,30,setGenericFromType,"                ref.setGenericFromType(type,0);",matched,274.0,180,439.59999999999997,200,356.79999999999995,190.0
0d4a3268-d5ac-47c2-8dcd-fd9d9cae44f9,25,292,570.0,570.0,198,30,setGenericFromType,"                ref.setGenericFromType(type,0);",matched,274.0,180,439.59999999999997,200,356.79999999999995,190.0
bde49d9a-7a2a-423c-a8eb-3f6eb914dfd4,25,692,116.0,116.0,198,30,setGenericFromType,"                ref.setGenericFromType(type,0);",matched,274.0,180,439.59999999999997,200,356.79999999999995,190.0
d9ad37c0-8b6b-4c9d-8d15-ebc799ac3e0b,25,1109,145.0,145.0,198,30,setGenericFromType,"                ref.setGenericFromType(type,0);",matched,274.0,180,439.59999999999997,200,356.79999999999995,190.0
8be0c8b7-c0bd-43e2-a0d4-e80cf6acaf52,25,1113,597.0,597.0,198,30,setGenericFromType,"                ref.setGenericFromType(type,0);",matched,274.0,180,439.59999999999997,200,356.79999999999995,190.0
befb4248-77de-4567-8fed-dc4d2dcbb358,25,411,259.0,259.0,198,31,setGenericFromType,"                ref.setGenericFromType(type,0);",matched,274.0,180,439.59999999999997,200,356.79999999999995,190.0
5607102a-56f4-4c43-b1d2-760b2684c0e6,25,1118,282.0,282.0,198,31,setGenericFromType,"                ref.setGenericFromType(type,0);",matched,274.0,180,439.59999999999997,200,356.79999999999995,190.0
703f3008-1a3c-4a0a-b42c-1ec23c7c6cb9,25,1126,142.0,142.0,198,31,setGenericFromType,"                ref.setGenericFromType(type,0);",matched,274.0,180,439.59999999999997,200,356.79999999999995,190.0
7e3d0841-baa9-446d-8472-e8c855c508e8,25,1130,145.0,145.0,198,31,setGenericFromType,"                ref.setGenericFromType(type,0);",matched,274.0,180,439.59999999999997,200,356.79999999999995,190.0
a4ff28d0-14f7-437b-a7ec-48cb7105cd16,25,268,151.0,151.0,198,32,setGenericFromType,"                ref.setGenericFromType(type,0);",matched,274.0,180,439.59999999999997,200,356.79999999999995,190.0
fe12555c-cd7b-4ada-9d55-f5102ae49bd2,25,621,153.0,153.0,198,32,setGenericFromType,"                ref.setGenericFromType(type,0);",matched,274.0,180,439.59999999999997,200,356.79999999999995,190.0
7915edea-0037-4468-8cf4-dc59f4fef82c,25,1116,116.0,116.0,198,32,setGenericFromType,"                ref.setGenericFromType(type,0);",matched,274.0,180,439.59999999999997,200,356.79999999999995,190.0
6a54d099-96ba-4301-8228-61146086cf87,25,260,181.0,181.0,198,33,setGenericFromType,"                ref.setGenericFromType(type,0);",matched,274.0,180,439.59999999999997,200,356.79999999999995,190.0
7cec05d9-e5db-4bfe-b0c6-d2cd2b7ef785,25,342,310.0,310.0,198,33,setGenericFromType,"                ref.setGenericFromType(type,0);",matched,274.0,180,439.59999999999997,200,356.79999999999995,190.0
930b7245-7dfe-4911-8e03-873791856b2e,25,406,204.0,204.0,198,33,setGenericFromType,"                ref.setGenericFromType(type,0);",matched,274.0,180,439.59999999999997,200,356.79999999999995,190.0
73b45595-968e-4c12-ada6-e9562894b4a7,25,556,542.0,542.0,198,33,setGenericFromType,"                ref.setGenericFromType(type,0);",matched,274.0,180,439.59999999999997,200,356.79999999999995,190.0
a272edcb-3360-4195-9ac5-4905d4fa516e,25,1124,382.0,382.0,198,33,setGenericFromType,"                ref.setGenericFromType(type,0);",matched,274.0,180,439.59999999999997,200,356.79999999999995,190.0
70cb4ffa-71ac-40a0-8da3-f0d687b9ee89,25,329,117.0,117.0,198,34,setGenericFromType,"                ref.setGenericFromType(type,0);",matched,274.0,180,439.59999999999997,200,356.79999999999995,190.0
0f2747b4-4050-4bc9-ae02-1b8003aa8272,25,1088,1672.0,1672.0,198,34,setGenericFromType,"                ref.setGenericFromType(type,0);",matched,274.0,180,439.59999999999997,200,356.79999999999995,190.0
1a05a55c-8afc-4413-8f4d-9b7d7f34dfe9,25,1093,120.0,120.0,198,34,setGenericFromType,"                ref.setGenericFromType(type,0);",matched,274.0,180,439.59999999999997,200,356.79999999999995,190.0
06fc3856-ee89-4961-ad19-2b75e52a3eea,25,408,205.0,205.0,198,35,setGenericFromType,"                ref.setGenericFromType(type,0);",matched,274.0,180,439.59999999999997,200,356.79999999999995,190.0
cd5ba81f-3449-4e89-8d57-1175775e516b,25,39,316.0,316.0,198,36,setGenericFromType,"                ref.setGenericFromType(type,0);",matched,274.0,180,439.59999999999997,200,356.79999999999995,190.0
58ed85da-ca45-4589-aa92-6a09c303335f,25,44,353.0,353.0,198,36,setGenericFromType,"                ref.setGenericFromType(type,0);",matched,274.0,180,439.59999999999997,200,356.79999999999995,190.0
dc478b0c-2c58-41dd-b4d7-f52e2052891e,25,1128,124.0,124.0,198,36,setGenericFromType,"                ref.setGenericFromType(type,0);",matched,274.0,180,439.59999999999997,200,356.79999999999995,190.0
6ceff2ff-67f2-4117-9f16-8e1e480d9859,25,691,112.0,112.0,198,37,setGenericFromType,"                ref.setGenericFromType(type,0);",matched,274.0,180,439.59999999999997,200,356.79999999999995,190.0
ad133e28-226b-404d-9744-c6b5bf2ccdd4,25,698,83.0,83.0,198,37,setGenericFromType,"                ref.setGenericFromType(type,0);",matched,274.0,180,439.59999999999997,200,356.79999999999995,190.0
dd3bde7d-ae3f-457b-a306-5321ad0070e0,25,31,238.0,238.0,198,39,(,"                ref.setGenericFromType(type,0);",matched,439.59999999999997,180,448.79999999999995,200,444.19999999999993,190.0
85221f52-19e5-4e55-92b1-b91a15fd2389,25,127,1083.0,1083.0,198,39,(,"                ref.setGenericFromType(type,0);",matched,439.59999999999997,180,448.79999999999995,200,444.19999999999993,190.0
cd6b0d8b-1d7e-4c74-b601-828a2af44db7,25,291,113.0,113.0,198,39,(,"                ref.setGenericFromType(type,0);",matched,439.59999999999997,180,448.79999999999995,200,444.19999999999993,190.0
ecba1b3b-a587-484a-8c16-6ba9775335eb,25,261,369.0,369.0,198,40,type,"                ref.setGenericFromType(type,0);",matched,402.79999999999995,180,439.59999999999997,200,421.19999999999993,190.0
d1ec5437-33cb-4b0f-903c-8528a35e9f55,25,337,108.0,108.0,198,40,type,"                ref.setGenericFromType(type,0);",matched,402.79999999999995,180,439.59999999999997,200,421.19999999999993,190.0
eea7c73e-83dc-4f3c-a4f6-b3fea32e0da6,25,1017,245.0,245.0,198,40,type,"                ref.setGenericFromType(type,0);",matched,402.79999999999995,180,439.59999999999997,200,421.19999999999993,190.0
48c6eb60-f76a-448c-8a9c-34ff9a527dd3,25,130,331.0,331.0,198,41,type,"                ref.setGenericFromType(type,0);",matched,402.79999999999995,180,439.59999999999997,200,421.19999999999993,190.0
d6372c38-b5a6-4aa9-840d-baac6260ded1,25,410,215.0,215.0,198,41,type,"                ref.setGenericFromType(type,0);",matched,402.79999999999995,180,439.59999999999997,200,421.19999999999993,190.0
55ff1980-d2bb-4e95-a39e-12fdea6b802f,25,412,222.0,222.0,198,41,type,"                ref.setGenericFromType(type,0);",matched,402.79999999999995,180,439.59999999999997,200,421.19999999999993,190.0
95c0be2b-d522-44da-8ede-5d0fb34da9f3,25,677,258.0,258.0,198,41,type,"                ref.setGenericFromType(type,0);",matched,402.79999999999995,180,439.59999999999997,200,421.19999999999993,190.0
66f2d150-0bc3-498b-8690-0df651c7a809,25,263,225.0,225.0,198,42,type,"                ref.setGenericFromType(type,0);",matched,448.79999999999995,180,485.59999999999997,200,467.19999999999993,190.0
e353f42e-4758-4d69-a618-c4d621350d3f,25,574,569.0,569.0,198,42,type,"                ref.setGenericFromType(type,0);",matched,448.79999999999995,180,485.59999999999997,200,467.19999999999993,190.0
2ac0bba1-b4ee-4fab-9f7a-4cba9e815cb2,25,699,167.0,167.0,198,42,type,"                ref.setGenericFromType(type,0);",matched,448.79999999999995,180,485.59999999999997,200,467.19999999999993,190.0
0ad1b021-1168-42b0-87f2-ab15123b65a1,25,917,362.0,362.0,198,42,type,"                ref.setGenericFromType(type,0);",matched,448.79999999999995,180,485.59999999999997,200,467.19999999999993,190.0
5912cd38-a889-4285-a0c6-34f89f423595,25,918,407.0,407.0,198,42,type,"                ref.setGenericFromType(type,0);",matched,448.79999999999995,180,485.59999999999997,200,467.19999999999993,190.0
c175f699-5656-4904-bb7a-208195b58765,25,405,788.0,788.0,198,43,type,"                ref.setGenericFromType(type,0);",matched,448.79999999999995,180,485.59999999999997,200,467.19999999999993,190.0
b19ef381-13a2-4284-a951-3e962450368c,25,1110,310.0,310.0,198,43,type,"                ref.setGenericFromType(type,0);",matched,448.79999999999995,180,485.59999999999997,200,467.19999999999993,190.0
24728f99-e167-413d-b3f0-211461fc17f6,25,1120,216.0,216.0,198,43,type,"                ref.setGenericFromType(type,0);",matched,448.79999999999995,180,485.59999999999997,200,467.19999999999993,190.0
1ac62f87-f4c3-4179-89bb-447a80f87900,25,244,260.0,260.0,198,45,0,"                ref.setGenericFromType(type,0);",matched,494.79999999999995,180,503.99999999999994,200,499.4,190.0
10ef9064-0820-4356-8b67-d677caf7f911,25,335,623.0,623.0,199,16,WHITESPACE,                return true;,approx_whitespace,228.0,200,237.2,220,232.6,210.0
3f4a4170-6d19-4541-a895-604498b18ed3,25,38,282.0,282.0,199,22,return,                return true;,matched,237.2,200,292.4,220,264.79999999999995,210.0
76789a47-125d-4249-b495-a9bff90c9931,25,4,197.0,197.0,199,24,true;,                return true;,matched,301.6,200,347.59999999999997,220,324.6,210.0
871bffa2-43ba-46a0-98c9-62bbd8e81d18,25,248,138.0,138.0,199,24,true;,                return true;,matched,301.6,200,347.59999999999997,220,324.6,210.0
d6e7b405-0128-4704-b5e5-2397d17477e3,25,259,554.0,554.0,199,24,true;,                return true;,matched,301.6,200,347.59999999999997,220,324.6,210.0
338d7310-f30f-49b5-8cdc-7cc69ebb0f8d,25,418,102.0,102.0,199,24,true;,                return true;,matched,301.6,200,347.59999999999997,220,324.6,210.0
ad4929b2-6665-4634-bece-cea14ac71039,25,422,317.0,317.0,199,24,true;,                return true;,matched,301.6,200,347.59999999999997,220,324.6,210.0
18b09e66-18a2-48d3-8114-2ed634369e8f,25,1203,1220.0,1220.0,199,24,true;,                return true;,matched,301.6,200,347.59999999999997,220,324.6,210.0
0ab35a3d-305c-42f3-b137-c6af2d1f4061,25,251,931.0,931.0,199,25,true;,                return true;,matched,301.6,200,347.59999999999997,220,324.6,210.0
5474e793-16ef-4874-b855-988801ced1f4,25,128,340.0,340.0,199,26,true;,                return true;,matched,301.6,200,347.59999999999997,220,324.6,210.0
734a0ceb-5846-47a4-9784-2285ac4b05e4,25,132,698.0,698.0,199,26,true;,                return true;,matched,301.6,200,347.59999999999997,220,324.6,210.0
e9e44879-e160-42a9-9222-720586342154,25,328,116.0,116.0,199,27,true;,                return true;,matched,301.6,200,347.59999999999997,220,324.6,210.0
e504df9f-0d35-45e4-be23-b62559a84aec,25,572,968.0,968.0,199,27,true;,                return true;,matched,301.6,200,347.59999999999997,220,324.6,210.0
16bb56a7-f646-4746-ab28-e3d42b504810,25,22,341.0,341.0,199,28,true;,                return true;,matched,301.6,200,347.59999999999997,220,324.6,210.0
0c1f8340-5346-4249-bc80-84e4260ee13d,25,240,186.0,186.0,199,28,true;,                return true;,matched,301.6,200,347.59999999999997,220,324.6,210.0
1db24d32-9626-4df9-8c69-f2513440091a,25,573,341.0,341.0,199,28,true;,                return true;,matched,301.6,200,347.59999999999997,220,324.6,210.0
27fffe33-205c-4af1-a3c4-de10e2568e9d,25,129,151.0,151.0,199,29,WHITESPACE,                return true;,approx_whitespace,338.4,200,347.59999999999997,220,343.0,210.0
5bbdd3ae-428b-4af5-9e73-71457a4c6071,25,391,356.0,356.0,199,29,WHITESPACE,                return true;,approx_whitespace,338.4,200,347.59999999999997,220,343.0,210.0
2de64493-bdb8-495d-abc0-670fa15c94a8,25,1141,191.0,191.0,199,29,WHITESPACE,                return true;,approx_whitespace,338.4,200,347.59999999999997,220,343.0,210.0
07a799d7-d233-447b-bcda-ec929427771f,25,623,497.0,497.0,200,13,},            },matched,200.39999999999998,220,209.6,240,205.0,230.0
fe09db63-a2a7-4822-878e-d1361d362696,25,304,1699.0,1699.0,201,14,else,            else,matched,200.39999999999998,240,237.2,260,218.79999999999998,250.0
177a140d-6f3f-4f8b-941a-0b7ad582cac4,25,164,142.0,142.0,201,15,else,            else,matched,200.39999999999998,240,237.2,260,218.79999999999998,250.0
da77250f-d334-4970-b1b0-267a1da91627,25,332,146.0,146.0,201,15,else,            else,matched,200.39999999999998,240,237.2,260,218.79999999999998,250.0
8406be71-82e2-42e4-82ff-827d301b04c2,25,302,84.0,84.0,202,12,WHITESPACE,            {,approx_whitespace,200.39999999999998,260,209.6,280,205.0,270.0
48a45c05-2281-41c2-907d-0a31432a85d4,25,296,324.0,324.0,203,15,WHITESPACE,                // Keep digging,approx_whitespace,264.79999999999995,280,274.0,300,269.4,290.0
71cee15a-efd7-4c16-a67b-39eb43340ebc,25,305,997.0,997.0,203,15,WHITESPACE,                // Keep digging,approx_whitespace,264.79999999999995,280,274.0,300,269.4,290.0
d4f9d435-c99b-46c5-8a47-5cb8055c2e88,25,333,208.0,208.0,203,15,WHITESPACE,                // Keep digging,approx_whitespace,264.79999999999995,280,274.0,300,269.4,290.0
8f62c28f-02d3-4c9e-a67f-8ed3b7efdacc,25,56,201.0,201.0,203,16,WHITESPACE,                // Keep digging,approx_whitespace,274.0,280,283.2,300,278.6,290.0
f311bc09-69cd-47d0-886a-b677a9e933ae,25,182,275.0,275.0,203,20,Keep,                // Keep digging,matched,264.79999999999995,280,301.6,300,283.2,290.0
be41c526-a1fd-4abc-8fa9-06fc77ab0fb9,25,1189,303.0,303.0,203,20,Keep,                // Keep digging,matched,264.79999999999995,280,301.6,300,283.2,290.0
add86ff0-a591-472d-9df7-a82e0e6987d0,25,1142,416.0,416.0,203,24,WHITESPACE,                // Keep digging,approx_whitespace,366.0,280,375.2,300,370.6,290.0
fe63e9ad-41e9-418b-a036-269c28704627,25,1145,123.0,123.0,203,24,WHITESPACE,                // Keep digging,approx_whitespace,366.0,280,375.2,300,370.6,290.0
762f873b-f1ed-4755-9f71-28dd0eaf783b,25,43,403.0,403.0,203,25,digging,                // Keep digging,matched,310.79999999999995,280,375.2,300,343.0,290.0
a1e93ae6-7851-437b-ae9f-a03547f1a1c3,25,343,405.0,405.0,203,27,digging,                // Keep digging,matched,310.79999999999995,280,375.2,300,343.0,290.0
4287bd65-95a9-4671-92f4-f8eac8d13145,25,1098,233.0,233.0,203,27,digging,                // Keep digging,matched,310.79999999999995,280,375.2,300,343.0,290.0
2efa2f6b-4e8e-456e-a6a8-cba569be3888,25,1205,167.0,167.0,204,17,return,"                return resolveGenericRef(ref,type);",matched,237.2,300,292.4,320,264.79999999999995,310.0
18d2d1b2-4612-41dc-b787-f4cc3140f2b1,25,390,258.0,258.0,204,19,return,"                return resolveGenericRef(ref,type);",matched,237.2,300,292.4,320,264.79999999999995,310.0
f6f2e317-fd8d-401f-9078-1f43366d8f33,25,1211,977.0,977.0,204,21,return,"                return resolveGenericRef(ref,type);",matched,237.2,300,292.4,320,264.79999999999995,310.0
a326e23f-29df-45fc-9819-246ee9af303f,25,996,245.0,245.0,204,22,return,"                return resolveGenericRef(ref,type);",matched,237.2,300,292.4,320,264.79999999999995,310.0
90734590-da5e-46d9-956f-620ddb26c7d6,25,1213,106.0,106.0,204,22,return,"                return resolveGenericRef(ref,type);",matched,237.2,300,292.4,320,264.79999999999995,310.0
b4f18909-944a-4642-9c2c-00fc48b09ea7,25,54,307.0,307.0,204,23,WHITESPACE,"                return resolveGenericRef(ref,type);",approx_whitespace,550.0,300,559.2,320,554.6,310.0
5e851fe4-8a19-4eb5-8d2d-41f33d96e063,25,1208,277.0,277.0,204,23,WHITESPACE,"                return resolveGenericRef(ref,type);",approx_whitespace,550.0,300,559.2,320,554.6,310.0
2d749ad6-42af-46de-9eed-a49f99d7ad65,25,249,710.0,710.0,204,24,resolveGenericRef,"                return resolveGenericRef(ref,type);",matched,301.6,300,458.0,320,379.8,310.0
de87f364-3b27-43e5-aeb7-6dc63445f1ee,25,567,118.0,118.0,204,24,resolveGenericRef,"                return resolveGenericRef(ref,type);",matched,301.6,300,458.0,320,379.8,310.0
5e3a2e9c-cdde-4b81-878e-bbd72ff520ab,25,55,352.0,352.0,204,25,resolveGenericRef,"                return resolveGenericRef(ref,type);",matched,301.6,300,458.0,320,379.8,310.0
1ce6ef28-0bc7-4260-9ec9-fe0781c60aca,25,57,526.0,526.0,204,25,resolveGenericRef,"                return resolveGenericRef(ref,type);",matched,301.6,300,458.0,320,379.8,310.0
3fd102ca-effd-476c-94d3-46c4967bea6d,25,180,790.0,790.0,204,25,resolveGenericRef,"                return resolveGenericRef(ref,type);",matched,301.6,300,458.0,320,379.8,310.0
f5c27b2f-854f-450a-8c9f-0a400cbc074e,25,250,106.0,106.0,204,25,resolveGenericRef,"                return resolveGenericRef(ref,type);",matched,301.6,300,458.0,320,379.8,310.0
e64debd6-7bf1-40d1-8ee7-33e680e34e98,25,912,182.0,182.0,204,25,resolveGenericRef,"                return resolveGenericRef(ref,type);",matched,301.6,300,458.0,320,379.8,310.0
3866583d-216e-4164-9ca2-74676daa8cb1,25,23,534.0,534.0,204,26,resolveGenericRef,"                return resolveGenericRef(ref,type);",matched,301.6,300,458.0,320,379.8,310.0
aa850786-c4d7-415d-9777-9786b8f3a077,25,298,140.0,140.0,204,26,resolveGenericRef,"                return resolveGenericRef(ref,type);",matched,301.6,300,458.0,320,379.8,310.0
bc4c53f3-e691-4fea-9619-412085b1ee0d,25,564,234.0,234.0,204,26,resolveGenericRef,"                return resolveGenericRef(ref,type);",matched,301.6,300,458.0,320,379.8,310.0
e807613a-b9fc-4536-a5ba-2acc9251cc1a,25,1045,417.0,417.0,204,26,resolveGenericRef,"                return resolveGenericRef(ref,type);",matched,301.6,300,458.0,320,379.8,310.0
d38ee2bb-e830-490a-87b2-7100dad212fb,25,334,106.0,106.0,204,27,resolveGenericRef,"                return resolveGenericRef(ref,type);",matched,301.6,300,458.0,320,379.8,310.0
684af1d1-a0d2-4938-b6ac-c368528fd7d7,25,131,656.0,656.0,204,28,resolveGenericRef,"                return resolveGenericRef(ref,type);",matched,301.6,300,458.0,320,379.8,310.0
50f34861-1cea-45c9-808e-40b4b7330a26,25,241,823.0,823.0,204,28,resolveGenericRef,"                return resolveGenericRef(ref,type);",matched,301.6,300,458.0,320,379.8,310.0
1ec08853-c08e-4196-b56d-8562e17bd46f,25,246,236.0,236.0,204,28,resolveGenericRef,"                return resolveGenericRef(ref,type);",matched,301.6,300,458.0,320,379.8,310.0
2abc9679-0942-4cf4-a7b1-e274bb45d7b6,25,413,237.0,237.0,204,28,resolveGenericRef,"                return resolveGenericRef(ref,type);",matched,301.6,300,458.0,320,379.8,310.0
f5f14891-4a30-48d9-b1f6-711592bdbc89,25,427,428.0,428.0,204,29,resolveGenericRef,"                return resolveGenericRef(ref,type);",matched,301.6,300,458.0,320,379.8,310.0
6ef4dc81-3a42-4377-a580-e4f7ed540fee,25,682,317.0,317.0,204,29,resolveGenericRef,"                return resolveGenericRef(ref,type);",matched,301.6,300,458.0,320,379.8,310.0
598741f9-40c1-45e6-8c2e-0dd06f9ecec1,25,258,264.0,264.0,204,30,resolveGenericRef,"                return resolveGenericRef(ref,type);",matched,301.6,300,458.0,320,379.8,310.0
e3b01c2d-fe1f-4cff-93f9-2a16643a9924,25,402,589.0,589.0,204,30,resolveGenericRef,"                return resolveGenericRef(ref,type);",matched,301.6,300,458.0,320,379.8,310.0
6c25c318-375e-4ac0-9d20-3ecf01cb87bc,25,419,127.0,127.0,204,30,resolveGenericRef,"                return resolveGenericRef(ref,type);",matched,301.6,300,458.0,320,379.8,310.0
2ed069cf-d71c-461b-95cc-fed3c5d1c480,25,421,97.0,97.0,204,30,resolveGenericRef,"                return resolveGenericRef(ref,type);",matched,301.6,300,458.0,320,379.8,310.0
ef635917-f4a0-4d6d-9943-6603f07d0576,25,297,85.0,85.0,204,31,resolveGenericRef,"                return resolveGenericRef(ref,type);",matched,301.6,300,458.0,320,379.8,310.0
b0c0532a-85d3-4a5c-8c45-f79cf8c2c5e6,25,181,860.0,860.0,204,33,resolveGenericRef,"                return resolveGenericRef(ref,type);",matched,301.6,300,458.0,320,379.8,310.0
bf7d887d-d515-4e9b-bcf0-a44450a918e2,25,577,404.0,404.0,204,33,resolveGenericRef,"                return resolveGenericRef(ref,type);",matched,301.6,300,458.0,320,379.8,310.0
62a72219-e978-42c0-9776-b8264368022b,25,257,84.0,84.0,204,34,resolveGenericRef,"                return resolveGenericRef(ref,type);",matched,301.6,300,458.0,320,379.8,310.0
a6ba2c83-dadd-42f4-b3f0-975a097f6401,25,697,739.0,739.0,204,34,resolveGenericRef,"                return resolveGenericRef(ref,type);",matched,301.6,300,458.0,320,379.8,310.0
8c306ba4-2370-43b7-8485-e38d002689be,25,1206,244.0,244.0,204,34,resolveGenericRef,"                return resolveGenericRef(ref,type);",matched,301.6,300,458.0,320,379.8,310.0
331fd601-3c80-4fbe-9e55-7e4029332663,25,344,116.0,116.0,204,35,resolveGenericRef,"                return resolveGenericRef(ref,type);",matched,301.6,300,458.0,320,379.8,310.0
b2658d96-7351-45ee-b7f9-5e4367d10a08,25,403,148.0,148.0,204,35,resolveGenericRef,"                return resolveGenericRef(ref,type);",matched,301.6,300,458.0,320,379.8,310.0
fc62c781-9182-4bb1-b268-c03601d5ad48,25,245,83.0,83.0,204,36,resolveGenericRef,"                return resolveGenericRef(ref,type);",matched,301.6,300,458.0,320,379.8,310.0
843e2175-03c5-49bc-b582-e05c6c8dd7a3,25,428,697.0,697.0,204,36,resolveGenericRef,"                return resolveGenericRef(ref,type);",matched,301.6,300,458.0,320,379.8,310.0
27dff94f-4b95-44f2-a5e2-8e5f7e17b035,25,430,2326.0,2326.0,204,39,resolveGenericRef,"                return resolveGenericRef(ref,type);",matched,301.6,300,458.0,320,379.8,310.0
f29f4ed4-8073-4e3d-8779-4300aa149565,25,681,155.0,155.0,204,39,resolveGenericRef,"                return resolveGenericRef(ref,type);",matched,301.6,300,458.0,320,379.8,310.0
cb322e00-53b0-46a6-93b3-143588a2ba61,25,1210,204.0,204.0,204,40,resolveGenericRef,"                return resolveGenericRef(ref,type);",matched,301.6,300,458.0,320,379.8,310.0
b4f61bb3-1bf5-4f55-9017-86e2721a2e0a,25,420,317.0,317.0,204,42,ref,"                return resolveGenericRef(ref,type);",matched,430.4,300,458.0,320,444.2,310.0
3088d45a-4aa1-4764-86a5-f3b04b1095f5,25,578,331.0,331.0,204,42,ref,"                return resolveGenericRef(ref,type);",matched,430.4,300,458.0,320,444.2,310.0
8f987900-c2a8-4fe1-95bc-38a4f6fadce5,25,404,651.0,651.0,204,43,ref,"                return resolveGenericRef(ref,type);",matched,467.2,300,494.79999999999995,320,481.0,310.0
0211fc52-8577-4189-9b71-c1fef5598818,25,247,289.0,289.0,204,45,",","                return resolveGenericRef(ref,type);",matched,494.79999999999995,300,503.99999999999994,320,499.4,310.0
f8439e8b-f445-4cac-bab9-59e5ece29080,25,565,234.0,234.0,204,45,",","                return resolveGenericRef(ref,type);",matched,494.79999999999995,300,503.99999999999994,320,499.4,310.0
6e6c5ca3-ed45-4d9c-bf12-46baa288e539,25,1209,140.0,140.0,204,47,type,"                return resolveGenericRef(ref,type);",matched,503.99999999999994,300,540.8,320,522.4,310.0
c6327312-b593-4243-aeeb-472b24f99a23,25,1212,524.0,524.0,204,50,),"                return resolveGenericRef(ref,type);",matched,540.8,300,550.0,320,545.4,310.0
632ec1c4-543f-4d95-93da-5f716bc01f47,25,303,116.0,116.0,205,11,WHITESPACE,            },approx_whitespace,191.2,320,200.39999999999998,340,195.79999999999998,330.0
f540ff7b-36aa-4430-8467-1f21a0de49a4,25,300,636.0,636.0,205,12,WHITESPACE,            },approx_whitespace,200.39999999999998,320,209.6,340,205.0,330.0
6063bd2e-f67b-4d69-b1c2-ebd3fd51730a,25,306,777.0,777.0,205,12,WHITESPACE,            },approx_whitespace,200.39999999999998,320,209.6,340,205.0,330.0
fa3808de-834b-4e33-8161-466841058eee,25,301,156.0,156.0,205,13,},            },matched,200.39999999999998,320,209.6,340,205.0,330.0
a8c317eb-98d2-482c-b712-84c1cb3f94a9,25,299,419.0,419.0,206,10,WHITESPACE,        },approx_whitespace,163.6,340,172.8,360,168.2,350.0
a2a3eb89-eb73-411c-a9ec-de6a25dae09a,25,1028,151.0,151.0,208,12,(,        if (type instanceof ParameterizedType),matched,191.2,380,200.39999999999998,400,195.79999999999998,390.0
19d921b1-a309-4e20-9d55-aadf94e5ae29,25,188,133.0,133.0,208,15,type,        if (type instanceof ParameterizedType),matched,200.39999999999998,380,237.2,400,218.79999999999998,390.0
0da9a165-91f5-4763-bd58-7493df8292d2,25,1026,178.0,178.0,208,16,type,        if (type instanceof ParameterizedType),matched,467.2,380,503.99999999999994,400,485.59999999999997,390.0
4891eb78-53d2-47ff-bd9a-c449689aca94,25,347,239.0,239.0,208,18,instanceof,        if (type instanceof ParameterizedType),matched,246.39999999999998,380,338.4,400,292.4,390.0
052a715c-316d-4fdd-bcac-c32288012ac2,25,89,205.0,205.0,208,19,instanceof,        if (type instanceof ParameterizedType),matched,246.39999999999998,380,338.4,400,292.4,390.0
13a7d511-00a7-4cb9-8a01-5d56ee6ed402,25,183,130.0,130.0,208,19,instanceof,        if (type instanceof ParameterizedType),matched,246.39999999999998,380,338.4,400,292.4,390.0
daffd67b-011c-44aa-83d9-d4ea0541aca3,25,581,146.0,146.0,208,19,instanceof,        if (type instanceof ParameterizedType),matched,246.39999999999998,380,338.4,400,292.4,390.0
6032dc98-7b9a-4d8b-ad7e-6cd72943b23e,25,1178,166.0,166.0,208,19,instanceof,        if (type instanceof ParameterizedType),matched,246.39999999999998,380,338.4,400,292.4,390.0
5afb7193-ffe2-4465-a82f-eaf8b2725b49,25,189,162.0,162.0,208,21,instanceof,        if (type instanceof ParameterizedType),matched,246.39999999999998,380,338.4,400,292.4,390.0
5eb51d15-dde1-46ea-b270-b9afca7f41fa,25,351,364.0,364.0,208,21,instanceof,        if (type instanceof ParameterizedType),matched,246.39999999999998,380,338.4,400,292.4,390.0
148de4f6-54e0-45f4-8ca2-aa4f061bb8db,25,1207,568.0,568.0,208,21,instanceof,        if (type instanceof ParameterizedType),matched,246.39999999999998,380,338.4,400,292.4,390.0
4284c203-41e1-4c34-9c70-098efee6da46,25,325,99.0,99.0,208,23,instanceof,        if (type instanceof ParameterizedType),matched,246.39999999999998,380,338.4,400,292.4,390.0
a128bccf-8a38-457e-994d-faad24963725,25,345,926.0,926.0,208,23,instanceof,        if (type instanceof ParameterizedType),matched,246.39999999999998,380,338.4,400,292.4,390.0
c4f51b2c-26a7-4db9-acfa-15662e06f679,25,1191,246.0,246.0,208,23,instanceof,        if (type instanceof ParameterizedType),matched,246.39999999999998,380,338.4,400,292.4,390.0
029fcfb3-087f-4788-b266-f6e30cda2c6c,25,431,249.0,249.0,208,24,instanceof,        if (type instanceof ParameterizedType),matched,246.39999999999998,380,338.4,400,292.4,390.0
d3647194-4515-45ee-9cf9-5e56afde5656,25,191,328.0,328.0,208,25,instanceof,        if (type instanceof ParameterizedType),matched,246.39999999999998,380,338.4,400,292.4,390.0
fa937fcf-1133-410d-bcc9-20d21cc2d182,25,88,123.0,123.0,208,27,instanceof,        if (type instanceof ParameterizedType),matched,246.39999999999998,380,338.4,400,292.4,390.0
3753fa87-a962-41f6-80c3-c17017fa2b16,25,185,157.0,157.0,208,27,instanceof,        if (type instanceof ParameterizedType),matched,246.39999999999998,380,338.4,400,292.4,390.0
d67eb489-5189-438e-9177-add8969c18c6,25,348,101.0,101.0,208,27,instanceof,        if (type instanceof ParameterizedType),matched,246.39999999999998,380,338.4,400,292.4,390.0
983124d0-4981-4a20-8892-c47b740454e8,25,429,1357.0,1357.0,208,28,WHITESPACE,        if (type instanceof ParameterizedType),approx_whitespace,503.99999999999994,380,513.2,400,508.6,390.0
d9d5eccb-62f9-4c6f-800e-a827e55613ed,25,1095,545.0,545.0,208,28,WHITESPACE,        if (type instanceof ParameterizedType),approx_whitespace,503.99999999999994,380,513.2,400,508.6,390.0
97b707da-1456-4775-8f8d-ed9de11795a3,25,83,84.0,84.0,208,29,ParameterizedType,        if (type instanceof ParameterizedType),matched,347.59999999999997,380,503.99999999999994,400,425.79999999999995,390.0
c362fa4d-44d1-431c-ae7e-123f74d0268a,25,24,1614.0,1614.0,208,30,ParameterizedType,        if (type instanceof ParameterizedType),matched,347.59999999999997,380,503.99999999999994,400,425.79999999999995,390.0
f5b9ed30-a554-4d8c-bc20-d4daa3ce6c71,25,76,153.0,153.0,208,31,ParameterizedType,        if (type instanceof ParameterizedType),matched,347.59999999999997,380,503.99999999999994,400,425.79999999999995,390.0
ebf1c85c-a8b7-4d03-8754-ecef17394906,25,1079,335.0,335.0,208,31,ParameterizedType,        if (type instanceof ParameterizedType),matched,347.59999999999997,380,503.99999999999994,400,425.79999999999995,390.0
42ad4d19-dcc9-4ad7-8e51-0240a7927368,25,192,320.0,320.0,208,32,ParameterizedType,        if (type instanceof ParameterizedType),matched,347.59999999999997,380,503.99999999999994,400,425.79999999999995,390.0
2d0a854f-6583-49f3-9cee-49bee531f2b9,25,190,199.0,199.0,208,33,ParameterizedType,        if (type instanceof ParameterizedType),matched,347.59999999999997,380,503.99999999999994,400,425.79999999999995,390.0
f1b41790-d8a3-4396-ae6e-f19381bcf7ca,25,101,110.0,110.0,208,34,ParameterizedType,        if (type instanceof ParameterizedType),matched,347.59999999999997,380,503.99999999999994,400,425.79999999999995,390.0
b6cf0ee3-9314-4a9e-8596-2790fcb670db,25,184,122.0,122.0,208,34,ParameterizedType,        if (type instanceof ParameterizedType),matched,347.59999999999997,380,503.99999999999994,400,425.79999999999995,390.0
f492b4d3-54e1-4c30-9ecc-7079b31d1c91,25,349,362.0,362.0,208,34,ParameterizedType,        if (type instanceof ParameterizedType),matched,347.59999999999997,380,503.99999999999994,400,425.79999999999995,390.0
554de7ea-b3c4-46f2-98a0-e348be02317a,25,1027,331.0,331.0,208,34,ParameterizedType,        if (type instanceof ParameterizedType),matched,347.59999999999997,380,503.99999999999994,400,425.79999999999995,390.0
1b714f8c-601a-4ce8-8c97-ebc5cef6a1f4,25,1029,182.0,182.0,208,34,ParameterizedType,        if (type instanceof ParameterizedType),matched,347.59999999999997,380,503.99999999999994,400,425.79999999999995,390.0
64902550-1523-4125-9a1d-580fa37dc86d,25,352,354.0,354.0,208,35,ParameterizedType,        if (type instanceof ParameterizedType),matched,347.59999999999997,380,503.99999999999994,400,425.79999999999995,390.0
7982e033-f0fa-466b-aa18-50749a53a8e8,25,84,141.0,141.0,208,36,ParameterizedType,        if (type instanceof ParameterizedType),matched,347.59999999999997,380,503.99999999999994,400,425.79999999999995,390.0
a7f088db-5562-4c54-9395-7a3a1a45c497,25,102,443.0,443.0,208,36,ParameterizedType,        if (type instanceof ParameterizedType),matched,347.59999999999997,380,503.99999999999994,400,425.79999999999995,390.0
e882feca-27ca-4277-885e-87d22328ef40,25,346,142.0,142.0,208,36,ParameterizedType,        if (type instanceof ParameterizedType),matched,347.59999999999997,380,503.99999999999994,400,425.79999999999995,390.0
a65c9304-2ac0-4967-83bb-b2f96b03d603,25,582,943.0,943.0,208,36,ParameterizedType,        if (type instanceof ParameterizedType),matched,347.59999999999997,380,503.99999999999994,400,425.79999999999995,390.0
96499283-2fea-4f23-a855-5cf71a310e6c,25,1097,140.0,140.0,208,36,ParameterizedType,        if (type instanceof ParameterizedType),matched,347.59999999999997,380,503.99999999999994,400,425.79999999999995,390.0
3eb26ab1-00c5-484e-93ea-4f2a69c59fe3,25,82,124.0,124.0,208,38,ParameterizedType,        if (type instanceof ParameterizedType),matched,347.59999999999997,380,503.99999999999994,400,425.79999999999995,390.0
fd7c7faf-2448-47d1-9c9d-b03385ebd8fc,25,432,407.0,407.0,208,38,ParameterizedType,        if (type instanceof ParameterizedType),matched,347.59999999999997,380,503.99999999999994,400,425.79999999999995,390.0
e1545d00-2248-4c93-bb1e-54a1a6bc32fe,25,1096,107.0,107.0,208,39,ParameterizedType,        if (type instanceof ParameterizedType),matched,347.59999999999997,380,503.99999999999994,400,425.79999999999995,390.0
f0b1c969-e334-4713-905a-f07510d95196,25,1175,92.0,92.0,208,46,),        if (type instanceof ParameterizedType),matched,503.99999999999994,380,513.2,400,508.6,390.0
aacc8c88-a59a-4965-9974-f429fe66353d,25,221,115.0,115.0,210,17,ParameterizedType,            ParameterizedType ptype = (ParameterizedType)type;,matched,200.39999999999998,420,356.79999999999995,440,278.59999999999997,430.0
469ccc03-3da4-4bff-9baa-fafa99aa01ae,25,58,344.0,344.0,210,21,ParameterizedType,            ParameterizedType ptype = (ParameterizedType)type;,matched,200.39999999999998,420,356.79999999999995,440,278.59999999999997,430.0
d6ceedb3-7dcc-4491-befe-63acf728972b,25,80,553.0,553.0,210,21,ParameterizedType,            ParameterizedType ptype = (ParameterizedType)type;,matched,200.39999999999998,420,356.79999999999995,440,278.59999999999997,430.0
11aee659-a53d-465d-a5e8-391bb2287e9a,25,353,355.0,355.0,210,21,ParameterizedType,            ParameterizedType ptype = (ParameterizedType)type;,matched,200.39999999999998,420,356.79999999999995,440,278.59999999999997,430.0
fffc08d6-788d-47fb-82bb-243973a2b52f,25,584,420.0,420.0,210,21,ParameterizedType,            ParameterizedType ptype = (ParameterizedType)type;,matched,200.39999999999998,420,356.79999999999995,440,278.59999999999997,430.0
1c89e970-36d2-460c-838c-a3ed96634a10,25,1157,83.0,83.0,210,21,ParameterizedType,            ParameterizedType ptype = (ParameterizedType)type;,matched,200.39999999999998,420,356.79999999999995,440,278.59999999999997,430.0
2d1043a5-37cd-42b2-8fe9-e60a5c444d5a,25,74,331.0,331.0,210,22,ParameterizedType,            ParameterizedType ptype = (ParameterizedType)type;,matched,200.39999999999998,420,356.79999999999995,440,278.59999999999997,430.0
23297ea7-4806-4504-9322-e1f64ef4d7d1,25,186,550.0,550.0,210,23,ParameterizedType,            ParameterizedType ptype = (ParameterizedType)type;,matched,200.39999999999998,420,356.79999999999995,440,278.59999999999997,430.0
5ff9938a-1b9f-44b8-a485-564cfeeb714e,25,350,96.0,96.0,210,26,ParameterizedType,            ParameterizedType ptype = (ParameterizedType)type;,matched,200.39999999999998,420,356.79999999999995,440,278.59999999999997,430.0
6cabe88d-719c-4258-aaf9-adfb4c053c4d,25,79,144.0,144.0,210,27,ParameterizedType,            ParameterizedType ptype = (ParameterizedType)type;,matched,200.39999999999998,420,356.79999999999995,440,278.59999999999997,430.0
3c31d982-83d7-4955-beae-212e345de7cf,25,75,112.0,112.0,210,29,ParameterizedType,            ParameterizedType ptype = (ParameterizedType)type;,matched,448.79999999999995,420,605.1999999999999,440,527.0,430.0
f907dda5-af06-4b15-92ba-a320d0a7112f,25,86,376.0,376.0,210,33,ptype,            ParameterizedType ptype = (ParameterizedType)type;,matched,366.0,420,412.0,440,389.0,430.0
0a251871-580b-47c0-9be1-05221368a1de,25,90,185.0,185.0,210,35,ptype,            ParameterizedType ptype = (ParameterizedType)type;,matched,366.0,420,412.0,440,389.0,430.0
36d295b7-c2ae-4b87-9ba1-370f5b69945a,25,220,168.0,168.0,210,38,WHITESPACE,            ParameterizedType ptype = (ParameterizedType)type;,approx_whitespace,651.1999999999999,420,660.4,440,655.8,430.0
60dd5230-f3bf-4291-9cca-91c76e3aafce,25,85,148.0,148.0,210,42,ParameterizedType,            ParameterizedType ptype = (ParameterizedType)type;,matched,448.79999999999995,420,605.1999999999999,440,527.0,430.0
782dce63-854b-444e-90b2-ff17b3f019ce,25,81,202.0,202.0,210,43,ParameterizedType,            ParameterizedType ptype = (ParameterizedType)type;,matched,448.79999999999995,420,605.1999999999999,440,527.0,430.0
ea509573-a441-4b2e-aae7-8216ebd6c153,25,78,162.0,162.0,210,44,ParameterizedType,            ParameterizedType ptype = (ParameterizedType)type;,matched,448.79999999999995,420,605.1999999999999,440,527.0,430.0
38806e4c-0041-483d-8934-637e54914146,25,583,422.0,422.0,210,49,ParameterizedType,            ParameterizedType ptype = (ParameterizedType)type;,matched,448.79999999999995,420,605.1999999999999,440,527.0,430.0
6065a93d-ace6-4e82-97ab-54ada2d7b96a,25,77,118.0,118.0,210,54,ParameterizedType,            ParameterizedType ptype = (ParameterizedType)type;,matched,448.79999999999995,420,605.1999999999999,440,527.0,430.0
02374852-fdb4-4d79-bc51-8114507342bd,25,193,195.0,195.0,210,54,ParameterizedType,            ParameterizedType ptype = (ParameterizedType)type;,matched,448.79999999999995,420,605.1999999999999,440,527.0,430.0
35e2e1da-75b0-4573-b0f5-35b27fe35366,25,87,212.0,212.0,210,59,type;,            ParameterizedType ptype = (ParameterizedType)type;,matched,614.4,420,660.4,440,637.4,430.0
19b64fb1-da67-48fc-bdec-7ab9bc672e09,25,92,693.0,693.0,211,20,rawType,            Type rawType = ptype.getRawType();,matched,246.39999999999998,440,310.79999999999995,460,278.59999999999997,450.0
cbb6bca9-8f19-4248-a492-56b053a9e1c5,25,187,1171.0,1171.0,211,20,rawType,            Type rawType = ptype.getRawType();,matched,246.39999999999998,440,310.79999999999995,460,278.59999999999997,450.0
c92bf9c2-8eb5-49ca-a9fb-628cb88cb8cf,25,1009,906.0,906.0,211,20,rawType,            Type rawType = ptype.getRawType();,matched,246.39999999999998,440,310.79999999999995,460,278.59999999999997,450.0
08602a56-2dd1-4a8d-a274-3ae810a35e54,25,104,240.0,240.0,211,21,rawType,            Type rawType = ptype.getRawType();,matched,246.39999999999998,440,310.79999999999995,460,278.59999999999997,450.0
cca5fe5d-bed0-4ff9-9537-861f59defacf,25,210,975.0,975.0,211,21,rawType,            Type rawType = ptype.getRawType();,matched,246.39999999999998,440,310.79999999999995,460,278.59999999999997,450.0
b7fb6dcd-4fca-404e-bff8-4036d164a1e4,25,927,236.0,236.0,211,22,rawType,            Type rawType = ptype.getRawType();,matched,421.2,440,485.59999999999997,460,453.4,450.0
9f0020b3-d752-4c0e-8842-15ba0ab0d506,25,915,598.0,598.0,211,26,=,            Type rawType = ptype.getRawType();,matched,320.0,440,329.2,460,324.6,450.0
13e39989-974b-4816-b498-c1d6bf784ac3,25,1177,441.0,441.0,211,29,ptype,            Type rawType = ptype.getRawType();,matched,338.4,440,384.4,460,361.4,450.0
75db6dc3-ef35-48a1-8548-e76752b4eff0,25,73,1318.0,1318.0,211,30,ptype,            Type rawType = ptype.getRawType();,matched,338.4,440,384.4,460,361.4,450.0
0127b1d7-21be-459a-a509-bee13f56f601,25,955,535.0,535.0,211,31,ptype,            Type rawType = ptype.getRawType();,matched,338.4,440,384.4,460,361.4,450.0
dc7b8ab0-b968-4139-a00b-daf3a95c1fb7,25,91,495.0,495.0,211,32,ptype,            Type rawType = ptype.getRawType();,matched,338.4,440,384.4,460,361.4,450.0
0a5ba4df-b208-410d-bd8b-4e6f792dfa0c,25,1174,89.0,89.0,211,32,ptype,            Type rawType = ptype.getRawType();,matched,338.4,440,384.4,460,361.4,450.0
da9b4a75-228e-4602-8b86-afb3cbf6a874,25,1179,340.0,340.0,211,33,.,            Type rawType = ptype.getRawType();,matched,384.4,440,393.59999999999997,460,389.0,450.0
209d87f4-23ef-4fd7-8981-ac2ab8b9472b,25,209,498.0,498.0,211,35,getRawType,            Type rawType = ptype.getRawType();,matched,393.59999999999997,440,485.59999999999997,460,439.59999999999997,450.0
6c655367-bae2-4e22-805c-ccb014b37ed7,25,929,1691.0,1691.0,211,35,getRawType,            Type rawType = ptype.getRawType();,matched,393.59999999999997,440,485.59999999999997,460,439.59999999999997,450.0
d4a68ddf-a2fc-48fc-b511-50b40441f2a8,25,954,235.0,235.0,211,36,getRawType,            Type rawType = ptype.getRawType();,matched,393.59999999999997,440,485.59999999999997,460,439.59999999999997,450.0
cca3b395-9529-4b6f-b7eb-936220dea02f,25,956,144.0,144.0,211,37,getRawType,            Type rawType = ptype.getRawType();,matched,393.59999999999997,440,485.59999999999997,460,439.59999999999997,450.0
0d889321-b6ef-4c9f-a196-ae8fef04887f,25,982,264.0,264.0,211,37,getRawType,            Type rawType = ptype.getRawType();,matched,393.59999999999997,440,485.59999999999997,460,439.59999999999997,450.0
65e5a0d4-c367-42c9-a2a7-3cf24dd40850,25,585,567.0,567.0,211,38,getRawType,            Type rawType = ptype.getRawType();,matched,393.59999999999997,440,485.59999999999997,460,439.59999999999997,450.0
62f47c6b-7329-476d-8469-be122e5b1b80,25,930,581.0,581.0,211,39,getRawType,            Type rawType = ptype.getRawType();,matched,393.59999999999997,440,485.59999999999997,460,439.59999999999997,450.0
7041fa43-e294-4e1f-8500-2128a42456b8,25,957,672.0,672.0,211,39,getRawType,            Type rawType = ptype.getRawType();,matched,393.59999999999997,440,485.59999999999997,460,439.59999999999997,450.0
baa0b1fc-3377-482d-98df-5a6cfa899d1a,25,317,166.0,166.0,211,41,getRawType,            Type rawType = ptype.getRawType();,matched,393.59999999999997,440,485.59999999999997,460,439.59999999999997,450.0
de134145-e76f-410e-b6c4-b24b6e2e3d1d,25,318,100.0,100.0,211,43,getRawType,            Type rawType = ptype.getRawType();,matched,393.59999999999997,440,485.59999999999997,460,439.59999999999997,450.0
1d620844-4801-499a-b4ed-a36cc0e8d6af,25,995,495.0,495.0,211,43,getRawType,            Type rawType = ptype.getRawType();,matched,393.59999999999997,440,485.59999999999997,460,439.59999999999997,450.0
bf333db9-a087-4434-bcb4-399089296459,25,71,206.0,206.0,212,17,rawType,            if (rawType == ref.ifaceClass),matched,237.2,460,301.6,480,269.4,470.0
c7b38541-6639-4ed6-ab67-55123a54d200,25,72,117.0,117.0,212,22,rawType,            if (rawType == ref.ifaceClass),matched,237.2,460,301.6,480,269.4,470.0
df528bdb-6f4d-4417-a405-0c800e3c1bac,25,93,85.0,85.0,212,27,WHITESPACE,            if (rawType == ref.ifaceClass),approx_whitespace,467.2,460,476.4,480,471.79999999999995,470.0
be475eea-4547-4606-969a-92b8ab335301,25,356,201.0,201.0,212,28,ref,            if (rawType == ref.ifaceClass),matched,338.4,460,366.0,480,352.2,470.0
239f8e7f-fc69-40b3-978f-6921effe747d,25,975,349.0,349.0,212,30,ref,            if (rawType == ref.ifaceClass),matched,338.4,460,366.0,480,352.2,470.0
f374656b-8214-4898-ae41-cd983e2b290b,25,926,828.0,828.0,212,31,.,            if (rawType == ref.ifaceClass),matched,366.0,460,375.2,480,370.6,470.0
54610339-f6ab-446a-8235-c75b2ce70dec,25,1190,410.0,410.0,212,31,.,            if (rawType == ref.ifaceClass),matched,366.0,460,375.2,480,370.6,470.0
4f4a0963-a2bd-4988-ad53-6caeb702a519,25,993,446.0,446.0,212,33,ifaceClass,            if (rawType == ref.ifaceClass),matched,375.2,460,467.2,480,421.2,470.0
72605407-ffbb-48f7-9e9f-6fa5b942bbd9,25,94,1098.0,1098.0,212,34,ifaceClass,            if (rawType == ref.ifaceClass),matched,375.2,460,467.2,480,421.2,470.0
ed20c712-701d-46d3-be3f-6309c69ef1b9,25,1156,618.0,618.0,212,37,ifaceClass,            if (rawType == ref.ifaceClass),matched,375.2,460,467.2,480,421.2,470.0
0f9cf0e7-88af-401a-8316-8b7833440bd8,25,1171,397.0,397.0,212,40,ifaceClass,            if (rawType == ref.ifaceClass),matched,375.2,460,467.2,480,421.2,470.0
6f2dff8e-6380-4575-8cb7-ea61cf71b2f9,25,365,131.0,131.0,214,32,WHITESPACE,"                // debug(""Found ref on [%s] as ParameterizedType [%s]"",toShortName(clazz),toShortName(ptype));",approx_whitespace,816.8,500,826.0,520,821.4,510.0
4563d9e5-1738-4fef-843d-8d621e933c64,25,369,214.0,214.0,214,33,ref,"                // debug(""Found ref on [%s] as ParameterizedType [%s]"",toShortName(clazz),toShortName(ptype));",matched,384.4,500,412.0,520,398.2,510.0
bba910ab-013c-47cf-b173-36f2bbaca641,25,389,467.0,467.0,214,33,ref,"                // debug(""Found ref on [%s] as ParameterizedType [%s]"",toShortName(clazz),toShortName(ptype));",matched,384.4,500,412.0,520,398.2,510.0
a07d0f29-9187-46e8-b55b-6e765daef442,25,196,162.0,162.0,214,34,ref,"                // debug(""Found ref on [%s] as ParameterizedType [%s]"",toShortName(clazz),toShortName(ptype));",matched,384.4,500,412.0,520,398.2,510.0
b8f30962-38bb-4501-8fbf-d16817819dbd,25,588,316.0,316.0,214,34,ref,"                // debug(""Found ref on [%s] as ParameterizedType [%s]"",toShortName(clazz),toShortName(ptype));",matched,384.4,500,412.0,520,398.2,510.0
5a068667-b73e-475c-a92b-82f0ba88c160,25,60,400.0,400.0,214,35,ref,"                // debug(""Found ref on [%s] as ParameterizedType [%s]"",toShortName(clazz),toShortName(ptype));",matched,384.4,500,412.0,520,398.2,510.0
2352fd59-22a2-43a0-ad5d-d1856a864d03,25,921,612.0,612.0,214,37,on,"                // debug(""Found ref on [%s] as ParameterizedType [%s]"",toShortName(clazz),toShortName(ptype));",matched,421.2,500,439.59999999999997,520,430.4,510.0
aeb8448d-ccd2-4387-b3d4-07d55f24a282,25,936,315.0,315.0,214,37,on,"                // debug(""Found ref on [%s] as ParameterizedType [%s]"",toShortName(clazz),toShortName(ptype));",matched,421.2,500,439.59999999999997,520,430.4,510.0
c5142aa4-27a1-431d-9b3a-542dd13d87b5,25,976,245.0,245.0,214,38,on,"                // debug(""Found ref on [%s] as ParameterizedType [%s]"",toShortName(clazz),toShortName(ptype));",matched,421.2,500,439.59999999999997,520,430.4,510.0
369bd1d9-822f-4e59-a7db-6a413a681a74,25,947,580.0,580.0,214,39,WHITESPACE,"                // debug(""Found ref on [%s] as ParameterizedType [%s]"",toShortName(clazz),toShortName(ptype));",approx_whitespace,982.4,500,991.5999999999999,520,987.0,510.0
ea33631a-3a2c-4dab-aa62-bff0f8edfeea,25,971,528.0,528.0,214,39,WHITESPACE,"                // debug(""Found ref on [%s] as ParameterizedType [%s]"",toShortName(clazz),toShortName(ptype));",approx_whitespace,982.4,500,991.5999999999999,520,987.0,510.0
4732a96f-4caf-4f74-94b7-595181aae124,25,382,192.0,192.0,214,40,[%s],"                // debug(""Found ref on [%s] as ParameterizedType [%s]"",toShortName(clazz),toShortName(ptype));",matched,448.79999999999995,500,485.59999999999997,520,467.19999999999993,510.0
06ec60a9-6a56-41f4-b77d-315a51f3c1d3,25,1046,586.0,586.0,214,40,[%s],"                // debug(""Found ref on [%s] as ParameterizedType [%s]"",toShortName(clazz),toShortName(ptype));",matched,448.79999999999995,500,485.59999999999997,520,467.19999999999993,510.0
5ece992c-6277-4ae5-9212-57576e50717a,25,205,165.0,165.0,214,41,[%s],"                // debug(""Found ref on [%s] as ParameterizedType [%s]"",toShortName(clazz),toShortName(ptype));",matched,448.79999999999995,500,485.59999999999997,520,467.19999999999993,510.0
f208037b-b410-472c-b85b-f9dadb288f00,25,380,422.0,422.0,214,41,[%s],"                // debug(""Found ref on [%s] as ParameterizedType [%s]"",toShortName(clazz),toShortName(ptype));",matched,448.79999999999995,500,485.59999999999997,520,467.19999999999993,510.0
78dbb631-a2ab-403d-ae17-68daedf4e09e,25,1077,471.0,471.0,214,41,[%s],"                // debug(""Found ref on [%s] as ParameterizedType [%s]"",toShortName(clazz),toShortName(ptype));",matched,448.79999999999995,500,485.59999999999997,520,467.19999999999993,510.0
e5d8a226-20d1-400d-b396-178907a5e7bd,25,217,106.0,106.0,214,43,[%s],"                // debug(""Found ref on [%s] as ParameterizedType [%s]"",toShortName(clazz),toShortName(ptype));",matched,688.0,500,724.8,520,706.4,510.0
59127bcd-677f-486a-84ea-0b3a1bce4a61,25,969,206.0,206.0,214,43,[%s],"                // debug(""Found ref on [%s] as ParameterizedType [%s]"",toShortName(clazz),toShortName(ptype));",matched,688.0,500,724.8,520,706.4,510.0
996b95da-eb75-42e8-9f31-ee28547c3767,25,1048,116.0,116.0,214,43,[%s],"                // debug(""Found ref on [%s] as ParameterizedType [%s]"",toShortName(clazz),toShortName(ptype));",matched,688.0,500,724.8,520,706.4,510.0
806bae71-0d53-42df-a00c-0ec9c5fe1d3e,25,219,1305.0,1305.0,214,44,WHITESPACE,"                // debug(""Found ref on [%s] as ParameterizedType [%s]"",toShortName(clazz),toShortName(ptype));",approx_whitespace,1092.8,500,1102.0,520,1097.4,510.0
aa9dfd7b-a7b6-424f-9083-b635a9fb7952,25,379,648.0,648.0,214,44,WHITESPACE,"                // debug(""Found ref on [%s] as ParameterizedType [%s]"",toShortName(clazz),toShortName(ptype));",approx_whitespace,1092.8,500,1102.0,520,1097.4,510.0
d26c802b-937d-475d-8b17-78ae9db57f51,25,586,451.0,451.0,214,44,WHITESPACE,"                // debug(""Found ref on [%s] as ParameterizedType [%s]"",toShortName(clazz),toShortName(ptype));",approx_whitespace,1092.8,500,1102.0,520,1097.4,510.0
6a321046-2b6c-49ba-9efe-3d51adfcdb9f,25,941,172.0,172.0,214,46,as,"                // debug(""Found ref on [%s] as ParameterizedType [%s]"",toShortName(clazz),toShortName(ptype));",matched,494.79999999999995,500,513.2,520,504.0,510.0
566d367d-ecb6-44bb-ba15-40f0c742836f,25,1166,424.0,424.0,214,46,as,"                // debug(""Found ref on [%s] as ParameterizedType [%s]"",toShortName(clazz),toShortName(ptype));",matched,494.79999999999995,500,513.2,520,504.0,510.0
71d97874-3f2c-4440-9076-9c3898e87d2d,25,370,106.0,106.0,214,48,ParameterizedType,"                // debug(""Found ref on [%s] as ParameterizedType [%s]"",toShortName(clazz),toShortName(ptype));",matched,522.4,500,678.8,520,600.5999999999999,510.0
92f30156-0bc2-434c-9cc5-86da159b4b4c,25,928,274.0,274.0,214,48,ParameterizedType,"                // debug(""Found ref on [%s] as ParameterizedType [%s]"",toShortName(clazz),toShortName(ptype));",matched,522.4,500,678.8,520,600.5999999999999,510.0
2fa004eb-2575-4eff-81b3-6d6e80d5fd06,25,195,157.0,157.0,214,49,ParameterizedType,"                // debug(""Found ref on [%s] as ParameterizedType [%s]"",toShortName(clazz),toShortName(ptype));",matched,522.4,500,678.8,520,600.5999999999999,510.0
348dadd7-5d01-4369-b49e-e8f57ebe8540,25,206,170.0,170.0,214,53,ParameterizedType,"                // debug(""Found ref on [%s] as ParameterizedType [%s]"",toShortName(clazz),toShortName(ptype));",matched,522.4,500,678.8,520,600.5999999999999,510.0
63113d1b-2e16-42af-a4a0-b4faa7fb6c87,25,966,140.0,140.0,214,54,ParameterizedType,"                // debug(""Found ref on [%s] as ParameterizedType [%s]"",toShortName(clazz),toShortName(ptype));",matched,522.4,500,678.8,520,600.5999999999999,510.0
267399d0-d7ed-4e83-89a0-77c34179e86a,25,1049,362.0,362.0,214,54,ParameterizedType,"                // debug(""Found ref on [%s] as ParameterizedType [%s]"",toShortName(clazz),toShortName(ptype));",matched,522.4,500,678.8,520,600.5999999999999,510.0
4ba916c2-b6b7-45da-9b74-2914f55a63a8,25,1167,257.0,257.0,214,54,ParameterizedType,"                // debug(""Found ref on [%s] as ParameterizedType [%s]"",toShortName(clazz),toShortName(ptype));",matched,522.4,500,678.8,520,600.5999999999999,510.0
07bcddd5-c87d-405c-8e64-86cbf33f827b,25,960,192.0,192.0,214,57,ParameterizedType,"                // debug(""Found ref on [%s] as ParameterizedType [%s]"",toShortName(clazz),toShortName(ptype));",matched,522.4,500,678.8,520,600.5999999999999,510.0
fbadf6a5-7d82-453a-90f9-9e5433b9a259,25,973,446.0,446.0,214,58,ParameterizedType,"                // debug(""Found ref on [%s] as ParameterizedType [%s]"",toShortName(clazz),toShortName(ptype));",matched,522.4,500,678.8,520,600.5999999999999,510.0
c6b42fc2-57dc-4970-b7f1-0c1d52fc7417,25,931,86.0,86.0,214,60,ParameterizedType,"                // debug(""Found ref on [%s] as ParameterizedType [%s]"",toShortName(clazz),toShortName(ptype));",matched,522.4,500,678.8,520,600.5999999999999,510.0
87876f47-f367-497d-bcbc-3e7b89e42750,25,589,158.0,158.0,214,61,ParameterizedType,"                // debug(""Found ref on [%s] as ParameterizedType [%s]"",toShortName(clazz),toShortName(ptype));",matched,522.4,500,678.8,520,600.5999999999999,510.0
e7b5b300-f2e6-47c0-b34a-868c38960bcd,25,970,113.0,113.0,214,61,ParameterizedType,"                // debug(""Found ref on [%s] as ParameterizedType [%s]"",toShortName(clazz),toShortName(ptype));",matched,522.4,500,678.8,520,600.5999999999999,510.0
d710ba98-f967-4e1b-b942-d9c6a1ac7a35,25,207,109.0,109.0,214,63,ParameterizedType,"                // debug(""Found ref on [%s] as ParameterizedType [%s]"",toShortName(clazz),toShortName(ptype));",matched,522.4,500,678.8,520,600.5999999999999,510.0
5ed705ec-357d-41cc-8c5e-2f4d553076cb,25,1158,173.0,173.0,215,23,Always,"                // Always get the raw type parameter, let unwrap() solve for what it is",matched,264.79999999999995,520,320.0,540,292.4,530.0
1580f2f7-1967-48ce-94be-b383c624f30c,25,587,416.0,416.0,215,25,Always,"                // Always get the raw type parameter, let unwrap() solve for what it is",matched,264.79999999999995,520,320.0,540,292.4,530.0
e089c692-4e0d-48bf-b050-f32963dfbf19,25,375,371.0,371.0,215,26,WHITESPACE,"                // Always get the raw type parameter, let unwrap() solve for what it is",approx_whitespace,356.79999999999995,520,366.0,540,361.4,530.0
4c1af687-9bd3-4670-9784-8f811313aba5,25,1058,403.0,403.0,215,28,get,"                // Always get the raw type parameter, let unwrap() solve for what it is",matched,329.2,520,356.79999999999995,540,343.0,530.0
b7405595-e38b-472e-b9f5-42d1dbcfe84b,25,1176,140.0,140.0,215,29,get,"                // Always get the raw type parameter, let unwrap() solve for what it is",matched,329.2,520,356.79999999999995,540,343.0,530.0
bbcbec47-2a3c-4111-96da-30e78863a5a6,25,376,182.0,182.0,215,32,the,"                // Always get the raw type parameter, let unwrap() solve for what it is",matched,366.0,520,393.59999999999997,540,379.79999999999995,530.0
8beee1ac-dee1-492a-bd44-eaea1cf07439,25,319,706.0,706.0,215,34,WHITESPACE,"                // Always get the raw type parameter, let unwrap() solve for what it is",approx_whitespace,439.59999999999997,520,448.79999999999995,540,444.19999999999993,530.0
64e19681-390d-4a63-ae7d-279b31836ac7,25,1192,80.0,80.0,215,34,WHITESPACE,"                // Always get the raw type parameter, let unwrap() solve for what it is",approx_whitespace,439.59999999999997,520,448.79999999999995,540,444.19999999999993,530.0
f1f4491f-f1ef-44cc-8e52-4fe4876c33c4,25,374,161.0,161.0,215,36,raw,"                // Always get the raw type parameter, let unwrap() solve for what it is",matched,402.79999999999995,520,430.4,540,416.59999999999997,530.0
2fc13dbc-ca8d-4f9a-acd4-8ab0155b5768,25,1059,223.0,223.0,215,36,raw,"                // Always get the raw type parameter, let unwrap() solve for what it is",matched,402.79999999999995,520,430.4,540,416.59999999999997,530.0
bc5ab02e-aaf9-4372-97de-2f72e1374c98,25,377,326.0,326.0,215,37,raw,"                // Always get the raw type parameter, let unwrap() solve for what it is",matched,402.79999999999995,520,430.4,540,416.59999999999997,530.0
193cda7e-72c4-4c43-aa8e-8f1c2aa69f24,25,937,1614.0,1614.0,215,42,type,"                // Always get the raw type parameter, let unwrap() solve for what it is",matched,439.59999999999997,520,476.4,540,458.0,530.0
ea1cfd60-05a7-4968-bc0a-e421747757d3,25,1057,709.0,709.0,215,42,type,"                // Always get the raw type parameter, let unwrap() solve for what it is",matched,439.59999999999997,520,476.4,540,458.0,530.0
924c2968-888c-4505-89ff-7cd9aeb4c00d,25,1060,464.0,464.0,215,43,WHITESPACE,"                // Always get the raw type parameter, let unwrap() solve for what it is",approx_whitespace,531.5999999999999,520,540.8,540,536.1999999999999,530.0
c10b8710-f6d1-4569-80b2-4c0c7ae39121,25,943,294.0,294.0,215,44,"parameter,","                // Always get the raw type parameter, let unwrap() solve for what it is",matched,485.59999999999997,520,577.5999999999999,540,531.5999999999999,530.0
e60029c8-fc32-473d-b1ca-8a5b6300ac2b,25,948,273.0,273.0,215,46,"parameter,","                // Always get the raw type parameter, let unwrap() solve for what it is",matched,485.59999999999997,520,577.5999999999999,540,531.5999999999999,530.0
47b842e8-a563-4325-86ae-d6fa6613067e,25,932,1223.0,1223.0,215,47,"parameter,","                // Always get the raw type parameter, let unwrap() solve for what it is",matched,485.59999999999997,520,577.5999999999999,540,531.5999999999999,530.0
88dc3fa7-d3e2-49de-853e-f9cf6571eeb1,25,961,1094.0,1094.0,215,47,"parameter,","                // Always get the raw type parameter, let unwrap() solve for what it is",matched,485.59999999999997,520,577.5999999999999,540,531.5999999999999,530.0
280859fd-cb7d-4080-a80b-802b03f145df,25,373,143.0,143.0,215,49,"parameter,","                // Always get the raw type parameter, let unwrap() solve for what it is",matched,485.59999999999997,520,577.5999999999999,540,531.5999999999999,530.0
c4ad48c1-c212-441b-a4b0-76654f53f62e,25,944,99.0,99.0,215,51,"parameter,","                // Always get the raw type parameter, let unwrap() solve for what it is",matched,485.59999999999997,520,577.5999999999999,540,531.5999999999999,530.0
e7088bc6-c121-4fb7-a9c1-6285970be6bf,25,949,96.0,96.0,215,53,"parameter,","                // Always get the raw type parameter, let unwrap() solve for what it is",matched,485.59999999999997,520,577.5999999999999,540,531.5999999999999,530.0
127ed275-c49a-49df-a029-837af3a45344,25,935,237.0,237.0,215,54,WHITESPACE,"                // Always get the raw type parameter, let unwrap() solve for what it is",approx_whitespace,642.0,520,651.1999999999999,540,646.5999999999999,530.0
6cf77b5f-cd8c-4916-a164-b39c9b38eb73,25,958,265.0,265.0,215,56,let,"                // Always get the raw type parameter, let unwrap() solve for what it is",matched,586.8,520,614.4,540,600.5999999999999,530.0
e77d3ad5-37a8-4955-9452-926b721c5604,25,938,379.0,379.0,215,57,let,"                // Always get the raw type parameter, let unwrap() solve for what it is",matched,586.8,520,614.4,540,600.5999999999999,530.0
5f4b5647-d64a-4e6e-9cbe-72e38e949028,25,1061,563.0,563.0,215,59,unwrap(),"                // Always get the raw type parameter, let unwrap() solve for what it is",matched,623.5999999999999,520,697.1999999999999,540,660.3999999999999,530.0
50405faf-0bb4-4970-82f2-c3c385a01ac3,25,933,146.0,146.0,215,61,unwrap(),"                // Always get the raw type parameter, let unwrap() solve for what it is",matched,623.5999999999999,520,697.1999999999999,540,660.3999999999999,530.0
44eeddf3-5f0b-4328-9ff7-2dc1649404dd,25,194,151.0,151.0,215,63,unwrap(),"                // Always get the raw type parameter, let unwrap() solve for what it is",matched,623.5999999999999,520,697.1999999999999,540,660.3999999999999,530.0
6e000440-0a7d-4374-be42-207fce97b5e4,25,1168,175.0,175.0,215,63,unwrap(),"                // Always get the raw type parameter, let unwrap() solve for what it is",matched,623.5999999999999,520,697.1999999999999,540,660.3999999999999,530.0
caf65622-4577-46af-8651-86f4c5d1258e,25,946,825.0,825.0,215,64,unwrap(),"                // Always get the raw type parameter, let unwrap() solve for what it is",matched,623.5999999999999,520,697.1999999999999,540,660.3999999999999,530.0
296ae32d-0054-4015-96e7-3571a732eb69,25,967,381.0,381.0,215,65,unwrap(),"                // Always get the raw type parameter, let unwrap() solve for what it is",matched,623.5999999999999,520,697.1999999999999,540,660.3999999999999,530.0
5ddd3516-d6e7-4226-bd82-3474f2ef25ca,25,940,275.0,275.0,215,67,WHITESPACE,"                // Always get the raw type parameter, let unwrap() solve for what it is",approx_whitespace,780.0,520,789.1999999999999,540,784.5999999999999,530.0
32067770-3d48-47fc-a3d2-2048a59e7655,25,939,305.0,305.0,215,68,solve,"                // Always get the raw type parameter, let unwrap() solve for what it is",matched,706.4,520,752.4,540,729.4,530.0
dc9ff549-1d62-442f-80a0-232557a184de,25,942,257.0,257.0,215,68,solve,"                // Always get the raw type parameter, let unwrap() solve for what it is",matched,706.4,520,752.4,540,729.4,530.0
b1c33cdd-2f60-41e9-a187-b45dcd556676,25,959,125.0,125.0,215,68,solve,"                // Always get the raw type parameter, let unwrap() solve for what it is",matched,706.4,520,752.4,540,729.4,530.0
c8a77419-2d39-467a-9243-cc2805dc8583,25,964,310.0,310.0,215,68,solve,"                // Always get the raw type parameter, let unwrap() solve for what it is",matched,706.4,520,752.4,540,729.4,530.0
fc0d3259-3478-4624-9e90-4d0845780708,25,1056,111.0,111.0,215,68,solve,"                // Always get the raw type parameter, let unwrap() solve for what it is",matched,706.4,520,752.4,540,729.4,530.0
eb992ae1-1456-421d-8d2f-f328a9fc9568,25,934,259.0,259.0,215,70,solve,"                // Always get the raw type parameter, let unwrap() solve for what it is",matched,706.4,520,752.4,540,729.4,530.0
6a831a76-e6ac-4ee3-88f6-9b4151143d0c,25,962,560.0,560.0,215,70,solve,"                // Always get the raw type parameter, let unwrap() solve for what it is",matched,706.4,520,752.4,540,729.4,530.0
99cacd47-c0ef-44ee-b000-c0e7e5b5a813,25,945,834.0,834.0,215,71,solve,"                // Always get the raw type parameter, let unwrap() solve for what it is",matched,706.4,520,752.4,540,729.4,530.0
cf8f41a1-0f0b-4fa5-a653-d2ae88135081,25,968,306.0,306.0,215,71,solve,"                // Always get the raw type parameter, let unwrap() solve for what it is",matched,706.4,520,752.4,540,729.4,530.0
5b8566d8-bcd6-4ede-9c1d-6bc68a5cec81,25,1063,310.0,310.0,215,71,solve,"                // Always get the raw type parameter, let unwrap() solve for what it is",matched,706.4,520,752.4,540,729.4,530.0
9c43667f-24ff-4170-b4d4-c9afe3a225cb,25,963,167.0,167.0,215,74,for,"                // Always get the raw type parameter, let unwrap() solve for what it is",matched,761.5999999999999,520,789.1999999999999,540,775.3999999999999,530.0
a5bc0a07-858b-4b3c-8fc8-81547f5f2bb4,25,965,376.0,376.0,215,74,for,"                // Always get the raw type parameter, let unwrap() solve for what it is",matched,761.5999999999999,520,789.1999999999999,540,775.3999999999999,530.0
447bc7c2-3f5c-48f1-a91d-9a98da04d753,25,1062,201.0,201.0,215,76,for,"                // Always get the raw type parameter, let unwrap() solve for what it is",matched,761.5999999999999,520,789.1999999999999,540,775.3999999999999,530.0
41468b43-c2eb-4739-9d2f-2f69081ed5fe,25,1169,183.0,183.0,215,77,WHITESPACE,"                // Always get the raw type parameter, let unwrap() solve for what it is",approx_whitespace,881.1999999999999,520,890.4,540,885.8,530.0
99765c71-aeb9-4c4e-a2fe-91ad152050d4,25,1050,259.0,259.0,215,79,what,"                // Always get the raw type parameter, let unwrap() solve for what it is",matched,798.4,520,835.1999999999999,540,816.8,530.0
b566f42b-435b-45dd-834c-992b0a88cad1,25,1064,257.0,257.0,215,79,what,"                // Always get the raw type parameter, let unwrap() solve for what it is",matched,798.4,520,835.1999999999999,540,816.8,530.0
34c63c31-3661-41f8-acd2-00bcc4915b87,25,1054,437.0,437.0,215,81,what,"                // Always get the raw type parameter, let unwrap() solve for what it is",matched,798.4,520,835.1999999999999,540,816.8,530.0
3446a6d6-d383-479d-884c-a21cfa361fde,25,1052,117.0,117.0,215,86,is,"                // Always get the raw type parameter, let unwrap() solve for what it is",matched,871.9999999999999,520,890.4,540,881.1999999999999,530.0
b740bf8d-a9d3-4c39-b931-23c52564deb7,25,354,219.0,219.0,216,22,setGenericFromType,"                ref.setGenericFromType(ptype.getActualTypeArguments()[0],0);",matched,274.0,540,439.59999999999997,560,356.79999999999995,550.0
4350225b-3d92-4dd5-84c6-d195eec2ac6b,25,322,572.0,572.0,216,26,setGenericFromType,"                ref.setGenericFromType(ptype.getActualTypeArguments()[0],0);",matched,274.0,540,439.59999999999997,560,356.79999999999995,550.0
ac4811ac-4cf8-43ea-8ed6-01c842241997,25,594,468.0,468.0,216,26,setGenericFromType,"                ref.setGenericFromType(ptype.getActualTypeArguments()[0],0);",matched,274.0,540,439.59999999999997,560,356.79999999999995,550.0
ae4eb9a9-1877-4722-982e-8b204b8e951f,25,197,1174.0,1174.0,216,28,setGenericFromType,"                ref.setGenericFromType(ptype.getActualTypeArguments()[0],0);",matched,274.0,540,439.59999999999997,560,356.79999999999995,550.0
2bc574bf-e703-4e0d-8276-3ae1310662af,25,925,327.0,327.0,216,31,setGenericFromType,"                ref.setGenericFromType(ptype.getActualTypeArguments()[0],0);",matched,274.0,540,439.59999999999997,560,356.79999999999995,550.0
ef27e259-b2d6-4237-aa21-0985dcec5a9d,25,1165,352.0,352.0,216,31,setGenericFromType,"                ref.setGenericFromType(ptype.getActualTypeArguments()[0],0);",matched,274.0,540,439.59999999999997,560,356.79999999999995,550.0
797755ac-a8a1-4abd-8c53-fce1a89b2a71,25,358,949.0,949.0,216,32,setGenericFromType,"                ref.setGenericFromType(ptype.getActualTypeArguments()[0],0);",matched,274.0,540,439.59999999999997,560,356.79999999999995,550.0
ad1bcfe1-48ed-4d94-aa11-075d0bcb1a73,25,321,147.0,147.0,216,33,setGenericFromType,"                ref.setGenericFromType(ptype.getActualTypeArguments()[0],0);",matched,274.0,540,439.59999999999997,560,356.79999999999995,550.0
9bdc67aa-c493-49c9-ae92-b3e6b48dcd3a,25,357,318.0,318.0,216,35,setGenericFromType,"                ref.setGenericFromType(ptype.getActualTypeArguments()[0],0);",matched,274.0,540,439.59999999999997,560,356.79999999999995,550.0
26c38e8d-465c-4a5a-b9e4-83fc55052986,25,1066,117.0,117.0,216,36,setGenericFromType,"                ref.setGenericFromType(ptype.getActualTypeArguments()[0],0);",matched,274.0,540,439.59999999999997,560,356.79999999999995,550.0
60868430-2cf9-438d-b12e-5e30e8b3da29,25,595,84.0,84.0,216,37,setGenericFromType,"                ref.setGenericFromType(ptype.getActualTypeArguments()[0],0);",matched,274.0,540,439.59999999999997,560,356.79999999999995,550.0
d52bf01a-82f9-4890-b276-550c15a65fa5,25,1201,312.0,312.0,216,40,ptype,"                ref.setGenericFromType(ptype.getActualTypeArguments()[0],0);",matched,448.79999999999995,540,494.79999999999995,560,471.79999999999995,550.0
470d50e6-c7c0-4307-b2b2-1bd184f054be,25,62,190.0,190.0,216,43,ptype,"                ref.setGenericFromType(ptype.getActualTypeArguments()[0],0);",matched,448.79999999999995,540,494.79999999999995,560,471.79999999999995,550.0
1702f2aa-7c55-4d94-a9f1-b5db0722cc91,25,596,88.0,88.0,216,43,ptype,"                ref.setGenericFromType(ptype.getActualTypeArguments()[0],0);",matched,448.79999999999995,540,494.79999999999995,560,471.79999999999995,550.0
6e828cde-c044-44df-9fd6-339bb916b9d4,25,1065,276.0,276.0,216,46,getActualTypeArguments,"                ref.setGenericFromType(ptype.getActualTypeArguments()[0],0);",matched,503.99999999999994,540,706.4,560,605.1999999999999,550.0
5e3c32cd-079d-4d5d-a90c-5f8bc414508f,25,103,148.0,148.0,216,47,getActualTypeArguments,"                ref.setGenericFromType(ptype.getActualTypeArguments()[0],0);",matched,503.99999999999994,540,706.4,560,605.1999999999999,550.0
8fbf40e1-bf04-44e4-aa48-ecd7ea9568d0,25,1202,197.0,197.0,216,47,getActualTypeArguments,"                ref.setGenericFromType(ptype.getActualTypeArguments()[0],0);",matched,503.99999999999994,540,706.4,560,605.1999999999999,550.0
fe57944a-61ee-40bc-afb8-61833da52455,25,359,183.0,183.0,216,48,getActualTypeArguments,"                ref.setGenericFromType(ptype.getActualTypeArguments()[0],0);",matched,503.99999999999994,540,706.4,560,605.1999999999999,550.0
76351aec-4b01-4f5f-950f-f9a614654c15,25,361,320.0,320.0,216,48,getActualTypeArguments,"                ref.setGenericFromType(ptype.getActualTypeArguments()[0],0);",matched,503.99999999999994,540,706.4,560,605.1999999999999,550.0
593502dd-0f0e-46c3-9ea2-1be2696ab3e5,25,198,117.0,117.0,216,50,getActualTypeArguments,"                ref.setGenericFromType(ptype.getActualTypeArguments()[0],0);",matched,503.99999999999994,540,706.4,560,605.1999999999999,550.0
715a7e4c-d55b-40c0-a4b2-b85c9eac10f6,25,212,444.0,444.0,216,52,getActualTypeArguments,"                ref.setGenericFromType(ptype.getActualTypeArguments()[0],0);",matched,503.99999999999994,540,706.4,560,605.1999999999999,550.0
cc2b827f-0b56-40bf-a637-74df91f6b80c,25,202,593.0,593.0,216,54,getActualTypeArguments,"                ref.setGenericFromType(ptype.getActualTypeArguments()[0],0);",matched,503.99999999999994,540,706.4,560,605.1999999999999,550.0
ddafb2c7-ce5f-4bcf-9b4f-8e1ebf708f35,25,320,504.0,504.0,216,54,getActualTypeArguments,"                ref.setGenericFromType(ptype.getActualTypeArguments()[0],0);",matched,503.99999999999994,540,706.4,560,605.1999999999999,550.0
66fc6220-fe27-4e85-a906-85fdce89deeb,25,362,236.0,236.0,216,55,getActualTypeArguments,"                ref.setGenericFromType(ptype.getActualTypeArguments()[0],0);",matched,503.99999999999994,540,706.4,560,605.1999999999999,550.0
7bfdd43c-acc9-4de5-b30e-52ccfe11d2fd,25,952,562.0,562.0,216,56,getActualTypeArguments,"                ref.setGenericFromType(ptype.getActualTypeArguments()[0],0);",matched,503.99999999999994,540,706.4,560,605.1999999999999,550.0
c2723105-a72f-4662-8edc-52c755b8e9cc,25,201,222.0,222.0,216,57,getActualTypeArguments,"                ref.setGenericFromType(ptype.getActualTypeArguments()[0],0);",matched,503.99999999999994,540,706.4,560,605.1999999999999,550.0
11a7dabe-1491-4b99-8326-993ecbafc2be,25,924,235.0,235.0,216,59,getActualTypeArguments,"                ref.setGenericFromType(ptype.getActualTypeArguments()[0],0);",matched,503.99999999999994,540,706.4,560,605.1999999999999,550.0
4530bc8a-4079-478a-a990-e2f09523f860,25,1199,232.0,232.0,216,60,getActualTypeArguments,"                ref.setGenericFromType(ptype.getActualTypeArguments()[0],0);",matched,503.99999999999994,540,706.4,560,605.1999999999999,550.0
d371c541-c153-4497-951f-7cc0a1dcb52e,25,360,137.0,137.0,216,61,getActualTypeArguments,"                ref.setGenericFromType(ptype.getActualTypeArguments()[0],0);",matched,503.99999999999994,540,706.4,560,605.1999999999999,550.0
b54f3ddc-489c-47d7-a61e-43aaf8c971e5,25,381,116.0,116.0,216,61,getActualTypeArguments,"                ref.setGenericFromType(ptype.getActualTypeArguments()[0],0);",matched,503.99999999999994,540,706.4,560,605.1999999999999,550.0
fef0d632-f8a4-4379-a0e1-06c522b2e5e7,25,63,421.0,421.0,216,62,getActualTypeArguments,"                ref.setGenericFromType(ptype.getActualTypeArguments()[0],0);",matched,503.99999999999994,540,706.4,560,605.1999999999999,550.0
fa7668cc-3267-44d6-bb13-f4fb531dedad,25,363,110.0,110.0,216,62,getActualTypeArguments,"                ref.setGenericFromType(ptype.getActualTypeArguments()[0],0);",matched,503.99999999999994,540,706.4,560,605.1999999999999,550.0
79fcc1be-e3e7-49b4-9992-350fe2f56368,25,953,280.0,280.0,216,62,getActualTypeArguments,"                ref.setGenericFromType(ptype.getActualTypeArguments()[0],0);",matched,503.99999999999994,540,706.4,560,605.1999999999999,550.0
cba25104-d1df-4ae5-ae85-ad56593ee883,25,951,139.0,139.0,216,63,getActualTypeArguments,"                ref.setGenericFromType(ptype.getActualTypeArguments()[0],0);",matched,503.99999999999994,540,706.4,560,605.1999999999999,550.0
0a6f42a6-f4ce-429c-bf7b-c40433079643,25,199,166.0,166.0,216,64,getActualTypeArguments,"                ref.setGenericFromType(ptype.getActualTypeArguments()[0],0);",matched,503.99999999999994,540,706.4,560,605.1999999999999,550.0
ca5364e8-d34a-48dc-8ccc-7168295cc286,25,922,132.0,132.0,216,66,getActualTypeArguments,"                ref.setGenericFromType(ptype.getActualTypeArguments()[0],0);",matched,503.99999999999994,540,706.4,560,605.1999999999999,550.0
4f1962f0-aa7c-4ab5-9967-3ccc98344244,25,950,209.0,209.0,216,67,getActualTypeArguments,"                ref.setGenericFromType(ptype.getActualTypeArguments()[0],0);",matched,503.99999999999994,540,706.4,560,605.1999999999999,550.0
6012d928-6f99-4ac0-a548-a3a65317bab4,25,1198,169.0,169.0,216,69,(),"                ref.setGenericFromType(ptype.getActualTypeArguments()[0],0);",matched,706.4,540,724.8,560,715.5999999999999,550.0
f9f6324f-800d-427f-9aa4-a5826c95496a,25,364,293.0,293.0,216,70,[0],"                ref.setGenericFromType(ptype.getActualTypeArguments()[0],0);",matched,724.8,540,752.4,560,738.5999999999999,550.0
14d7e787-9d08-41a4-9f7a-5170a1063587,25,1200,83.0,83.0,216,71,[0],"                ref.setGenericFromType(ptype.getActualTypeArguments()[0],0);",matched,724.8,540,752.4,560,738.5999999999999,550.0
83c3bed0-9bc9-4d2d-b0da-88c9588458e0,25,200,102.0,102.0,216,72,[0],"                ref.setGenericFromType(ptype.getActualTypeArguments()[0],0);",matched,724.8,540,752.4,560,738.5999999999999,550.0
efa884ca-a15c-413d-86a3-5fc6a36d2322,25,923,113.0,113.0,216,72,[0],"                ref.setGenericFromType(ptype.getActualTypeArguments()[0],0);",matched,724.8,540,752.4,560,738.5999999999999,550.0
936dd054-9cf1-4ec7-bcdd-f0231cdff8fa,25,213,202.0,202.0,216,75,),"                ref.setGenericFromType(ptype.getActualTypeArguments()[0],0);",matched,715.5999999999999,540,724.8,560,720.1999999999999,550.0
e86c7edd-ddcf-4034-a06f-38eb21e904e9,25,1154,171.0,171.0,217,16,WHITESPACE,                return true;,approx_whitespace,264.79999999999995,560,274.0,580,269.4,570.0
7d21cf1f-1650-4145-8fee-f882c27cec09,25,69,113.0,113.0,217,21,return,                return true;,matched,237.2,560,292.4,580,264.79999999999995,570.0
99b2e40f-d451-480c-95c5-ea13dd9e0b9f,25,65,1191.0,1191.0,217,23,WHITESPACE,                return true;,approx_whitespace,338.4,560,347.59999999999997,580,343.0,570.0
56fadb98-3553-4c4d-98ed-b76ec9544df4,25,1196,180.0,180.0,217,23,WHITESPACE,                return true;,approx_whitespace,338.4,560,347.59999999999997,580,343.0,570.0
5554c861-3e3c-47da-8d46-e161764bfb3c,25,64,434.0,434.0,217,24,true;,                return true;,matched,301.6,560,347.59999999999997,580,324.6,570.0
25bd09cb-71b9-46ec-a41c-1cfa097356d5,25,1014,187.0,187.0,217,25,true;,                return true;,matched,301.6,560,347.59999999999997,580,324.6,570.0
42ec2c1a-e48d-4c20-adf8-664fd14db2f6,25,61,215.0,215.0,217,26,true;,                return true;,matched,301.6,560,347.59999999999997,580,324.6,570.0
3dd8274f-c112-48f6-8e4f-0c533c1b1908,25,68,84.0,84.0,217,26,true;,                return true;,matched,301.6,560,347.59999999999997,580,324.6,570.0
84c57048-dda8-4c3e-af49-9a1b54812ddc,25,70,149.0,149.0,219,16,else,            else,matched,200.39999999999998,600,237.2,620,218.79999999999998,610.0
1e6237ec-a8c6-4233-ad3a-40599fbb2b0d,25,1193,135.0,135.0,219,16,else,            else,matched,200.39999999999998,600,237.2,620,218.79999999999998,610.0
3cf8644e-b649-41c2-b8d8-285d0497f374,25,67,93.0,93.0,221,20,Keep,                // Keep digging,matched,264.79999999999995,640,301.6,660,283.2,650.0
25e1bf6d-148a-4b69-83b2-d0f713bdcc88,25,1194,290.0,290.0,221,22,Keep,                // Keep digging,matched,264.79999999999995,640,301.6,660,283.2,650.0
f24488c6-49ed-4f66-bd14-9bf28a0d1c8e,25,1075,359.0,359.0,221,23,Keep,                // Keep digging,matched,264.79999999999995,640,301.6,660,283.2,650.0
25da7c85-c860-47be-a746-e86afdba528c,25,598,270.0,270.0,221,26,digging,                // Keep digging,matched,310.79999999999995,640,375.2,660,343.0,650.0
3ff977e7-e074-4e08-87f0-d62a52c8373b,25,1010,184.0,184.0,221,26,digging,                // Keep digging,matched,310.79999999999995,640,375.2,660,343.0,650.0
17c66a05-e793-4afd-8968-1783e5d24572,25,994,927.0,927.0,221,27,digging,                // Keep digging,matched,310.79999999999995,640,375.2,660,343.0,650.0
41604c17-aadb-4b2b-a419-ccdd304c541c,25,597,90.0,90.0,222,17,return,"                return resolveGenericRef(ref,rawType);",matched,237.2,660,292.4,680,264.79999999999995,670.0
9a68d59b-cb87-483e-8c44-3745f826e3f1,25,96,183.0,183.0,222,21,return,"                return resolveGenericRef(ref,rawType);",matched,237.2,660,292.4,680,264.79999999999995,670.0
93de87bc-1123-41ff-ad83-1b40ffe2d179,25,1072,267.0,267.0,222,22,return,"                return resolveGenericRef(ref,rawType);",matched,237.2,660,292.4,680,264.79999999999995,670.0
72009706-f938-47ea-85a1-b54d0063d88e,25,1159,121.0,121.0,222,24,resolveGenericRef,"                return resolveGenericRef(ref,rawType);",matched,301.6,660,458.0,680,379.8,670.0
f5d423d7-c47a-400e-97e9-4710dae4b087,25,211,216.0,216.0,222,25,resolveGenericRef,"                return resolveGenericRef(ref,rawType);",matched,301.6,660,458.0,680,379.8,670.0
80c86e4d-d733-4713-abba-af96ad592d7a,25,1078,106.0,106.0,222,25,resolveGenericRef,"                return resolveGenericRef(ref,rawType);",matched,301.6,660,458.0,680,379.8,670.0
8891503b-7d0c-4712-8f62-52b0963f8070,25,1031,1608.0,1608.0,222,26,resolveGenericRef,"                return resolveGenericRef(ref,rawType);",matched,301.6,660,458.0,680,379.8,670.0
83a5ff19-da1d-4bf5-8356-a363f9b9fe33,25,980,297.0,297.0,222,27,resolveGenericRef,"                return resolveGenericRef(ref,rawType);",matched,301.6,660,458.0,680,379.8,670.0
0e68dcc4-66be-48fb-9ee0-5ca786348f48,25,355,144.0,144.0,222,28,resolveGenericRef,"                return resolveGenericRef(ref,rawType);",matched,301.6,660,458.0,680,379.8,670.0
52410a1f-0434-4791-8787-1eaa45973f97,25,1161,243.0,243.0,222,28,resolveGenericRef,"                return resolveGenericRef(ref,rawType);",matched,301.6,660,458.0,680,379.8,670.0
ec632c1c-0d16-4b5e-83d6-7f40c816478b,25,97,292.0,292.0,222,29,resolveGenericRef,"                return resolveGenericRef(ref,rawType);",matched,301.6,660,458.0,680,379.8,670.0
96dcd0eb-e925-48a4-81f9-bceb449c54ba,25,1073,97.0,97.0,222,30,resolveGenericRef,"                return resolveGenericRef(ref,rawType);",matched,301.6,660,458.0,680,379.8,670.0
bee6deb9-908a-4c67-9d07-e2661bb84c9e,25,323,354.0,354.0,222,31,resolveGenericRef,"                return resolveGenericRef(ref,rawType);",matched,301.6,660,458.0,680,379.8,670.0
6e2ad83e-d2ee-4c12-9f33-8b2419b8bc2f,25,1067,144.0,144.0,222,31,resolveGenericRef,"                return resolveGenericRef(ref,rawType);",matched,301.6,660,458.0,680,379.8,670.0
87771d4e-837b-4053-9993-d6b0de375c17,25,1164,357.0,357.0,222,31,resolveGenericRef,"                return resolveGenericRef(ref,rawType);",matched,301.6,660,458.0,680,379.8,670.0
1034651a-63a6-44a3-9acf-b33ad52d2a0a,25,1013,143.0,143.0,222,32,resolveGenericRef,"                return resolveGenericRef(ref,rawType);",matched,301.6,660,458.0,680,379.8,670.0
c974b924-53ae-47a0-92a8-8a49f5df8ad7,25,66,174.0,174.0,222,33,resolveGenericRef,"                return resolveGenericRef(ref,rawType);",matched,301.6,660,458.0,680,379.8,670.0
fa1bd8e9-7648-47b0-83cc-5c47469b8256,25,1160,287.0,287.0,222,33,resolveGenericRef,"                return resolveGenericRef(ref,rawType);",matched,301.6,660,458.0,680,379.8,670.0
ece93ab8-6092-4734-a20a-425eeed75c2b,25,324,625.0,625.0,222,37,resolveGenericRef,"                return resolveGenericRef(ref,rawType);",matched,301.6,660,458.0,680,379.8,670.0
d406e4d6-92da-4af1-8cb5-268b19310c07,25,1074,153.0,153.0,222,38,resolveGenericRef,"                return resolveGenericRef(ref,rawType);",matched,301.6,660,458.0,680,379.8,670.0
add9747d-2f65-4aba-a6df-a1ec890f712f,25,1163,99.0,99.0,222,39,resolveGenericRef,"                return resolveGenericRef(ref,rawType);",matched,301.6,660,458.0,680,379.8,670.0
b7719e0b-1b4d-4c4e-adee-4cffb265a3a9,25,1162,133.0,133.0,222,45,",","                return resolveGenericRef(ref,rawType);",matched,494.79999999999995,660,503.99999999999994,680,499.4,670.0
96d7354c-9bba-4d18-9463-41de9866281d,25,1197,327.0,327.0,222,47,rawType,"                return resolveGenericRef(ref,rawType);",matched,503.99999999999994,660,568.4,680,536.1999999999999,670.0
ae94cda5-7977-4d7c-9b9f-38442d9587a1,25,1030,159.0,159.0,225,16,false;,        return false;,matched,228.0,720,283.2,740,255.6,730.0
d29f5d58-16f9-4500-8362-86ca77e869a2,25,1015,143.0,143.0,225,18,false;,        return false;,matched,228.0,720,283.2,740,255.6,730.0
e800c473-1986-45c5-8c2c-f816f91fa219,25,1195,596.0,596.0,225,19,false;,        return false;,matched,228.0,720,283.2,740,255.6,730.0
d80f686a-ad54-4f17-8a60-02eb73c005f8,25,1173,952.0,952.0,225,20,false;,        return false;,matched,228.0,720,283.2,740,255.6,730.0
7ac71c02-3204-4503-a06b-9013da258f6e,25,1172,476.0,476.0,225,21,false;,        return false;,matched,228.0,720,283.2,740,255.6,730.0
